timestamp,client_id,epoch,step,loss,acc,latency_s,MB_tx,MB_rx
1760902099.1870434,1,0,0,2.3010354042053223,0.125,0.4631340503692627,0.03125,0.03125
1760902099.3542511,1,0,1,2.264878273010254,0.1171875,0.1622142791748047,0.03125,0.03125
1760902099.5045214,2,0,0,2.3157763481140137,0.0625,0.3695824146270752,0.03125,0.03125
1760902099.5434282,1,0,2,2.3105392456054688,0.0989583358168602,0.18696260452270508,0.03125,0.03125
1760902099.6765501,2,0,1,2.312899112701416,0.09375,0.16902852058410645,0.03125,0.03125
1760902099.7531583,1,0,3,2.35374116897583,0.125,0.20199275016784668,0.03125,0.03125
1760902099.862076,2,0,2,2.2728779315948486,0.0989583358168602,0.18112468719482422,0.03125,0.03125
1760902099.9746547,1,0,4,2.312150478363037,0.11249999701976776,0.18192386627197266,0.03125,0.03125
1760902100.0715847,2,0,3,2.3117833137512207,0.09765625,0.1703329086303711,0.03125,0.03125
1760902100.1865196,1,0,5,2.346649408340454,0.1119791641831398,0.18368268013000488,0.03125,0.03125
1760902100.272383,2,0,4,2.304661273956299,0.10000000149011612,0.19700336456298828,0.03125,0.03125
1760902100.3732643,1,0,6,2.27107834815979,0.1138392835855484,0.18334484100341797,0.03125,0.03125
1760902100.4895158,2,0,5,2.273472309112549,0.1015625,0.1763627529144287,0.03125,0.03125
1760902100.6098998,1,0,7,2.3086788654327393,0.115234375,0.20075345039367676,0.03125,0.03125
1760902100.7071354,2,0,6,2.2854413986206055,0.109375,0.21411490440368652,0.03125,0.03125
1760902100.7071354,3,0,0,2.3030943870544434,0.0625,0.3929886817932129,0.03125,0.03125
1760902100.8097403,1,0,8,2.2603025436401367,0.125,0.1759507656097412,0.03125,0.03125
1760902100.9229403,2,0,7,2.246316909790039,0.111328125,0.1947178840637207,0.03125,0.03125
1760902100.9565344,3,0,1,2.2764878273010254,0.125,0.22831201553344727,0.03125,0.03125
1760902101.0309536,1,0,9,2.3061861991882324,0.12968750298023224,0.18825674057006836,0.03125,0.03125
1760902101.144609,2,0,8,2.272292375564575,0.1128472238779068,0.19019365310668945,0.03125,0.03125
1760902101.193456,3,0,2,2.310427188873291,0.1302083283662796,0.23071503639221191,0.03125,0.03125
1760902101.291256,1,0,10,2.326507806777954,0.12642045319080353,0.19156503677368164,0.03125,0.03125
1760902101.357443,2,0,9,2.258342981338501,0.11406250298023224,0.2088327407836914,0.03125,0.03125
1760902101.4262905,3,0,3,2.3434345722198486,0.14453125,0.2111353874206543,0.03125,0.03125
1760902101.4952593,1,0,11,2.3209121227264404,0.1263020783662796,0.20067691802978516,0.03125,0.03125
1760902101.5569053,2,0,10,2.249905824661255,0.11221590638160706,0.19256091117858887,0.03125,0.03125
1760902101.6445174,3,0,4,2.364384174346924,0.12812499701976776,0.20996570587158203,0.03125,0.03125
1760902101.7107491,1,0,12,2.2948951721191406,0.12259615212678909,0.21094822883605957,0.03125,0.03125
1760902101.772931,2,0,11,2.2511425018310547,0.1119791641831398,0.19666433334350586,0.03125,0.03125
1760902101.8410263,3,0,5,2.247188091278076,0.1276041716337204,0.19449591636657715,0.03125,0.03125
1760902101.9059532,1,0,13,2.293503522872925,0.125,0.18973660469055176,0.03125,0.03125
1760902101.9699018,2,0,12,2.1601829528808594,0.12019230425357819,0.18942761421203613,0.03125,0.03125
1760902102.0417304,3,0,6,2.304882049560547,0.1339285671710968,0.19393253326416016,0.03125,0.03125
1760902102.1050856,1,0,14,2.300311326980591,0.12604166567325592,0.1898484230041504,0.03125,0.03125
1760902102.1762767,2,0,13,2.1810007095336914,0.1238839253783226,0.19737958908081055,0.03125,0.03125
1760902102.2379653,3,0,7,2.274632215499878,0.140625,0.18944287300109863,0.03125,0.03125
1760902102.3071022,1,0,15,2.2923221588134766,0.1220703125,0.19231247901916504,0.03125,0.03125
1760902102.3868682,2,0,14,2.2240028381347656,0.125,0.20673489570617676,0.03125,0.03125
1760902102.4619253,3,0,8,2.2793946266174316,0.1458333283662796,0.2165517807006836,0.03125,0.03125
1760902102.5214138,1,0,16,2.27498722076416,0.12408088147640228,0.20779991149902344,0.03125,0.03125
1760902102.590778,2,0,15,2.219041109085083,0.12890625,0.19962501525878906,0.03125,0.03125
1760902102.6867537,3,0,9,2.259127140045166,0.15000000596046448,0.22145867347717285,0.03125,0.03125
1760902102.7520332,1,0,17,2.284471035003662,0.1276041716337204,0.21688127517700195,0.03125,0.03125
1760902102.8185787,2,0,16,2.1550838947296143,0.13419117033481598,0.2121117115020752,0.03125,0.03125
1760902102.9246504,3,0,10,2.2753047943115234,0.14772726595401764,0.23159384727478027,0.03125,0.03125
1760902103.0166404,1,0,18,2.2707910537719727,0.13075657188892365,0.25441551208496094,0.03125,0.03125
1760902103.1174748,2,0,17,2.1746249198913574,0.1397569477558136,0.28096604347229004,0.03125,0.03125
1760902103.2119632,3,0,11,2.241879940032959,0.1471354216337204,0.2691824436187744,0.03125,0.03125
1760902103.2926812,1,0,19,2.2416088581085205,0.13437500596046448,0.2547323703765869,0.03125,0.03125
1760902103.3704755,2,0,18,2.1314010620117188,0.14555920660495758,0.23600006103515625,0.03125,0.03125
1760902103.453662,3,0,12,2.2285890579223633,0.15024039149284363,0.222855806350708,0.03125,0.03125
1760902103.52575,1,0,20,2.284195899963379,0.134672611951828,0.2173447608947754,0.03125,0.03125
1760902103.6080806,2,0,19,2.210862636566162,0.14374999701976776,0.2145686149597168,0.03125,0.03125
1760902103.6813953,3,0,13,2.2117016315460205,0.1551339328289032,0.21905279159545898,0.03125,0.03125
1760902103.7666383,1,0,21,2.252141237258911,0.1384943127632141,0.22049713134765625,0.03125,0.03125
1760902103.8398528,2,0,20,2.1579513549804688,0.1443452388048172,0.20949101448059082,0.03125,0.03125
1760902103.9611742,3,0,14,2.2375197410583496,0.15625,0.26107311248779297,0.03125,0.03125
1760902104.0402174,1,0,22,2.295835018157959,0.135869562625885,0.2562270164489746,0.03125,0.03125
1760902104.1113052,2,0,21,2.063596248626709,0.14559659361839294,0.23821306228637695,0.03125,0.03125
1760902104.1959238,3,0,15,2.191209077835083,0.16015625,0.21911954879760742,0.03125,0.03125
1760902104.2609088,1,0,23,2.2780838012695312,0.1354166716337204,0.20494604110717773,0.03125,0.03125
1760902104.3753676,2,0,22,1.9863932132720947,0.151494562625885,0.2409956455230713,0.03125,0.03125
1760902104.4823658,3,0,16,2.1627304553985596,0.1663602888584137,0.27070140838623047,0.03125,0.03125
1760902104.5314214,1,0,24,2.261967182159424,0.1368750035762787,0.23918938636779785,0.03125,0.03125
1760902104.619253,2,0,23,2.077542781829834,0.1555989533662796,0.2148275375366211,0.03125,0.03125
1760902104.680434,3,0,17,2.2096242904663086,0.1657986044883728,0.19542479515075684,0.03125,0.03125
1760902104.770671,1,0,25,2.237807273864746,0.14182692766189575,0.2191934585571289,0.03125,0.03125
1760902104.843794,2,0,24,1.9746843576431274,0.1599999964237213,0.20809507369995117,0.03125,0.03125
1760902104.9501467,3,0,18,2.224160671234131,0.16694079339504242,0.2494640350341797,0.03125,0.03125
1760902105.037493,1,0,26,2.2129175662994385,0.14467592537403107,0.24982476234436035,0.03125,0.03125
1760902105.107898,2,0,25,1.9968067407608032,0.16466346383094788,0.23825359344482422,0.03125,0.03125
1760902105.1823885,3,0,19,2.1594016551971436,0.16718749701976776,0.21271729469299316,0.03125,0.03125
1760902105.2624097,1,0,27,2.1768147945404053,0.1478794664144516,0.2106931209564209,0.03125,0.03125
1760902105.3411653,2,0,26,2.020923614501953,0.16724537312984467,0.21106553077697754,0.03125,0.03125
1760902105.4407887,3,0,20,2.070446014404297,0.1703869104385376,0.2358555793762207,0.03125,0.03125
1760902105.4937384,1,0,28,2.212534189224243,0.14816810190677643,0.21424484252929688,0.03125,0.03125
1760902105.573601,2,0,27,2.0258898735046387,0.16796875,0.20693755149841309,0.03125,0.03125
1760902105.649232,3,0,21,2.093125104904175,0.17471590638160706,0.19865036010742188,0.03125,0.03125
1760902105.736975,1,0,29,2.151268243789673,0.15156249701976776,0.21308135986328125,0.03125,0.03125
1760902105.809094,2,0,28,2.149339199066162,0.16864223778247833,0.2117161750793457,0.03125,0.03125
1760902105.8864384,3,0,22,2.0530271530151367,0.18002717196941376,0.22128653526306152,0.03125,0.03125
1760902105.9779646,1,0,30,2.1537506580352783,0.14919355511665344,0.2230367660522461,0.03125,0.03125
1760902106.0408826,2,0,29,2.118441104888916,0.17239584028720856,0.23178863525390625,0.03125,0.03125
1760902106.134972,3,0,23,2.1247763633728027,0.1803385466337204,0.2294330596923828,0.03125,0.03125
1760902106.2184253,1,0,31,2.105201482772827,0.1533203125,0.22195172309875488,0.03125,0.03125
1760902106.3087103,2,0,30,1.9223620891571045,0.1728830635547638,0.2443523406982422,0.03125,0.03125
1760902106.3962266,3,0,24,1.9419353008270264,0.1837500035762787,0.23842859268188477,0.03125,0.03125
1760902106.4694517,1,0,32,2.076073169708252,0.15482954680919647,0.22503280639648438,0.03125,0.03125
1760902106.531123,2,0,31,2.1651687622070312,0.17578125,0.20915699005126953,0.03125,0.03125
1760902106.6065042,3,0,25,2.0665435791015625,0.1850961595773697,0.20035028457641602,0.03125,0.03125
1760902106.6857765,1,0,33,2.1460213661193848,0.15579044818878174,0.20568275451660156,0.03125,0.03125
1760902106.758646,2,0,32,1.9215714931488037,0.17850378155708313,0.20643138885498047,0.03125,0.03125
1760902106.855744,3,0,26,1.9450645446777344,0.18981482088565826,0.23180532455444336,0.03125,0.03125
1760902106.9474208,1,0,34,2.195246696472168,0.15580357611179352,0.24931645393371582,0.03125,0.03125
1760902107.0151494,2,0,33,2.2338943481445312,0.17922794818878174,0.22294402122497559,0.03125,0.03125
1760902107.116515,3,0,27,1.9549428224563599,0.1919642835855484,0.23491597175598145,0.03125,0.03125
1760902107.1961217,1,0,35,2.030473470687866,0.1597222238779068,0.2293078899383545,0.03125,0.03125
1760902107.2687283,2,0,34,2.085991382598877,0.17946428060531616,0.22261261940002441,0.03125,0.03125
1760902107.3383732,3,0,28,2.0970873832702637,0.19396552443504333,0.20434117317199707,0.03125,0.03125
1760902107.4220562,1,0,36,2.202409267425537,0.16131757199764252,0.20247864723205566,0.03125,0.03125
1760902107.4977944,2,0,35,2.089855670928955,0.1827256977558136,0.20738792419433594,0.03125,0.03125
1760902107.5587177,3,0,29,1.972069263458252,0.19322916865348816,0.20424556732177734,0.03125,0.03125
1760902107.6337178,1,0,37,1.9969062805175781,0.16447368264198303,0.19519662857055664,0.03125,0.03125
1760902107.697478,2,0,36,2.0132369995117188,0.18581080436706543,0.18853068351745605,0.03125,0.03125
1760902107.815997,3,0,30,2.174226999282837,0.19203628599643707,0.23652863502502441,0.03125,0.03125
1760902107.8754115,1,0,38,2.1382532119750977,0.1638621836900711,0.22561049461364746,0.03125,0.03125
1760902107.9463847,2,0,37,2.032970905303955,0.18708881735801697,0.21609258651733398,0.03125,0.03125
1760902108.0350118,3,0,31,1.9718093872070312,0.19482421875,0.2025766372680664,0.03125,0.03125
1760902108.1389806,1,0,39,2.143810272216797,0.16484375298023224,0.23379302024841309,0.03125,0.03125
1760902108.215111,2,0,38,1.9188933372497559,0.19070513546466827,0.2414393424987793,0.03125,0.03125
1760902108.3211157,3,0,32,1.836301326751709,0.19886364042758942,0.2545950412750244,0.03125,0.03125
1760902108.3601663,1,0,40,2.066840171813965,0.1676829308271408,0.2097609043121338,0.03125,0.03125
1760902108.4927394,2,0,39,1.8738551139831543,0.1953125,0.21843743324279785,0.03125,0.03125
1760902108.5654418,3,0,33,1.9161314964294434,0.1985294073820114,0.21131300926208496,0.03125,0.03125
1760902108.6180913,1,0,41,1.934255838394165,0.171875,0.25792503356933594,0.03125,0.03125
1760902108.795802,2,0,40,2.046250343322754,0.19664634764194489,0.25453948974609375,0.03125,0.03125
1760902108.8489006,3,0,34,1.9574496746063232,0.19955356419086456,0.27648448944091797,0.03125,0.03125
1760902108.9315553,1,0,42,2.2542881965637207,0.17151163518428802,0.280515193939209,0.03125,0.03125
1760902109.023024,2,0,41,1.9051687717437744,0.1979166716337204,0.22432947158813477,0.03125,0.03125
1760902109.085572,3,0,35,2.0350074768066406,0.2005208283662796,0.21956729888916016,0.03125,0.03125
1760902109.1497061,1,0,43,2.1422183513641357,0.17151989042758942,0.2002108097076416,0.03125,0.03125
1760902109.2589102,2,0,42,2.0027365684509277,0.20130814611911774,0.22388267517089844,0.03125,0.03125
1760902109.388233,3,0,36,1.9743977785110474,0.19974662363529205,0.2871732711791992,0.03125,0.03125
1760902109.47028,1,0,44,1.988034725189209,0.17673611640930176,0.28687286376953125,0.03125,0.03125
1760902109.531893,2,0,43,1.9557814598083496,0.20276989042758942,0.2412886619567871,0.03125,0.03125
1760902109.6159477,3,0,37,1.9761013984680176,0.2043585479259491,0.2090592384338379,0.03125,0.03125
1760902109.6946008,1,0,45,2.0606164932250977,0.17866848409175873,0.21317315101623535,0.03125,0.03125
1760902109.7602046,2,0,44,1.8524060249328613,0.20590278506278992,0.20284271240234375,0.03125,0.03125
1760902109.821633,3,0,38,1.7945396900177002,0.2083333283662796,0.1873311996459961,0.03125,0.03125
1760902109.9146643,1,0,46,2.023015022277832,0.18051861226558685,0.20596861839294434,0.03125,0.03125
1760902109.994215,2,0,45,1.9086086750030518,0.2085597813129425,0.21287059783935547,0.03125,0.03125
1760902110.0938532,3,0,39,2.0117576122283936,0.20781250298023224,0.23466897010803223,0.03125,0.03125
1760902110.1881618,1,0,47,1.849989652633667,0.18359375,0.2566702365875244,0.03125,0.03125
1760902110.3062851,2,0,46,1.9628880023956299,0.21077127754688263,0.2798926830291748,0.03125,0.03125
1760902110.389795,3,0,40,1.8982224464416504,0.20960365235805511,0.27068042755126953,0.03125,0.03125
1760902110.491662,1,0,48,2.034027099609375,0.18654336035251617,0.2826519012451172,0.03125,0.03125
1760902110.5827398,2,0,47,1.9218065738677979,0.212890625,0.25081491470336914,0.03125,0.03125
1760902110.7141843,3,0,41,1.7518869638442993,0.2135416716337204,0.3127622604370117,0.03125,0.03125
1760902110.80869,1,0,49,2.153893232345581,0.18781250715255737,0.30437588691711426,0.03125,0.03125
1760902110.9426484,2,0,48,1.9530408382415771,0.2136479616165161,0.3393733501434326,0.03125,0.03125
1760902111.053639,3,0,42,1.9974167346954346,0.21402616798877716,0.3237481117248535,0.03125,0.03125
1760902111.1755195,1,0,50,2.0026941299438477,0.18995098769664764,0.3391742706298828,0.03125,0.03125
1760902111.2647212,2,0,49,1.7685456275939941,0.21531249582767487,0.30606985092163086,0.03125,0.03125
1760902111.3999388,3,0,43,1.8295223712921143,0.2166193127632141,0.33089208602905273,0.03125,0.03125
1760902111.5096333,1,0,51,1.995943546295166,0.19110576808452606,0.3139309883117676,0.03125,0.03125
1760902111.6273463,2,0,50,1.891782283782959,0.21629901230335236,0.3307070732116699,0.03125,0.03125
1760902111.758562,3,0,44,1.9749751091003418,0.2170138955116272,0.3339242935180664,0.03125,0.03125
1760902111.8682797,1,0,52,2.0770018100738525,0.19103772938251495,0.34255528450012207,0.03125,0.03125
1760902111.9963105,2,0,51,1.9463958740234375,0.21694710850715637,0.33968043327331543,0.03125,0.03125
1760902112.123075,3,0,45,1.8120671510696411,0.21875,0.3392767906188965,0.03125,0.03125
1760902112.244423,1,0,53,2.2196435928344727,0.1909722238779068,0.336932897567749,0.03125,0.03125
1760902112.3787878,2,0,52,1.981235384941101,0.2172759473323822,0.36481714248657227,0.03125,0.03125
1760902112.480748,3,0,46,1.9668619632720947,0.22007979452610016,0.32578277587890625,0.03125,0.03125
1760902112.6199906,1,0,54,2.015256404876709,0.1926136314868927,0.34079980850219727,0.03125,0.03125
1760902112.7434056,2,0,53,1.9075191020965576,0.21817129850387573,0.3446059226989746,0.03125,0.03125
1760902112.8530216,3,0,47,1.855979323387146,0.2210286408662796,0.34799933433532715,0.03125,0.03125
1760902112.9934685,1,0,55,1.9303350448608398,0.1939174085855484,0.35198330879211426,0.03125,0.03125
1760902113.120045,2,0,54,1.8745805025100708,0.2193181812763214,0.34198474884033203,0.03125,0.03125
1760902113.2650685,3,0,48,1.839074730873108,0.22130101919174194,0.37995362281799316,0.03125,0.03125
1760902113.3673046,1,0,56,1.9869763851165771,0.19572368264198303,0.35355567932128906,0.03125,0.03125
1760902113.4975584,2,0,55,2.046794891357422,0.2190290242433548,0.35241055488586426,0.03125,0.03125
1760902113.6006265,3,0,49,1.9202144145965576,0.2240625023841858,0.3235971927642822,0.03125,0.03125
1760902113.7582161,1,0,57,1.8854269981384277,0.1990840584039688,0.3676333427429199,0.03125,0.03125
1760902113.8534834,2,0,56,1.954013466835022,0.21902412176132202,0.3393878936767578,0.03125,0.03125
1760902113.9897377,3,0,50,1.865741491317749,0.22579656541347504,0.34744858741760254,0.03125,0.03125
1760902114.103382,1,0,58,2.067826509475708,0.19915254414081573,0.33222007751464844,0.03125,0.03125
1760902114.2129805,2,0,57,1.844956636428833,0.22144396603107452,0.32770824432373047,0.03125,0.03125
1760902114.3092747,3,0,51,1.8624643087387085,0.22746394574642181,0.29200148582458496,0.03125,0.03125
1760902114.4399254,1,0,59,1.8925013542175293,0.2005208283662796,0.3093130588531494,0.03125,0.03125
1760902114.5270047,2,0,58,1.8940870761871338,0.2224576324224472,0.2874131202697754,0.03125,0.03125
1760902114.6297176,3,0,52,1.951763391494751,0.22936320304870605,0.2808089256286621,0.03125,0.03125
1760902114.7437239,1,0,60,1.9104689359664917,0.20261269807815552,0.2771899700164795,0.03125,0.03125
1760902114.9068325,2,0,59,1.736038088798523,0.22604165971279144,0.35593700408935547,0.03125,0.03125
1760902114.986874,3,0,53,1.8556303977966309,0.23206017911434174,0.33413052558898926,0.03125,0.03125
1760902115.1192694,1,0,61,1.8689430952072144,0.20488911867141724,0.3416016101837158,0.03125,0.03125
1760902115.2156293,2,0,60,1.8240811824798584,0.22848360240459442,0.30077600479125977,0.03125,0.03125
1760902115.3290284,3,0,54,1.9765478372573853,0.23181818425655365,0.31931495666503906,0.03125,0.03125
1760902115.428982,1,0,62,2.0493175983428955,0.2065972238779068,0.2828328609466553,0.03125,0.03125
1760902115.5249646,2,0,61,1.8865039348602295,0.22958669066429138,0.2716176509857178,0.03125,0.03125
1760902115.6179397,3,0,55,1.9125282764434814,0.2335379421710968,0.2639143466949463,0.03125,0.03125
1760902115.6808712,1,0,63,1.8969236612319946,0.20849609375,0.2275233268737793,0.03125,0.03125
1760902115.7755811,2,0,62,1.813730001449585,0.2316468209028244,0.23479819297790527,0.03125,0.03125
1760902115.8755372,3,0,56,1.7641546726226807,0.23656798899173737,0.24287986755371094,0.03125,0.03125
1760902115.9049242,1,0,64,1.8530018329620361,0.20985576510429382,0.19802188873291016,0.03125,0.03125
1760902116.009332,2,0,63,1.8238177299499512,0.233154296875,0.18152761459350586,0.03125,0.03125
1760902116.1490126,3,0,57,1.947190523147583,0.2373383641242981,0.27347540855407715,0.03125,0.03125
1760902116.1808558,1,0,65,2.0833206176757812,0.20999053120613098,0.24875307083129883,0.03125,0.03125
1760902116.3021898,2,0,64,1.780232548713684,0.2348557710647583,0.21179556846618652,0.03125,0.03125
1760902116.3768556,3,0,58,1.7559316158294678,0.23914195597171783,0.21649718284606934,0.03125,0.03125
1760902116.4527194,1,0,66,1.80364191532135,0.21222014725208282,0.2177562713623047,0.03125,0.03125
1760902116.5419466,2,0,65,1.9184272289276123,0.23579545319080353,0.22525668144226074,0.03125,0.03125
1760902116.6346335,3,0,59,1.9174543619155884,0.2395833283662796,0.23990821838378906,0.03125,0.03125
1760902116.7129056,1,0,67,1.8443784713745117,0.21392463147640228,0.23594975471496582,0.03125,0.03125
1760902116.8060336,2,0,66,1.859523892402649,0.23507462441921234,0.24621200561523438,0.03125,0.03125
1760902116.8708405,3,0,60,1.7269182205200195,0.24180327355861664,0.21819543838500977,0.03125,0.03125
1760902116.9494743,1,0,68,2.063504695892334,0.2137681096792221,0.2140674591064453,0.03125,0.03125
1760902117.0428338,2,0,67,1.9402883052825928,0.23621323704719543,0.2206885814666748,0.03125,0.03125
1760902117.154486,3,0,61,1.8543851375579834,0.2431955635547638,0.2657334804534912,0.03125,0.03125
1760902117.2435842,1,0,69,2.08500599861145,0.2142857164144516,0.2781839370727539,0.03125,0.03125
1760902117.3295631,2,0,68,1.8269859552383423,0.23686593770980835,0.25971245765686035,0.03125,0.03125
1760902117.3863776,3,0,62,1.7604084014892578,0.2450396865606308,0.21984052658081055,0.03125,0.03125
1760902117.4934628,1,0,70,1.6703062057495117,0.21720950305461884,0.2337038516998291,0.03125,0.03125
1760902117.587465,2,0,69,1.749820590019226,0.24040178954601288,0.23960447311401367,0.03125,0.03125
1760902117.705755,3,0,63,1.6480143070220947,0.24755859375,0.285764217376709,0.03125,0.03125
1760902117.7904649,1,0,71,1.7898304462432861,0.21875,0.28403472900390625,0.03125,0.03125
1760902117.8617635,2,0,70,1.773101568222046,0.2425176054239273,0.25154805183410645,0.03125,0.03125
1760902117.9328773,3,0,64,1.7641890048980713,0.25024038553237915,0.20812749862670898,0.03125,0.03125
1760902118.0039408,1,0,72,1.872836709022522,0.21939212083816528,0.21119213104248047,0.03125,0.03125
1760902118.0747354,2,0,71,1.6259845495224,0.2456597238779068,0.19727396965026855,0.03125,0.03125
1760902118.1683443,3,0,65,1.947614073753357,0.25118371844291687,0.21830391883850098,0.03125,0.03125
1760902118.259853,1,0,73,1.8639428615570068,0.22128377854824066,0.2412877082824707,0.03125,0.03125
1760902118.331321,2,0,72,1.7288345098495483,0.2467893809080124,0.2298274040222168,0.03125,0.03125
1760902118.384739,3,0,66,1.7551600933074951,0.25443097949028015,0.19666099548339844,0.03125,0.03125
1760902118.4822278,1,0,74,1.9465951919555664,0.22187499701976776,0.20809388160705566,0.03125,0.03125
1760902118.59081,2,0,73,1.903909683227539,0.2461993247270584,0.25350213050842285,0.03125,0.03125
1760902118.6931005,3,0,67,1.7805914878845215,0.25390625,0.27435922622680664,0.03125,0.03125
1760902118.790758,1,0,75,1.9087755680084229,0.22224506735801697,0.27416014671325684,0.03125,0.03125
1760902118.8680918,2,0,74,1.8552570343017578,0.24708333611488342,0.24371623992919922,0.03125,0.03125
1760902118.9473073,3,0,68,1.8668913841247559,0.25271740555763245,0.22943472862243652,0.03125,0.03125
1760902119.0706632,1,0,76,1.9136457443237305,0.22362013161182404,0.2539515495300293,0.03125,0.03125
1760902119.1762369,2,0,75,1.929020643234253,0.24814967811107635,0.2831728458404541,0.03125,0.03125
1760902119.2904718,3,0,69,1.819626808166504,0.2544642984867096,0.32732200622558594,0.03125,0.03125
1760902119.3535612,1,0,77,1.9252052307128906,0.22455929219722748,0.26688718795776367,0.03125,0.03125
1760902119.4462323,2,0,76,1.8413479328155518,0.24817369878292084,0.23931264877319336,0.03125,0.03125
1760902119.5259337,3,0,70,1.8271417617797852,0.25506162643432617,0.2176036834716797,0.03125,0.03125
1760902119.634953,1,0,78,1.8882253170013428,0.2258702516555786,0.2453904151916504,0.03125,0.03125
1760902119.6814902,2,0,77,1.8868381977081299,0.24839743971824646,0.21913862228393555,0.03125,0.03125
1760902119.759343,3,0,71,1.7818245887756348,0.2556423544883728,0.2114276885986328,0.03125,0.03125
1760902119.8380485,1,0,79,1.8526103496551514,0.22636719048023224,0.19860577583312988,0.03125,0.03125
1760902119.9023685,2,0,78,1.7803418636322021,0.24980221688747406,0.2051401138305664,0.03125,0.03125
1760902119.9801435,3,0,72,1.7179481983184814,0.2579195201396942,0.2014620304107666,0.03125,0.03125
1760902120.041758,1,0,80,1.8098559379577637,0.22723765671253204,0.19044089317321777,0.03125,0.03125
1760902120.1343355,2,0,79,1.7988032102584839,0.2503906190395355,0.20824265480041504,0.03125,0.03125
1760902120.2351115,3,0,73,1.8086426258087158,0.2580236494541168,0.24191999435424805,0.03125,0.03125
1760902120.3070087,1,0,81,1.7152477502822876,0.2294207364320755,0.23500871658325195,0.03125,0.03125
1760902120.3845549,2,0,80,1.787828803062439,0.25231480598449707,0.22327256202697754,0.03125,0.03125
1760902120.447061,3,0,74,1.7002497911453247,0.2591666579246521,0.19815921783447266,0.03125,0.03125
1760902120.5593822,1,0,82,1.987625241279602,0.22948041558265686,0.23137307167053223,0.03125,0.03125
1760902120.6630027,2,0,81,1.5563970804214478,0.25514480471611023,0.26451683044433594,0.03125,0.03125
1760902120.7460532,3,0,75,1.6788744926452637,0.26130756735801697,0.27037906646728516,0.03125,0.03125
1760902120.8246377,1,0,83,1.7336591482162476,0.2310267835855484,0.23699092864990234,0.03125,0.03125
1760902120.9165905,2,0,82,1.6682350635528564,0.25715360045433044,0.23061823844909668,0.03125,0.03125
1760902120.992689,3,0,76,1.6865428686141968,0.2633928656578064,0.22298693656921387,0.03125,0.03125
1760902121.0721762,1,0,84,1.778079867362976,0.23198530077934265,0.22303032875061035,0.03125,0.03125
1760902121.1504936,2,0,83,1.757659912109375,0.2578125,0.21191930770874023,0.03125,0.03125
1760902121.243283,3,0,77,2.0307693481445312,0.26462340354919434,0.2346794605255127,0.03125,0.03125
1760902121.3265612,1,0,85,1.8354778289794922,0.23364825546741486,0.2282850742340088,0.03125,0.03125
1760902121.4022737,2,0,84,1.6944596767425537,0.25882354378700256,0.2286217212677002,0.03125,0.03125
1760902121.4842634,3,0,78,1.8990058898925781,0.265625,0.22290968894958496,0.03125,0.03125
1760902121.555388,1,0,86,1.7082304954528809,0.23581178486347198,0.20983147621154785,0.03125,0.03125
1760902121.631968,2,0,85,1.653642177581787,0.2607194781303406,0.20032334327697754,0.03125,0.03125
1760902121.7304418,3,0,79,1.7803856134414673,0.26679688692092896,0.2229008674621582,0.03125,0.03125
1760902121.8190792,1,0,87,1.993098258972168,0.23703835904598236,0.24052000045776367,0.03125,0.03125
1760902121.8899245,2,0,86,1.677809476852417,0.2625718414783478,0.23197245597839355,0.03125,0.03125
1760902121.9633238,3,0,80,1.7469794750213623,0.26678240299224854,0.21113181114196777,0.03125,0.03125
1760902122.0463219,1,0,88,1.6581308841705322,0.2378862351179123,0.21759414672851562,0.03125,0.03125
1760902122.1190546,2,0,87,1.7717077732086182,0.2634943127632141,0.21713733673095703,0.03125,0.03125
1760902122.184335,3,0,81,1.743164300918579,0.2671493887901306,0.19826292991638184,0.03125,0.03125
1760902122.280506,1,0,89,1.6292102336883545,0.2395833283662796,0.21832704544067383,0.03125,0.03125
1760902122.355352,2,0,88,1.656696081161499,0.2654494345188141,0.21456336975097656,0.03125,0.03125
1760902122.447382,3,0,82,1.6568059921264648,0.26826053857803345,0.2350609302520752,0.03125,0.03125
1760902122.5464275,1,0,90,1.6572227478027344,0.24141483008861542,0.2470104694366455,0.03125,0.03125
1760902122.6475809,2,0,89,1.7457597255706787,0.2663194537162781,0.27672457695007324,0.03125,0.03125
1760902122.7181473,3,0,83,1.6857719421386719,0.2699032723903656,0.23459362983703613,0.03125,0.03125
1760902122.7971435,1,0,91,1.6594786643981934,0.24354620277881622,0.23169302940368652,0.03125,0.03125
1760902122.8702126,2,0,90,1.6946139335632324,0.2680288553237915,0.20923471450805664,0.03125,0.03125
1760902122.9304998,3,0,84,1.7179181575775146,0.2696691155433655,0.1941390037536621,0.03125,0.03125
1760902123.0169,1,0,92,1.784664511680603,0.24546371400356293,0.20366811752319336,0.03125,0.03125
1760902123.109178,2,0,91,1.718239665031433,0.26987093687057495,0.2212677001953125,0.03125,0.03125
1760902123.193863,3,0,85,1.7119877338409424,0.27125728130340576,0.23974919319152832,0.03125,0.03125
1760902123.3210437,1,0,93,2.018118381500244,0.24567818641662598,0.2868046760559082,0.03125,0.03125
1760902123.359567,2,0,92,1.9316763877868652,0.2691532373428345,0.2290339469909668,0.03125,0.03125
1760902123.4370182,3,0,86,1.7471330165863037,0.2719109058380127,0.22059369087219238,0.03125,0.03125
1760902123.5017447,1,0,94,1.803706169128418,0.24687500298023224,0.1776728630065918,0.03125,0.03125
1760902123.6103258,2,0,93,1.636435627937317,0.269946813583374,0.22715377807617188,0.03125,0.03125
1760902123.7018912,3,0,87,1.6190133094787598,0.2737926244735718,0.249725341796875,0.03125,0.03125
1760902123.7913227,1,0,95,1.7505650520324707,0.248046875,0.25844287872314453,0.03125,0.03125
1760902123.8671477,2,0,94,1.47337806224823,0.27171051502227783,0.2339181900024414,0.03125,0.03125
1760902123.9434159,3,0,88,1.6642026901245117,0.27457866072654724,0.217818021774292,0.03125,0.03125
1760902124.0084183,1,0,96,1.9339786767959595,0.24855025112628937,0.20345020294189453,0.03125,0.03125
1760902124.0766149,2,0,95,1.7551157474517822,0.2724609375,0.19243764877319336,0.03125,0.03125
1760902124.1939137,3,0,89,1.6889592409133911,0.2760416567325592,0.23147201538085938,0.03125,0.03125
1760902124.2924013,1,0,97,1.711307168006897,0.25,0.2627394199371338,0.03125,0.03125
1760902124.3666859,2,0,96,1.8489688634872437,0.27367913722991943,0.2613821029663086,0.03125,0.03125
1760902124.4464219,3,0,90,1.6398718357086182,0.27764421701431274,0.2336113452911377,0.03125,0.03125
1760902124.551674,1,0,98,1.8617095947265625,0.25157827138900757,0.23978161811828613,0.03125,0.03125
1760902124.683574,2,0,97,1.757979393005371,0.2739158272743225,0.3025856018066406,0.03125,0.03125
1760902124.830885,3,0,91,1.936391830444336,0.27785325050354004,0.36139392852783203,0.03125,0.03125
1760902124.9609687,1,0,99,1.6516746282577515,0.25296875834465027,0.379955530166626,0.03125,0.03125
1760902125.0958388,2,0,98,1.7756407260894775,0.27398988604545593,0.3821258544921875,0.03125,0.03125
1760902125.211696,3,0,92,1.5159807205200195,0.2800739109516144,0.3567683696746826,0.03125,0.03125
1760902125.3144076,1,0,100,1.846336007118225,0.25386756658554077,0.3260195255279541,0.03125,0.03125
1760902125.4475243,2,0,99,1.809159517288208,0.27531251311302185,0.32712244987487793,0.03125,0.03125
1760902125.5584133,3,0,93,1.8889245986938477,0.2805851101875305,0.32590246200561523,0.03125,0.03125
1760902125.6803463,1,0,101,1.6471824645996094,0.25505515933036804,0.3406028747558594,0.03125,0.03125
1760902125.8324785,2,0,100,1.6978392601013184,0.27691832184791565,0.36327242851257324,0.03125,0.03125
1760902125.9271188,3,0,94,1.8161264657974243,0.2814144790172577,0.346818208694458,0.03125,0.03125
1760902126.056225,1,0,102,1.6116251945495605,0.2574332654476166,0.3530726432800293,0.03125,0.03125
1760902126.1833768,2,0,101,1.8199899196624756,0.2777267098426819,0.3349001407623291,0.03125,0.03125
1760902126.3124025,3,0,95,1.5431132316589355,0.2833658754825592,0.3615856170654297,0.03125,0.03125
1760902126.4282393,1,0,103,1.7184383869171143,0.2587139308452606,0.3475461006164551,0.03125,0.03125
1760902126.5634584,2,0,102,1.699563980102539,0.27882280945777893,0.3548567295074463,0.03125,0.03125
1760902126.706629,3,0,96,1.6873962879180908,0.28431057929992676,0.3881559371948242,0.03125,0.03125
1760902126.7958398,1,0,104,1.5710477828979492,0.2607142925262451,0.34111952781677246,0.03125,0.03125
1760902126.9155247,2,0,103,1.5510623455047607,0.2797476053237915,0.32007384300231934,0.03125,0.03125
1760902127.0442576,3,0,97,1.8226476907730103,0.2845982015132904,0.3223440647125244,0.03125,0.03125
1760902127.1695876,1,0,105,1.9094812870025635,0.26179245114326477,0.3484189510345459,0.03125,0.03125
1760902127.2907352,2,0,104,1.7475018501281738,0.2809523940086365,0.34676265716552734,0.03125,0.03125
1760902127.4351676,3,0,98,1.6773715019226074,0.2851957082748413,0.3659029006958008,0.03125,0.03125
1760902127.5474086,1,0,106,1.6848726272583008,0.26299649477005005,0.35861730575561523,0.03125,0.03125
1760902127.6605554,2,0,105,1.569586992263794,0.2819870412349701,0.34270739555358887,0.03125,0.03125
1760902127.774675,3,0,99,1.6726561784744263,0.2867187559604645,0.3263065814971924,0.03125,0.03125
1760902127.8997614,1,0,107,1.82896888256073,0.26359954476356506,0.3352351188659668,0.03125,0.03125
1760902128.0188959,2,0,106,1.7014086246490479,0.2830023467540741,0.3379971981048584,0.03125,0.03125
1760902128.1442194,3,0,100,1.6954725980758667,0.2880569398403168,0.33573102951049805,0.03125,0.03125
1760902128.2572927,1,0,108,1.7430557012557983,0.2639048099517822,0.32954931259155273,0.03125,0.03125
1760902128.3632927,2,0,107,1.6902520656585693,0.28356480598449707,0.3209812641143799,0.03125,0.03125
1760902128.4833722,3,0,101,1.662627935409546,0.2893688678741455,0.31853795051574707,0.03125,0.03125
1760902128.608515,1,0,109,1.6736516952514648,0.265625,0.33212733268737793,0.03125,0.03125
1760902128.7588801,2,0,108,1.6924620866775513,0.28454703092575073,0.36955928802490234,0.03125,0.03125
1760902128.8860145,3,0,102,1.5984137058258057,0.29020023345947266,0.3771946430206299,0.03125,0.03125
1760902128.9976141,1,0,110,1.6998200416564941,0.2657657563686371,0.35532331466674805,0.03125,0.03125
1760902129.128774,2,0,109,1.5937753915786743,0.2855113744735718,0.3498196601867676,0.03125,0.03125
1760902129.2619963,3,0,103,1.4566242694854736,0.29176682233810425,0.3491666316986084,0.03125,0.03125
1760902129.3998773,1,0,111,1.756110429763794,0.2667410671710968,0.36859822273254395,0.03125,0.03125
1760902129.4923859,2,0,110,1.6722354888916016,0.28603604435920715,0.3423423767089844,0.03125,0.03125
1760902129.584128,3,0,104,1.6977338790893555,0.2924107015132904,0.29592061042785645,0.03125,0.03125
1760902129.6512415,1,0,112,1.839672565460205,0.26742255687713623,0.22508835792541504,0.03125,0.03125
1760902129.7705078,2,0,111,1.593077301979065,0.2868303656578064,0.25904369354248047,0.03125,0.03125
1760902129.8372836,3,0,105,1.6486728191375732,0.29304245114326477,0.23226308822631836,0.03125,0.03125
1760902129.9195058,1,0,113,1.838005542755127,0.26754385232925415,0.23642802238464355,0.03125,0.03125
1760902130.0084977,2,0,112,1.761054277420044,0.288025438785553,0.2233116626739502,0.03125,0.03125
1760902130.0886133,3,0,106,1.8666598796844482,0.2933703362941742,0.23042535781860352,0.03125,0.03125
1760902130.1701384,1,0,114,1.450603723526001,0.2697010934352875,0.22892475128173828,0.03125,0.03125
1760902130.2710469,2,0,113,1.7025814056396484,0.28837719559669495,0.23951125144958496,0.03125,0.03125
1760902130.3837092,3,0,107,1.694596290588379,0.29412615299224854,0.2754392623901367,0.03125,0.03125
1760902130.4858823,1,0,115,1.4226906299591064,0.27114763855934143,0.2955331802368164,0.03125,0.03125
1760902130.5479727,2,0,114,1.627138614654541,0.29008153080940247,0.25286340713500977,0.03125,0.03125
1760902130.634556,3,0,108,1.6319936513900757,0.2950114607810974,0.22386717796325684,0.03125,0.03125
1760902130.7178693,1,0,116,1.5303564071655273,0.2732371687889099,0.21924519538879395,0.03125,0.03125
1760902130.8169436,2,0,115,1.6995370388031006,0.2912176847457886,0.2496356964111328,0.03125,0.03125
1760902130.907539,3,0,109,1.559859275817871,0.29701703786849976,0.25171661376953125,0.03125,0.03125
1760902131.0000134,1,0,117,1.7231500148773193,0.27370232343673706,0.26751065254211426,0.03125,0.03125
1760902131.071327,2,0,116,1.5980064868927002,0.29246795177459717,0.23980450630187988,0.03125,0.03125
1760902131.1614983,3,0,110,1.678263783454895,0.2970157563686371,0.23830556869506836,0.03125,0.03125
1760902131.2588642,1,0,118,1.570042371749878,0.27521008253097534,0.2430410385131836,0.03125,0.03125
1760902131.2902803,2,0,117,1.5650169849395752,0.29396185278892517,0.2010340690612793,0.03125,0.03125
1760902131.4356065,3,0,111,1.5558089017868042,0.2985491156578064,0.20714855194091797,0.03125,0.03125
1760902131.4995906,1,0,119,1.6493635177612305,0.2760416567325592,0.2348921298980713,0.03125,0.03125
1760902131.5432925,2,0,118,1.674249291419983,0.29398635029792786,0.20543241500854492,0.03125,0.03125
1760902131.6232698,3,0,112,1.7914416790008545,0.2993639409542084,0.17967987060546875,0.03125,0.03125
1760902131.6954656,1,0,120,1.6440048217773438,0.27685949206352234,0.19187641143798828,0.03125,0.03125
1760902131.774272,2,0,119,1.6550028324127197,0.29479166865348816,0.20257949829101562,0.03125,0.03125
1760902131.8549023,3,0,113,1.689091682434082,0.30016446113586426,0.22080659866333008,0.03125,0.03125
1760902131.9228761,1,0,121,1.767775058746338,0.27740779519081116,0.21247434616088867,0.03125,0.03125
1760902131.9976804,2,0,120,1.6230337619781494,0.2954545319080353,0.20682787895202637,0.03125,0.03125
1760902132.1042602,3,0,114,1.560410976409912,0.301358699798584,0.23361706733703613,0.03125,0.03125
1760902132.2108483,1,0,122,1.6493432521820068,0.27769309282302856,0.2634458541870117,0.03125,0.03125
1760902132.2892678,2,0,121,1.743699312210083,0.29585039615631104,0.242659330368042,0.03125,0.03125
1760902132.3584564,3,0,115,1.5752484798431396,0.30226293206214905,0.23235535621643066,0.03125,0.03125
1760902132.4351277,1,0,123,1.621152400970459,0.2787298262119293,0.21404623985290527,0.03125,0.03125
1760902132.494933,2,0,122,1.5664308071136475,0.29674795269966125,0.19106745719909668,0.03125,0.03125
1760902132.6189764,3,0,116,1.6884949207305908,0.3027510643005371,0.24352097511291504,0.03125,0.03125
1760902132.7116923,1,0,124,1.5608500242233276,0.2800000011920929,0.27406859397888184,0.03125,0.03125
1760902132.8113346,2,0,123,1.8484244346618652,0.29624494910240173,0.28652262687683105,0.03125,0.03125
1760902132.8858855,3,0,117,1.4813098907470703,0.30495232343673706,0.2509191036224365,0.03125,0.03125
1760902132.964349,1,0,125,1.6605241298675537,0.2813740074634552,0.22942686080932617,0.03125,0.03125
1760902133.0395322,2,0,124,1.5300965309143066,0.29787498712539673,0.21718692779541016,0.03125,0.03125
1760902133.1026258,3,0,118,1.5130248069763184,0.3067227005958557,0.2009108066558838,0.03125,0.03125
1760902133.1967213,1,0,126,1.69156014919281,0.28284940123558044,0.21534347534179688,0.03125,0.03125
1760902133.2705202,2,0,125,1.6082732677459717,0.2989831268787384,0.21573829650878906,0.03125,0.03125
1760902133.365494,3,0,119,1.784062385559082,0.306640625,0.2460787296295166,0.03125,0.03125
1760902133.4326572,1,0,127,1.6133933067321777,0.283935546875,0.22371721267700195,0.03125,0.03125
1760902133.5136745,2,0,126,1.5021733045578003,0.2999507784843445,0.22359800338745117,0.03125,0.03125
1760902133.5871785,3,0,120,1.6890690326690674,0.30785122513771057,0.21008682250976562,0.03125,0.03125
1760902133.6831503,1,0,128,2.0080132484436035,0.2837935984134674,0.22954583168029785,0.03125,0.03125
1760902133.7699609,2,0,127,1.5606958866119385,0.3006591796875,0.23532867431640625,0.03125,0.03125
1760902133.8620274,3,0,121,1.6875925064086914,0.30801743268966675,0.25070858001708984,0.03125,0.03125
1760902133.9342911,1,0,129,1.6077094078063965,0.28449520468711853,0.22957181930541992,0.03125,0.03125
1760902134.0039346,2,0,128,1.587296485900879,0.30111435055732727,0.20553183555603027,0.03125,0.03125
1760902134.0724921,3,0,122,1.5224014520645142,0.3090701103210449,0.20142316818237305,0.03125,0.03125
1760902134.185454,1,0,130,1.7466940879821777,0.28506678342819214,0.2393333911895752,0.03125,0.03125
1760902134.2836564,2,0,129,1.4687832593917847,0.3026442229747772,0.2636280059814453,0.03125,0.03125
1760902134.3907716,3,0,123,1.4522286653518677,0.3101058602333069,0.28549957275390625,0.03125,0.03125
1760902134.4623058,1,0,131,1.607430338859558,0.2856297492980957,0.24651026725769043,0.03125,0.03125
1760902134.531009,2,0,130,1.7255996465682983,0.30271947383880615,0.2097470760345459,0.03125,0.03125
1760902134.647286,3,0,124,1.5636839866638184,0.3111250102519989,0.23846960067749023,0.03125,0.03125
1760902134.7075865,1,0,132,1.608673095703125,0.28641918301582336,0.2248234748840332,0.03125,0.03125
1760902134.805798,2,0,131,1.7616446018218994,0.3033854067325592,0.2508058547973633,0.03125,0.03125
1760902134.889223,3,0,125,1.494492530822754,0.3127480149269104,0.23392391204833984,0.03125,0.03125
1760902134.9474983,1,0,133,1.6503236293792725,0.2869636118412018,0.2128899097442627,0.03125,0.03125
1760902135.0270114,2,0,132,1.5659434795379639,0.30439379811286926,0.2053539752960205,0.03125,0.03125
1760902135.108961,3,0,126,1.6259099245071411,0.3133612275123596,0.20590686798095703,0.03125,0.03125
1760902135.1656678,1,0,134,1.7962234020233154,0.2871527671813965,0.19686365127563477,0.03125,0.03125
1760902135.2536447,2,0,133,1.8628313541412354,0.30480411648750305,0.20598602294921875,0.03125,0.03125
1760902135.3374827,3,0,127,1.507185697555542,0.31396484375,0.21951889991760254,0.03125,0.03125
1760902135.4183707,1,0,135,1.5593196153640747,0.28825828433036804,0.2369542121887207,0.03125,0.03125
1760902135.5021942,2,0,134,1.6459095478057861,0.30509260296821594,0.23227977752685547,0.03125,0.03125
1760902135.594424,3,0,128,1.704634189605713,0.31431686878204346,0.2412865161895752,0.03125,0.03125
1760902135.6651325,1,0,136,1.705063819885254,0.28911951184272766,0.2242269515991211,0.03125,0.03125
1760902135.7286105,2,0,135,1.5785088539123535,0.3056066036224365,0.21170353889465332,0.03125,0.03125
1760902135.8214252,3,0,129,1.662327527999878,0.3153846263885498,0.2091672420501709,0.03125,0.03125
1760902135.916463,1,0,137,1.6381549835205078,0.2903079688549042,0.23308944702148438,0.03125,0.03125
1760902136.0092504,2,0,136,1.7121655941009521,0.3064552843570709,0.24744796752929688,0.03125,0.03125
1760902136.1001632,3,0,130,1.7872047424316406,0.3148854970932007,0.2563345432281494,0.03125,0.03125
1760902136.182601,1,0,138,1.6518851518630981,0.29058003425598145,0.24369382858276367,0.03125,0.03125
1760902136.276383,2,0,137,1.650756597518921,0.3072916567325592,0.2441883087158203,0.03125,0.03125
1760902136.3582516,3,0,131,1.637171983718872,0.31569603085517883,0.2390284538269043,0.03125,0.03125
1760902136.431509,1,0,139,1.7879729270935059,0.2912946343421936,0.2223515510559082,0.03125,0.03125
1760902136.515606,2,0,138,1.862640380859375,0.30789119005203247,0.21788430213928223,0.03125,0.03125
1760902136.599855,3,0,132,1.458717942237854,0.3171992599964142,0.22166800498962402,0.03125,0.03125
1760902136.6833303,1,0,140,1.7064093351364136,0.29177749156951904,0.22483253479003906,0.03125,0.03125
1760902136.775292,2,0,139,1.8007545471191406,0.3091517984867096,0.23588013648986816,0.03125,0.03125
1760902136.891057,3,0,133,1.7429354190826416,0.31716418266296387,0.27631378173828125,0.03125,0.03125
1760902136.9934087,1,0,141,1.5386779308319092,0.2929137349128723,0.28716349601745605,0.03125,0.03125
1760902137.0893147,2,0,140,1.6296336650848389,0.3103944957256317,0.275390625,0.03125,0.03125
1760902137.156669,3,0,134,1.6674437522888184,0.31805557012557983,0.24782466888427734,0.03125,0.03125
1760902137.2358243,1,0,142,1.804018497467041,0.2929414212703705,0.21268367767333984,0.03125,0.03125
1760902137.2986894,2,0,141,1.6299595832824707,0.31117957830429077,0.18799138069152832,0.03125,0.03125
1760902137.3967855,3,0,135,1.7387831211090088,0.31847426295280457,0.21688508987426758,0.03125,0.03125
1760902137.497548,1,0,143,1.8868556022644043,0.2931857705116272,0.25420618057250977,0.03125,0.03125
1760902137.570422,2,0,142,1.6012804508209229,0.3116258680820465,0.25154733657836914,0.03125,0.03125
1760902137.6419973,3,0,136,1.7552056312561035,0.31900089979171753,0.2227332592010498,0.03125,0.03125
1760902137.7317948,1,0,144,1.8187587261199951,0.2931034564971924,0.21621227264404297,0.03125,0.03125
1760902137.8186588,2,0,143,1.560952067375183,0.3120659589767456,0.23644232749938965,0.03125,0.03125
1760902137.9257073,3,0,137,1.488426923751831,0.3205389380455017,0.26004934310913086,0.03125,0.03125
1760902137.994362,1,0,145,1.6642234325408936,0.293878436088562,0.24226093292236328,0.03125,0.03125
1760902138.0805817,2,0,144,1.584892749786377,0.31314656138420105,0.23528742790222168,0.03125,0.03125
1760902138.1338382,3,0,138,1.6226881742477417,0.32081833481788635,0.19337224960327148,0.03125,0.03125
1760902138.2127576,1,0,146,1.5557805299758911,0.29506802558898926,0.18700075149536133,0.03125,0.03125
1760902138.2921498,2,0,145,1.6404917240142822,0.31378424167633057,0.20555901527404785,0.03125,0.03125
1760902138.3883824,3,0,139,1.3683559894561768,0.32220983505249023,0.225905179977417,0.03125,0.03125
1760902138.4910643,1,0,147,1.644235610961914,0.2961359918117523,0.25600147247314453,0.03125,0.03125
1760902138.5431302,2,0,146,1.6467863321304321,0.31420066952705383,0.23744535446166992,0.03125,0.03125
1760902138.6302629,3,0,140,1.5634684562683105,0.3229166567325592,0.2195134162902832,0.03125,0.03125
1760902138.7305865,1,0,148,1.3848025798797607,0.2976090610027313,0.2258005142211914,0.03125,0.03125
1760902138.8631704,2,0,147,1.6589152812957764,0.3145059049129486,0.2956047058105469,0.03125,0.03125
1760902138.9434476,3,0,141,1.5302375555038452,0.3238336145877838,0.2926170825958252,0.03125,0.03125
1760902139.0528257,1,0,149,1.508622407913208,0.2984375059604645,0.2935831546783447,0.03125,0.03125
1760902139.166906,2,0,148,1.5000486373901367,0.3154362440109253,0.2885103225708008,0.03125,0.03125
1760902139.3020604,3,0,142,1.633900761604309,0.3241914212703705,0.333355188369751,0.03125,0.03125
1760902139.4312644,1,0,150,1.715545654296875,0.29935845732688904,0.34758949279785156,0.03125,0.03125
1760902139.5423992,2,0,149,1.5581705570220947,0.31572917103767395,0.33783650398254395,0.03125,0.03125
1760902139.6500607,3,0,143,1.6754631996154785,0.3244357705116272,0.32004213333129883,0.03125,0.03125
1760902139.8013363,1,0,151,1.6855708360671997,0.30016446113586426,0.338289737701416,0.03125,0.03125
1760902139.9166474,2,0,150,1.5927588939666748,0.31632864475250244,0.3494837284088135,0.03125,0.03125
1760902140.0658104,3,0,144,1.5465091466903687,0.32521551847457886,0.3821427822113037,0.03125,0.03125
1760902140.165696,1,0,152,1.535858154296875,0.3014705777168274,0.3447115421295166,0.03125,0.03125
1760902140.310161,2,0,151,1.6830675601959229,0.31630346179008484,0.3635983467102051,0.03125,0.03125
1760902140.4771438,3,0,145,1.5391277074813843,0.3259845972061157,0.3909628391265869,0.03125,0.03125
1760902140.5103269,1,0,153,1.553626537322998,0.3026582896709442,0.3101468086242676,0.03125,0.03125
1760902140.6361635,2,0,152,1.6421337127685547,0.3170955777168274,0.2938988208770752,0.03125,0.03125
1760902140.778825,3,0,146,1.381107211112976,0.3273809552192688,0.2969784736633301,0.03125,0.03125
1760902140.878675,1,0,154,1.8130967617034912,0.30252015590667725,0.3358879089355469,0.03125,0.03125
1760902141.0105088,2,0,153,1.7031234502792358,0.3177759647369385,0.3358428478240967,0.03125,0.03125
1760902141.123222,3,0,147,1.7797672748565674,0.32749155163764954,0.31846141815185547,0.03125,0.03125
1760902141.2586653,1,0,155,1.47811758518219,0.30348557233810425,0.3469512462615967,0.03125,0.03125
1760902141.362693,2,0,154,1.5047519207000732,0.3188508152961731,0.3293149471282959,0.03125,0.03125
1760902141.495597,3,0,148,1.4878184795379639,0.3283347189426422,0.3379807472229004,0.03125,0.03125
1760902141.6077232,1,0,156,1.76146399974823,0.30374205112457275,0.3250398635864258,0.03125,0.03125
1760902141.757715,2,0,155,1.671534776687622,0.3196113705635071,0.3792381286621094,0.03125,0.03125
1760902141.8857853,3,0,149,1.633216142654419,0.3284375071525574,0.3669426441192627,0.03125,0.03125
1760902142.1000566,1,0,157,1.5935053825378418,0.3050830662250519,0.45716428756713867,0.03125,0.03125
1760902142.1556706,2,0,156,1.5751593112945557,0.32056131958961487,0.3714456558227539,0.03125,0.03125
1760902142.2595687,3,0,150,1.3631072044372559,0.3295736610889435,0.32590341567993164,0.03125,0.03125
1760902142.3988364,1,0,158,1.796954870223999,0.3054245412349701,0.2907581329345703,0.03125,0.03125
1760902142.5436134,2,0,157,1.7010655403137207,0.3206091821193695,0.3642878532409668,0.03125,0.03125
1760902142.6536894,3,0,151,1.5650665760040283,0.33038651943206787,0.3626129627227783,0.03125,0.03125
1760902142.8017004,1,0,159,1.7510833740234375,0.3056640625,0.37462711334228516,0.03125,0.03125
1760902142.9080176,2,0,158,1.612152099609375,0.3211477994918823,0.3382680416107178,0.03125,0.03125
1760902143.058445,3,0,152,1.5655438899993896,0.3309844732284546,0.3758096694946289,0.03125,0.03125
1760902143.1872127,1,0,160,1.564849853515625,0.30628880858421326,0.3634157180786133,0.03125,0.03125
1760902143.312249,2,0,159,1.6988558769226074,0.32158201932907104,0.3609580993652344,0.03125,0.03125
1760902143.4215286,3,0,153,1.4441930055618286,0.33208197355270386,0.3440525531768799,0.03125,0.03125
1760902143.4921238,1,0,161,1.4881515502929688,0.30671295523643494,0.27417755126953125,0.03125,0.03125
1760902143.618902,2,0,160,1.4671013355255127,0.32288432121276855,0.27364444732666016,0.03125,0.03125
1760902143.7182903,3,0,154,1.485040545463562,0.3330645263195038,0.2852475643157959,0.03125,0.03125
1760902143.820127,1,0,162,1.7922264337539673,0.30703604221343994,0.30992674827575684,0.03125,0.03125
1760902143.9011846,2,0,161,1.6064956188201904,0.32310956716537476,0.2549123764038086,0.03125,0.03125
1760902143.9676108,3,0,155,1.339752435684204,0.3348357379436493,0.22234487533569336,0.03125,0.03125
1760902144.0717096,1,0,163,1.4580106735229492,0.3080221116542816,0.2323307991027832,0.03125,0.03125
1760902144.1741354,2,0,162,1.6159255504608154,0.3233320415019989,0.256544828414917,0.03125,0.03125
1760902144.2365701,3,0,156,1.488253116607666,0.3363853394985199,0.25310516357421875,0.03125,0.03125
1760902144.2996428,1,0,164,1.7192087173461914,0.3081439435482025,0.21184539794921875,0.03125,0.03125
1760902144.3744009,2,0,163,1.5802719593048096,0.32421875,0.19623708724975586,0.03125,0.03125
1760902144.4471576,3,0,157,1.4690208435058594,0.3376186788082123,0.19437384605407715,0.03125,0.03125
1760902144.5282066,1,0,165,1.810608148574829,0.30807605385780334,0.2089087963104248,0.03125,0.03125
1760902144.6183538,2,0,164,1.4560081958770752,0.32499998807907104,0.22725558280944824,0.03125,0.03125
1760902144.7292516,3,0,158,1.2455816268920898,0.3388364911079407,0.2638742923736572,0.03125,0.03125
1760902144.8056726,1,0,166,1.4096717834472656,0.3090381622314453,0.25560426712036133,0.03125,0.03125
1760902144.868672,2,0,165,1.504183292388916,0.32577183842658997,0.22519612312316895,0.03125,0.03125
1760902144.9644206,3,0,159,1.6858090162277222,0.3392578065395355,0.21282267570495605,0.03125,0.03125
1760902145.0510364,1,0,167,1.72780442237854,0.3098028302192688,0.2296457290649414,0.03125,0.03125
1760902145.1192653,2,0,166,1.3851025104522705,0.3271893858909607,0.2246394157409668,0.03125,0.03125
1760902145.2009332,3,0,160,1.2755954265594482,0.3409355580806732,0.2221994400024414,0.03125,0.03125
1760902145.266543,1,0,168,1.9296400547027588,0.3097263276576996,0.20488214492797852,0.03125,0.03125
1760902145.352476,2,0,167,1.4803414344787598,0.3277529776096344,0.21671772003173828,0.03125,0.03125
1760902145.4284825,3,0,161,1.5597106218338013,0.3415316343307495,0.21024823188781738,0.03125,0.03125
1760902145.526201,1,0,169,1.5222713947296143,0.3107536733150482,0.23359012603759766,0.03125,0.03125
1760902145.6182103,2,0,168,1.4491610527038574,0.32858726382255554,0.24771475791931152,0.03125,0.03125
1760902145.7096963,3,0,162,1.4778857231140137,0.34259968996047974,0.2570650577545166,0.03125,0.03125
1760902145.8002262,1,0,170,1.59836745262146,0.31158626079559326,0.2518649101257324,0.03125,0.03125
1760902145.868859,2,0,169,1.463696002960205,0.32913604378700256,0.2245943546295166,0.03125,0.03125
1760902145.987752,3,0,163,1.5926878452301025,0.34365472197532654,0.25832247734069824,0.03125,0.03125
1760902146.0709877,1,0,171,1.589882493019104,0.31213662028312683,0.24983453750610352,0.03125,0.03125
1760902146.1494303,2,0,170,1.4718424081802368,0.3298611044883728,0.24873590469360352,0.03125,0.03125
1760902146.2423055,3,0,164,1.6146502494812012,0.3444128930568695,0.23359179496765137,0.03125,0.03125
1760902146.2950711,1,0,172,1.6215837001800537,0.3125,0.20510435104370117,0.03125,0.03125
1760902146.3854427,2,0,171,1.8123061656951904,0.33021438121795654,0.22005271911621094,0.03125,0.03125
1760902146.4937108,3,0,165,1.5688471794128418,0.34487950801849365,0.24169468879699707,0.03125,0.03125
1760902146.5458484,1,0,173,1.3522576093673706,0.31339797377586365,0.2246541976928711,0.03125,0.03125
1760902146.6280806,2,0,172,1.4070985317230225,0.33128613233566284,0.2266547679901123,0.03125,0.03125
1760902146.7039957,3,0,166,1.6196253299713135,0.345527708530426,0.20587611198425293,0.03125,0.03125
1760902146.7764447,1,0,174,1.545885443687439,0.31383928656578064,0.21578025817871094,0.03125,0.03125
1760902146.8521051,2,0,173,1.6195876598358154,0.33171695470809937,0.20615124702453613,0.03125,0.03125
1760902146.9174347,3,0,167,1.6205352544784546,0.345703125,0.20168733596801758,0.03125,0.03125
1760902147.001278,1,0,175,1.5922211408615112,0.3146306872367859,0.20443201065063477,0.03125,0.03125
1760902147.0987842,2,0,174,1.502744436264038,0.33267858624458313,0.23856472969055176,0.03125,0.03125
1760902147.1967864,3,0,168,1.656542181968689,0.3457840383052826,0.2601966857910156,0.03125,0.03125
1760902147.242811,1,0,176,1.5732215642929077,0.3155014216899872,0.22295022010803223,0.03125,0.03125
1760902147.3364108,2,0,175,1.6159558296203613,0.3331853747367859,0.2126767635345459,0.03125,0.03125
1760902147.415657,3,0,169,1.447408676147461,0.34650734066963196,0.21361589431762695,0.03125,0.03125
1760902147.494657,1,0,177,1.6484206914901733,0.3160112500190735,0.22418212890625,0.03125,0.03125
1760902147.5754852,2,0,176,1.4443724155426025,0.33377471566200256,0.22301673889160156,0.03125,0.03125
1760902147.6656663,3,0,170,1.4333667755126953,0.34740495681762695,0.23223447799682617,0.03125,0.03125
1760902147.7382836,1,0,178,1.702915072441101,0.3161661922931671,0.22533774375915527,0.03125,0.03125
1760902147.7964728,2,0,177,1.705615520477295,0.33383074402809143,0.19814038276672363,0.03125,0.03125
1760902147.8854961,3,0,171,1.5696296691894531,0.34811046719551086,0.20374655723571777,0.03125,0.03125
1760902148.0120049,1,0,179,1.4036712646484375,0.3171007037162781,0.25992774963378906,0.03125,0.03125
1760902148.1024265,2,0,178,1.6048216819763184,0.3342353403568268,0.27576518058776855,0.03125,0.03125
1760902148.167238,3,0,172,1.4924070835113525,0.34889811277389526,0.2580273151397705,0.03125,0.03125
1760902148.2285957,1,0,180,1.5892608165740967,0.3176795542240143,0.19640278816223145,0.03125,0.03125
1760902148.3058422,2,0,179,1.639394998550415,0.33472222089767456,0.18500709533691406,0.03125,0.03125
1760902148.3982542,3,0,173,1.4522805213928223,0.3493175208568573,0.20752406120300293,0.03125,0.03125
1760902148.4822102,1,0,181,1.680328369140625,0.31816619634628296,0.22183537483215332,0.03125,0.03125
1760902148.590869,2,0,180,1.3337503671646118,0.3358943462371826,0.2680976390838623,0.03125,0.03125
1760902148.6841807,3,0,174,1.3560153245925903,0.34982141852378845,0.2688252925872803,0.03125,0.03125
1760902148.7514603,1,0,182,1.506901502609253,0.31890368461608887,0.22835826873779297,0.03125,0.03125
1760902148.82225,2,0,181,1.7583612203598022,0.33585163950920105,0.2093658447265625,0.03125,0.03125
1760902148.8859828,3,0,175,1.484349012374878,0.3502308130264282,0.1893305778503418,0.03125,0.03125
1760902149.008814,1,0,183,1.4363569021224976,0.31971806287765503,0.24015569686889648,0.03125,0.03125
1760902149.1056373,2,0,182,1.4710755348205566,0.3365778625011444,0.265547513961792,0.03125,0.03125
1760902149.196002,3,0,176,1.5011188983917236,0.35107699036598206,0.2805924415588379,0.03125,0.03125
1760902149.2448015,1,0,184,1.34372079372406,0.320777028799057,0.21244239807128906,0.03125,0.03125
1760902149.3260193,2,0,183,1.6155774593353271,0.3366168439388275,0.20471835136413574,0.03125,0.03125
1760902149.3975263,3,0,177,1.5794861316680908,0.3512113690376282,0.19978547096252441,0.03125,0.03125
1760902149.462985,1,0,185,1.547322392463684,0.3219926059246063,0.20227980613708496,0.03125,0.03125
1760902149.5513866,2,0,184,1.6976466178894043,0.3367398679256439,0.2092435359954834,0.03125,0.03125
1760902149.6265814,3,0,178,1.5328521728515625,0.35230445861816406,0.21865153312683105,0.03125,0.03125
1760902149.7094836,1,0,186,1.717456340789795,0.3222760558128357,0.22314667701721191,0.03125,0.03125
1760902149.7975726,2,0,185,1.5122923851013184,0.33719757199287415,0.24068117141723633,0.03125,0.03125
1760902149.868394,3,0,179,1.5431151390075684,0.35277777910232544,0.22001075744628906,0.03125,0.03125
1760902149.9615285,1,0,187,1.400476336479187,0.3231382966041565,0.23299789428710938,0.03125,0.03125
1760902150.050401,2,0,186,1.4604580402374268,0.3380681872367859,0.23994207382202148,0.03125,0.03125
1760902150.086567,3,0,180,1.5596628189086914,0.35290056467056274,0.2010328769683838,0.03125,0.03125
1760902150.197002,1,0,188,1.4360162019729614,0.3239913880825043,0.18754243850708008,0.03125,0.03125
1760902150.2805917,2,0,187,1.5277516841888428,0.33909574151039124,0.2197706699371338,0.03125,0.03125
1760902150.3416576,3,0,181,1.6195862293243408,0.3531936705112457,0.21285581588745117,0.03125,0.03125
1760902150.4149714,1,0,189,1.6788585186004639,0.324259877204895,0.2012033462524414,0.03125,0.03125
1760902150.512955,2,0,188,1.5045781135559082,0.3396163880825043,0.2262866497039795,0.03125,0.03125
1760902150.5961773,3,0,182,1.6098673343658447,0.3534836173057556,0.23677897453308105,0.03125,0.03125
1760902150.6808228,1,0,190,1.6400854587554932,0.32460734248161316,0.24181818962097168,0.03125,0.03125
1760902150.7585196,2,0,189,1.4720405340194702,0.3405427634716034,0.22609543800354004,0.03125,0.03125
1760902150.8214357,3,0,183,1.4574756622314453,0.3541949689388275,0.20317935943603516,0.03125,0.03125
1760902150.9103897,1,0,191,1.6307590007781982,0.324951171875,0.21355152130126953,0.03125,0.03125
1760902150.9761162,2,0,190,1.583860993385315,0.3409685790538788,0.20824408531188965,0.03125,0.03125
1760902151.0599833,3,0,184,1.445749044418335,0.3546452820301056,0.21673941612243652,0.03125,0.03125
1760902151.132096,1,0,192,1.36056649684906,0.32634392380714417,0.21215581893920898,0.03125,0.03125
1760902151.2375453,2,0,191,1.53399658203125,0.3411458432674408,0.2436356544494629,0.03125,0.03125
1760902151.2985754,3,0,185,1.647886037826538,0.355174720287323,0.2271277904510498,0.03125,0.03125
1760902151.3539765,1,0,193,1.5903457403182983,0.3270779550075531,0.20138859748840332,0.03125,0.03125
1760902151.41554,2,0,192,1.5219531059265137,0.3418070077896118,0.1739668846130371,0.03125,0.03125
1760902151.4790661,3,0,186,1.508918046951294,0.35561496019363403,0.1764824390411377,0.03125,0.03125
1760902151.5535204,1,0,194,1.3748925924301147,0.32836538553237915,0.19097304344177246,0.03125,0.03125
1760902151.6263988,2,0,193,1.6938880681991577,0.34205862879753113,0.19788742065429688,0.03125,0.03125
1760902151.7107544,3,0,187,1.5148111581802368,0.35580119490623474,0.2131361961364746,0.03125,0.03125
1760902151.7764356,1,0,195,1.4689350128173828,0.32892218232154846,0.21098566055297852,0.03125,0.03125
1760902151.8536398,2,0,194,1.530638337135315,0.34262821078300476,0.2120654582977295,0.03125,0.03125
1760902151.917266,3,0,188,1.4847170114517212,0.3563988208770752,0.1930985450744629,0.03125,0.03125
1760902152.0006566,1,0,196,1.5010311603546143,0.3293147087097168,0.20036983489990234,0.03125,0.03125
1760902152.0882964,2,0,195,1.358551025390625,0.3431122303009033,0.2185823917388916,0.03125,0.03125
1760902152.163416,3,0,189,1.61155104637146,0.3569079041481018,0.21554255485534668,0.03125,0.03125
1760902152.2297623,1,0,197,1.4937455654144287,0.33001893758773804,0.20515131950378418,0.03125,0.03125
1760902152.2918093,2,0,196,1.5100862979888916,0.343432754278183,0.1873180866241455,0.03125,0.03125
1760902152.4151213,3,0,190,1.4346354007720947,0.35716623067855835,0.24100708961486816,0.03125,0.03125
1760902152.4942164,1,0,198,1.5362770557403564,0.33048051595687866,0.24336981773376465,0.03125,0.03125
1760902152.5455406,2,0,197,1.565536379814148,0.34390783309936523,0.2209310531616211,0.03125,0.03125
1760902152.6340358,3,0,191,1.645552635192871,0.3573404848575592,0.20305204391479492,0.03125,0.03125
1760902152.7021754,1,0,199,1.227808952331543,0.3317187428474426,0.19644618034362793,0.03125,0.03125
1760902152.7595131,2,0,198,1.405281901359558,0.3445351719856262,0.19033455848693848,0.03125,0.03125
1760902152.8365126,3,0,192,1.4413615465164185,0.3577558398246765,0.19643211364746094,0.03125,0.03125
1760902152.9379802,1,0,200,1.4029810428619385,0.33232274651527405,0.22480154037475586,0.03125,0.03125
1760902153.0545533,2,0,199,1.457489013671875,0.3455468714237213,0.27265119552612305,0.03125,0.03125
1760902153.1896515,3,0,193,1.337817907333374,0.35840851068496704,0.33723020553588867,0.03125,0.03125
1760902153.286879,1,0,201,1.4830355644226074,0.333230197429657,0.34056830406188965,0.03125,0.03125
1760902153.4165552,2,0,200,1.4740211963653564,0.34623757004737854,0.34128808975219727,0.03125,0.03125
1760902153.5292094,3,0,194,1.42072331905365,0.359375,0.31969380378723145,0.03125,0.03125
1760902153.5904,1,0,202,1.4567327499389648,0.33358991146087646,0.27754688262939453,0.03125,0.03125
1760902153.6735919,2,0,201,1.5649631023406982,0.346457302570343,0.22972774505615234,0.03125,0.03125
1760902153.7662358,3,0,195,1.6054961681365967,0.3598533272743225,0.23500895500183105,0.03125,0.03125
1760902153.9352586,1,0,203,1.5707978010177612,0.33409926295280457,0.32224512100219727,0.03125,0.03125
1760902153.994177,2,0,202,1.5237056016921997,0.3470597267150879,0.2942359447479248,0.03125,0.03125
1760902154.0907009,3,0,196,1.6222023963928223,0.3600095212459564,0.2883141040802002,0.03125,0.03125
1760902154.214106,1,0,204,1.486793041229248,0.3343749940395355,0.27884745597839355,0.03125,0.03125
1760902154.36809,2,0,203,1.3694276809692383,0.34780943393707275,0.3561086654663086,0.03125,0.03125
1760902154.5171285,3,0,197,1.6241235733032227,0.36040088534355164,0.4002833366394043,0.03125,0.03125
1760902154.5615754,1,0,205,1.4052743911743164,0.3350273072719574,0.31120944023132324,0.03125,0.03125
1760902154.67618,2,0,204,1.766214370727539,0.3477134108543396,0.27382493019104004,0.03125,0.03125
1760902154.7285984,3,0,198,1.6820154190063477,0.36047425866127014,0.20271563529968262,0.03125,0.03125
1760902154.827738,1,0,206,1.7779619693756104,0.3352203965187073,0.24940800666809082,0.03125,0.03125
1760902154.933175,2,0,205,1.6540495157241821,0.3479217290878296,0.25296568870544434,0.03125,0.03125
1760902155.0270758,3,0,199,1.4245587587356567,0.3611718714237213,0.2826547622680664,0.03125,0.03125
1760902155.102734,1,0,207,1.5875025987625122,0.3360126316547394,0.23873305320739746,0.03125,0.03125
1760902155.2034688,2,0,206,1.438463807106018,0.348505437374115,0.24135875701904297,0.03125,0.03125
1760902155.3175616,3,0,200,1.414365530014038,0.3615516126155853,0.27319860458374023,0.03125,0.03125
1760902155.4471998,1,0,208,1.608168601989746,0.3358253538608551,0.3217027187347412,0.03125,0.03125
1760902155.5564144,2,0,207,1.5762476921081543,0.34833234548568726,0.3257012367248535,0.03125,0.03125
1760902155.6814845,3,0,201,1.541337251663208,0.36177289485931396,0.33428430557250977,0.03125,0.03125
1760902155.8022294,1,0,209,1.4983539581298828,0.33653274178504944,0.3279862403869629,0.03125,0.03125
1760902155.9230714,2,0,208,1.411146640777588,0.3489832580089569,0.3415842056274414,0.03125,0.03125
1760902156.0113926,3,0,202,1.7019503116607666,0.36145320534706116,0.30324721336364746,0.03125,0.03125
1760902156.134474,1,0,210,1.6148386001586914,0.33641883730888367,0.2966952323913574,0.03125,0.03125
1760902156.2293108,2,0,209,1.4244954586029053,0.34947916865348816,0.278688907623291,0.03125,0.03125
1760902156.3399992,3,0,203,1.4889657497406006,0.3619025647640228,0.297609806060791,0.03125,0.03125
1760902156.4476354,1,0,211,1.639385461807251,0.33674824237823486,0.28725767135620117,0.03125,0.03125
1760902156.5580926,2,0,210,1.6673681735992432,0.34967416524887085,0.3013582229614258,0.03125,0.03125
1760902156.7208345,3,0,204,1.61360502243042,0.3618902564048767,0.36168909072875977,0.03125,0.03125
1760902156.8012397,1,0,212,1.3738420009613037,0.33766138553619385,0.31151318550109863,0.03125,0.03125
1760902156.8845503,2,0,211,1.5168662071228027,0.3497936427593231,0.29451704025268555,0.03125,0.03125
1760902156.9616058,3,0,205,1.3901658058166504,0.3630157709121704,0.23255276679992676,0.03125,0.03125
1760902157.041627,1,0,213,1.474839448928833,0.3379818797111511,0.2140810489654541,0.03125,0.03125
1760902157.1154587,2,0,212,1.483818769454956,0.35035210847854614,0.21157121658325195,0.03125,0.03125
1760902157.2079341,3,0,206,1.7035324573516846,0.36292269825935364,0.22850275039672852,0.03125,0.03125
1760902157.303356,1,0,214,1.3182621002197266,0.3388808071613312,0.24756097793579102,0.03125,0.03125
1760902157.3991473,2,0,213,1.6912109851837158,0.35039427876472473,0.2554967403411865,0.03125,0.03125
1760902157.50601,3,0,207,1.630066990852356,0.36305588483810425,0.2608785629272461,0.03125,0.03125
1760902157.5724914,1,0,215,1.3614226579666138,0.33991608023643494,0.25150275230407715,0.03125,0.03125
1760902157.6753135,2,0,214,1.5661342144012451,0.35058140754699707,0.2563652992248535,0.03125,0.03125
1760902157.7909179,3,0,208,1.4812594652175903,0.36378589272499084,0.2817366123199463,0.03125,0.03125
1760902157.9266934,1,0,216,1.573011875152588,0.34014976024627686,0.31979990005493164,0.03125,0.03125
1760902158.0315835,2,0,215,1.2463183403015137,0.35163483023643494,0.328127384185791,0.03125,0.03125
1760902158.1160862,3,0,209,1.4860187768936157,0.36406248807907104,0.2930417060852051,0.03125,0.03125
1760902158.1933017,1,0,217,1.4973223209381104,0.3405246436595917,0.24668192863464355,0.03125,0.03125
1760902158.2701738,2,0,216,1.4310506582260132,0.3521025478839874,0.22193217277526855,0.03125,0.03125
1760902158.3437462,3,0,210,1.558529257774353,0.3648548722267151,0.21092510223388672,0.03125,0.03125
1760902158.4403305,1,0,218,1.4155088663101196,0.34118151664733887,0.2321782112121582,0.03125,0.03125
1760902158.522474,2,0,217,1.5227757692337036,0.3527092933654785,0.23514246940612793,0.03125,0.03125
1760902158.5787296,3,0,211,1.5487762689590454,0.3651975095272064,0.21679210662841797,0.03125,0.03125
1760902158.6496735,1,0,219,1.4602415561676025,0.34204545617103577,0.19876551628112793,0.03125,0.03125
1760902158.7132037,2,0,218,1.4350073337554932,0.3533104956150055,0.18672657012939453,0.03125,0.03125
1760902158.7916286,3,0,212,1.2653850317001343,0.3663438856601715,0.20540976524353027,0.03125,0.03125
1760902158.9002967,1,0,220,1.6264351606369019,0.34261876344680786,0.2347733974456787,0.03125,0.03125
1760902158.9776077,2,0,219,1.6637108325958252,0.35319602489471436,0.2380826473236084,0.03125,0.03125
1760902159.0456967,3,0,213,1.559123158454895,0.36682242155075073,0.22389483451843262,0.03125,0.03125
1760902159.122323,1,0,221,1.433213233947754,0.34297579526901245,0.2061467170715332,0.03125,0.03125
1760902159.25588,2,0,220,1.4457666873931885,0.3538602888584137,0.2579021453857422,0.03125,0.03125
1760902159.33465,3,0,214,1.3099398612976074,0.36758720874786377,0.26673007011413574,0.03125,0.03125
1760902159.4484756,1,0,222,1.3953497409820557,0.34382006525993347,0.3103339672088623,0.03125,0.03125
1760902159.5420685,2,0,221,1.364020824432373,0.354377806186676,0.2692892551422119,0.03125,0.03125
1760902159.6222312,3,0,215,1.5131455659866333,0.36769387125968933,0.2288961410522461,0.03125,0.03125
1760902159.6992884,1,0,223,1.4446626901626587,0.3443777859210968,0.2187509536743164,0.03125,0.03125
1760902159.7663574,2,0,222,1.5033726692199707,0.3548206388950348,0.2038285732269287,0.03125,0.03125
1760902159.8423316,3,0,216,1.5948833227157593,0.3680875599384308,0.20379853248596191,0.03125,0.03125
1760902159.9174695,1,0,224,1.5184799432754517,0.34486111998558044,0.2081904411315918,0.03125,0.03125
1760902159.9953089,2,0,223,1.5298086404800415,0.3550502359867096,0.21695542335510254,0.03125,0.03125
1760902160.0708723,3,0,217,1.470748782157898,0.3683342933654785,0.21134209632873535,0.03125,0.03125
1760902160.1757572,1,0,225,1.3719217777252197,0.3457549810409546,0.2357652187347412,0.03125,0.03125
1760902160.2785394,2,0,224,1.364262342453003,0.35576388239860535,0.264509916305542,0.03125,0.03125
1760902160.3594606,3,0,218,1.3883044719696045,0.3686501085758209,0.25370025634765625,0.03125,0.03125
1760902160.4318278,1,0,226,1.2805328369140625,0.3466409742832184,0.2348628044128418,0.03125,0.03125
1760902160.4984648,2,0,225,1.4309855699539185,0.35626381635665894,0.20056653022766113,0.03125,0.03125
1760902160.587186,3,0,219,1.411942720413208,0.36917614936828613,0.2125246524810791,0.03125,0.03125
1760902160.6721892,1,0,227,1.3773702383041382,0.3473135828971863,0.22887682914733887,0.03125,0.03125
1760902160.777927,2,0,226,1.462543249130249,0.35669052600860596,0.2634415626525879,0.03125,0.03125
1760902160.8531134,3,0,220,1.3368163108825684,0.3696267008781433,0.24266862869262695,0.03125,0.03125
1760902160.9172113,1,0,228,1.4218533039093018,0.34784388542175293,0.21861767768859863,0.03125,0.03125
1760902160.9879336,2,0,227,1.569909691810608,0.35718202590942383,0.19077825546264648,0.03125,0.03125
1760902161.0871692,3,0,221,1.3688275814056396,0.3701435923576355,0.234055757522583,0.03125,0.03125
1760902161.1618779,1,0,229,1.3712947368621826,0.34843748807907104,0.23228931427001953,0.03125,0.03125
1760902161.2180066,2,0,228,1.3864493370056152,0.357942134141922,0.20987319946289062,0.03125,0.03125
1760902161.290548,3,0,222,1.5469458103179932,0.370235413312912,0.19454026222229004,0.03125,0.03125
1760902161.362755,1,0,230,1.6475484371185303,0.3484848439693451,0.20087718963623047,0.03125,0.03125
1760902161.4627838,2,0,229,1.4603787660598755,0.3581521809101105,0.22989296913146973,0.03125,0.03125
1760902161.5256374,3,0,223,1.4602502584457397,0.3706752359867096,0.21909403800964355,0.03125,0.03125
1760902161.6211693,1,0,231,1.7159664630889893,0.3487338423728943,0.23209381103515625,0.03125,0.03125
1760902161.6988206,2,0,230,1.5684623718261719,0.35849568247795105,0.2301311492919922,0.03125,0.03125
1760902161.7988396,3,0,224,1.5494248867034912,0.370972216129303,0.2552788257598877,0.03125,0.03125
1760902161.8651822,1,0,232,1.3211408853530884,0.34945011138916016,0.23088860511779785,0.03125,0.03125
1760902161.931575,2,0,231,1.4665422439575195,0.35903826355934143,0.2043600082397461,0.03125,0.03125
1760902162.0033357,3,0,225,1.2874886989593506,0.3711974620819092,0.18927764892578125,0.03125,0.03125
1760902162.0690596,1,0,233,1.395888090133667,0.34969285130500793,0.1917581558227539,0.03125,0.03125
1760902162.1568115,2,0,232,1.3404252529144287,0.35971030592918396,0.2057666778564453,0.03125,0.03125
1760902162.2406185,3,0,226,1.360569715499878,0.37169602513313293,0.2244274616241455,0.03125,0.03125
1760902162.3073494,1,0,234,1.4406697750091553,0.35046541690826416,0.22207379341125488,0.03125,0.03125
1760902162.3909733,2,0,233,1.4438486099243164,0.36010950803756714,0.2165820598602295,0.03125,0.03125
1760902162.469566,3,0,227,1.531076431274414,0.37184759974479675,0.22594308853149414,0.03125,0.03125
1760902162.5340724,1,0,235,1.3474318981170654,0.35090041160583496,0.20216965675354004,0.03125,0.03125
1760902162.6374984,2,0,234,1.398390293121338,0.36070477962493896,0.2316749095916748,0.03125,0.03125
1760902162.7145572,3,0,228,1.4890975952148438,0.37247544527053833,0.2365570068359375,0.03125,0.03125
1760902162.7997081,1,0,236,1.7345128059387207,0.35106804966926575,0.2440493106842041,0.03125,0.03125
1760902162.8820841,2,0,235,1.7225866317749023,0.3608977794647217,0.22886323928833008,0.03125,0.03125
1760902162.9560175,3,0,229,1.388098120689392,0.3734374940395355,0.215576171875,0.03125,0.03125
1760902163.0550601,1,0,237,1.5408272743225098,0.35129988193511963,0.23712921142578125,0.03125,0.03125
1760902163.1359527,2,0,236,1.4539315700531006,0.3610232174396515,0.23801112174987793,0.03125,0.03125
1760902163.2053053,3,0,230,1.7037997245788574,0.37337663769721985,0.22123408317565918,0.03125,0.03125
1760902163.283354,1,0,238,1.4671118259429932,0.3517259359359741,0.20675301551818848,0.03125,0.03125
1760902163.3503833,2,0,237,1.4964860677719116,0.3614758551120758,0.20091485977172852,0.03125,0.03125
1760902163.434211,3,0,231,1.3239963054656982,0.3739897608757019,0.2117159366607666,0.03125,0.03125
1760902163.5045042,1,0,239,1.4427580833435059,0.35208332538604736,0.20536041259765625,0.03125,0.03125
1760902163.5717206,2,0,238,1.6597988605499268,0.3617939352989197,0.20116877555847168,0.03125,0.03125
1760902163.627931,3,0,232,1.2076045274734497,0.375,0.18372297286987305,0.03125,0.03125
1760902163.7135425,1,0,240,1.3473987579345703,0.35289159417152405,0.20036840438842773,0.03125,0.03125
1760902163.78639,2,0,239,1.7126014232635498,0.3615885376930237,0.20755457878112793,0.03125,0.03125
1760902163.8719714,3,0,233,1.5257532596588135,0.3756009638309479,0.21908211708068848,0.03125,0.03125
1760902163.942225,1,0,241,1.3850138187408447,0.35330578684806824,0.21300363540649414,0.03125,0.03125
1760902164.0483942,2,0,240,1.6390807628631592,0.36177384853363037,0.246596097946167,0.03125,0.03125
1760902164.1548657,3,0,234,1.4780172109603882,0.3759308457374573,0.2694242000579834,0.03125,0.03125
1760902164.2504685,1,0,242,1.7010202407836914,0.35345935821533203,0.2922048568725586,0.03125,0.03125
1760902164.3317623,2,0,241,1.4837560653686523,0.3621513545513153,0.2551305294036865,0.03125,0.03125
1760902164.4232664,3,0,235,1.3847713470458984,0.37658897042274475,0.24635624885559082,0.03125,0.03125
1760902164.4960768,1,0,243,1.5371084213256836,0.3535476326942444,0.22906756401062012,0.03125,0.03125
1760902164.5561972,2,0,242,1.4981496334075928,0.3627186119556427,0.2001664638519287,0.03125,0.03125
1760902164.6191666,3,0,236,1.4615347385406494,0.37684598565101624,0.17995333671569824,0.03125,0.03125
1760902164.697355,1,0,244,1.1887022256851196,0.3540816307067871,0.19071626663208008,0.03125,0.03125
1760902164.7645338,2,0,243,1.3974509239196777,0.36334529519081116,0.19168376922607422,0.03125,0.03125
1760902164.8302078,3,0,237,1.3614327907562256,0.3772321343421936,0.18948817253112793,0.03125,0.03125
1760902164.892213,1,0,245,1.3302562236785889,0.3547383248806,0.18695497512817383,0.03125,0.03125
1760902164.9635346,2,0,244,1.6837759017944336,0.3636479675769806,0.18732619285583496,0.03125,0.03125
1760902165.0280428,3,0,238,1.4716535806655884,0.37800732254981995,0.1862032413482666,0.03125,0.03125
1760902165.100896,1,0,246,1.3056752681732178,0.3551366329193115,0.19323134422302246,0.03125,0.03125
1760902165.151841,2,0,245,1.5646917819976807,0.36388465762138367,0.177473783493042,0.03125,0.03125
1760902165.2284908,3,0,239,1.6144096851348877,0.37838542461395264,0.18956780433654785,0.03125,0.03125
1760902165.300754,1,0,247,1.3356515169143677,0.35546875,0.19309043884277344,0.03125,0.03125
1760902165.366223,2,0,246,1.6663062572479248,0.36405616998672485,0.19439959526062012,0.03125,0.03125
1760902165.430755,3,0,240,1.5772864818572998,0.378695547580719,0.20226407051086426,0.03125,0.03125
1760902165.493667,1,0,248,1.7188327312469482,0.3555471897125244,0.18643712997436523,0.03125,0.03125
1760902165.5573072,2,0,247,1.5111584663391113,0.3641633093357086,0.18207740783691406,0.03125,0.03125
1760902165.6337464,3,0,241,1.4811469316482544,0.37861570715904236,0.19414067268371582,0.03125,0.03125
1760902165.715461,1,0,249,1.336385726928711,0.35618749260902405,0.20689868927001953,0.03125,0.03125
1760902165.8517668,2,0,248,1.4706687927246094,0.3647088408470154,0.2777566909790039,0.03125,0.03125
1760902165.937052,3,0,242,1.344944953918457,0.37950101494789124,0.2843790054321289,0.03125,0.03125
1760902165.980508,1,0,250,1.383113145828247,0.3568849563598633,0.22899317741394043,0.03125,0.03125
1760902166.0995557,2,0,249,1.6391324996948242,0.3647499978542328,0.1970057487487793,0.03125,0.03125
1760902166.2128513,3,0,243,1.4724972248077393,0.3798668086528778,0.26613759994506836,0.03125,0.03125
1760902166.321439,1,0,251,1.6128194332122803,0.3570188581943512,0.2998697757720947,0.03125,0.03125
1760902166.403152,2,0,250,1.5446635484695435,0.365102082490921,0.2834172248840332,0.03125,0.03125
1760902166.477333,3,0,244,1.460701823234558,0.3801020383834839,0.2373509407043457,0.03125,0.03125
1760902166.556012,1,0,252,1.4652982950210571,0.35752221941947937,0.22143316268920898,0.03125,0.03125
1760902166.65648,2,0,251,1.4628942012786865,0.3656994104385376,0.23438143730163574,0.03125,0.03125
1760902166.7034764,3,0,245,1.5675477981567383,0.3802083432674408,0.21059036254882812,0.03125,0.03125
1760902166.791213,1,0,253,1.533630609512329,0.35802164673805237,0.20592641830444336,0.03125,0.03125
1760902166.8648279,2,0,252,1.6023592948913574,0.3659214377403259,0.2033989429473877,0.03125,0.03125
1760902166.9270227,3,0,246,1.54172682762146,0.38044029474258423,0.19694209098815918,0.03125,0.03125
1760902166.9945793,1,0,254,1.619340419769287,0.3578431308269501,0.1940913200378418,0.03125,0.03125
1760902167.0569863,2,0,253,1.5768924951553345,0.36583414673805237,0.17965340614318848,0.03125,0.03125
1760902167.1694953,3,0,247,1.1760830879211426,0.38161543011665344,0.22551274299621582,0.03125,0.03125
1760902167.1967316,1,0,255,1.432503342628479,0.35821533203125,0.18558669090270996,0.03125,0.03125
1760902167.2757874,2,0,254,1.5151801109313965,0.36611518263816833,0.1880323886871338,0.03125,0.03125
1760902167.3692567,3,0,248,1.3910623788833618,0.38196536898612976,0.17252516746520996,0.03125,0.03125
1760902167.4148536,1,0,256,1.1653658151626587,0.3588886260986328,0.20240068435668945,0.03125,0.03125
1760902167.591501,2,0,255,1.5748884677886963,0.366455078125,0.2855255603790283,0.03125,0.03125
1760902167.6722322,3,0,249,1.4406559467315674,0.38243749737739563,0.30095601081848145,0.03125,0.03125
1760902167.7626143,1,0,257,1.6566627025604248,0.35907217860221863,0.2700338363647461,0.03125,0.03125
1760902167.8760781,2,0,256,1.4743037223815918,0.36673152446746826,0.27158188819885254,0.03125,0.03125
1760902167.9688036,3,0,250,1.3746528625488281,0.38290587067604065,0.2840287685394287,0.03125,0.03125
1760902168.0246425,1,0,258,1.6492640972137451,0.3592543303966522,0.20623087882995605,0.03125,0.03125
1760902168.1321335,2,0,257,1.5202959775924683,0.3669452667236328,0.23497724533081055,0.03125,0.03125
1760902168.2338524,3,0,251,1.3991926908493042,0.3832465410232544,0.250075101852417,0.03125,0.03125
1760902168.303104,1,0,259,1.3795725107192993,0.3597956597805023,0.2406604290008545,0.03125,0.03125
1760902168.411158,2,0,258,1.4610817432403564,0.3675796389579773,0.26245951652526855,0.03125,0.03125
1760902168.4706974,3,0,252,1.404829978942871,0.38358449935913086,0.2312464714050293,0.03125,0.03125
1760902168.582244,2,0,259,1.4238204956054688,0.36784854531288147,0.17108583450317383,0.03125,0.03125
1760902168.693426,1,1,0,1.4031426906585693,0.3603328466415405,0.220719575881958,0.03125,0.03125
1760902168.726592,3,0,253,1.3865740299224854,0.38391977548599243,0.2518765926361084,0.03125,0.03125
1760902168.8835354,1,1,1,1.498927354812622,0.3606870174407959,0.1901094913482666,0.03125,0.03125
1760902168.9249036,3,0,254,1.6055625677108765,0.3844362795352936,0.19831156730651855,0.03125,0.03125
1760902168.9582229,2,1,0,1.5149778127670288,0.36823514103889465,0.19984841346740723,0.03125,0.03125
1760902169.063272,1,1,2,1.3681118488311768,0.3611573278903961,0.1728839874267578,0.03125,0.03125
1760902169.1291118,3,0,255,1.708762288093567,0.38427734375,0.1958603858947754,0.03125,0.03125
1760902169.1931698,2,1,1,1.3688390254974365,0.3687380850315094,0.18767046928405762,0.03125,0.03125
1760902169.272045,1,1,3,1.4155027866363525,0.3614464998245239,0.20877289772033691,0.03125,0.03125
1760902169.3276205,3,0,256,1.455749273300171,0.384545236825943,0.18865442276000977,0.03125,0.03125
1760902169.4024353,2,1,2,1.4162898063659668,0.3690589368343353,0.19598603248596191,0.03125,0.03125
1760902169.4670444,1,1,4,1.3907089233398438,0.3616745173931122,0.19034624099731445,0.03125,0.03125
1760902169.544374,3,0,257,1.387291431427002,0.38493216037750244,0.20723605155944824,0.03125,0.03125
1760902169.6040015,2,1,3,1.382279396057129,0.3694365620613098,0.18709301948547363,0.03125,0.03125
1760902169.6807406,1,1,5,1.603418231010437,0.3618420958518982,0.19390392303466797,0.03125,0.03125
1760902169.7537615,3,0,258,1.3430476188659668,0.38519546389579773,0.19957923889160156,0.03125,0.03125
1760902169.806358,2,1,4,1.3102333545684814,0.370165079832077,0.18283987045288086,0.03125,0.03125
1760902169.9003112,1,1,6,1.4632924795150757,0.36224251985549927,0.21957063674926758,0.03125,0.03125
1760902169.9994316,3,0,259,1.6248180866241455,0.3856971263885498,0.24067401885986328,0.03125,0.03125
1760902170.0747557,2,1,5,1.1960115432739258,0.3706531822681427,0.24611234664916992,0.03125,0.03125
1760902170.1480777,1,1,7,1.619035243988037,0.36258161067962646,0.24776649475097656,0.03125,0.03125
1760902170.2550516,2,1,6,1.5388658046722412,0.3708450496196747,0.17276430130004883,0.03125,0.03125
1760902170.394925,3,1,0,1.3879902362823486,0.38631466031074524,0.25933027267456055,0.03125,0.03125
1760902170.4243188,1,1,8,1.3489887714385986,0.3633248209953308,0.23115277290344238,0.03125,0.03125
1760902170.5482101,2,1,7,1.4880958795547485,0.37121036648750305,0.21306395530700684,0.03125,0.03125
1760902170.7438173,3,1,1,1.2574434280395508,0.38680821657180786,0.346879243850708,0.03125,0.03125
1760902170.759477,1,1,9,1.3357585668563843,0.3638888895511627,0.3028852939605713,0.03125,0.03125
1760902170.9039922,2,1,8,1.7074130773544312,0.37163102626800537,0.24457788467407227,0.03125,0.03125
1760902171.079792,3,1,2,1.4262800216674805,0.38729801774024963,0.33597469329833984,0.03125,0.03125
1760902171.0917993,1,1,10,1.2869621515274048,0.36433348059654236,0.3005552291870117,0.03125,0.03125
1760902171.2417254,2,1,9,1.423192024230957,0.37187498807907104,0.2380380630493164,0.03125,0.03125
1760902171.4324408,3,1,3,1.2680996656417847,0.38790246844291687,0.35062503814697266,0.03125,0.03125
1760902171.455862,1,1,11,1.2539472579956055,0.36500459909439087,0.3362584114074707,0.03125,0.03125
1760902171.5972002,2,1,10,1.2758021354675293,0.37234777212142944,0.24588298797607422,0.03125,0.03125
1760902171.7303195,3,1,4,1.3355951309204102,0.38814857602119446,0.2978787422180176,0.03125,0.03125
1760902171.773007,1,1,12,1.4254975318908691,0.36521291732788086,0.28426575660705566,0.03125,0.03125
1760902171.8728144,2,1,11,1.1212959289550781,0.3733915388584137,0.21335458755493164,0.03125,0.03125
1760902171.9379354,3,1,5,1.6855742931365967,0.3880404233932495,0.20508408546447754,0.03125,0.03125
1760902172.0283997,1,1,13,1.602874517440796,0.36536267399787903,0.22790741920471191,0.03125,0.03125
1760902172.120339,2,1,12,1.469550371170044,0.37379807233810425,0.23883271217346191,0.03125,0.03125
1760902172.1685686,3,1,6,1.4143610000610352,0.3883427083492279,0.20898771286010742,0.03125,0.03125
1760902172.2596521,1,1,14,1.5615532398223877,0.36568182706832886,0.21401453018188477,0.03125,0.03125
1760902172.3502424,2,1,13,1.6006176471710205,0.373973548412323,0.22588849067687988,0.03125,0.03125
1760902172.4769907,3,1,7,1.3373339176177979,0.3885844349861145,0.2844119071960449,0.03125,0.03125
1760902172.5325701,1,1,15,1.3003244400024414,0.366338312625885,0.26308202743530273,0.03125,0.03125
1760902172.608623,2,1,14,1.1991634368896484,0.37477272748947144,0.23694777488708496,0.03125,0.03125
1760902172.7096243,3,1,8,1.3119441270828247,0.38917285203933716,0.22863340377807617,0.03125,0.03125
1760902172.833753,1,1,16,1.3602415323257446,0.3669900596141815,0.2872931957244873,0.03125,0.03125
1760902172.907704,2,1,15,1.437649130821228,0.375,0.2745802402496338,0.03125,0.03125
1760902172.9886897,3,1,9,1.539658784866333,0.3895833194255829,0.20914483070373535,0.03125,0.03125
1760902173.0665746,1,1,17,1.479651927947998,0.3672437071800232,0.21677660942077637,0.03125,0.03125
1760902173.1349697,2,1,16,1.4027336835861206,0.3753948509693146,0.2114393711090088,0.03125,0.03125
1760902173.2163181,3,1,10,1.5754268169403076,0.3894142210483551,0.21010136604309082,0.03125,0.03125
1760902173.2820032,1,1,18,1.5020768642425537,0.36771953105926514,0.19864869117736816,0.03125,0.03125
1760902173.3478937,2,1,17,1.3156402111053467,0.3760116994380951,0.19145870208740234,0.03125,0.03125
1760902173.4185297,3,1,11,1.380920171737671,0.38976332545280457,0.19215655326843262,0.03125,0.03125
1760902173.495685,1,1,19,1.5919216871261597,0.3681919574737549,0.20467925071716309,0.03125,0.03125
1760902173.5653996,2,1,18,1.3368961811065674,0.37656810879707336,0.20531821250915527,0.03125,0.03125
1760902173.6572201,3,1,12,1.4070532321929932,0.3900526463985443,0.21527576446533203,0.03125,0.03125
1760902173.7385688,1,1,20,1.329503059387207,0.3688834607601166,0.2274482250213623,0.03125,0.03125
1760902173.8189545,2,1,19,1.484861135482788,0.37689733505249023,0.22318577766418457,0.03125,0.03125
1760902173.9069622,3,1,13,1.1854459047317505,0.3909101188182831,0.2310948371887207,0.03125,0.03125
1760902173.9718122,1,1,21,1.1919623613357544,0.3697362542152405,0.2196347713470459,0.03125,0.03125
1760902174.0483336,2,1,20,1.4892818927764893,0.3772242069244385,0.21277809143066406,0.03125,0.03125
1760902174.1137567,3,1,14,1.1893510818481445,0.3915909230709076,0.19469404220581055,0.03125,0.03125
1760902174.209214,1,1,22,1.3596323728561401,0.37036219239234924,0.22555208206176758,0.03125,0.03125
1760902174.2937117,2,1,21,1.5624083280563354,0.37727171182632446,0.23793292045593262,0.03125,0.03125
1760902174.3841581,3,1,15,1.5233657360076904,0.39198368787765503,0.2465064525604248,0.03125,0.03125
1760902174.4558074,1,1,23,1.504669427871704,0.37065359950065613,0.22926020622253418,0.03125,0.03125
1760902174.5212262,2,1,22,1.5180394649505615,0.3776501715183258,0.20405936241149902,0.03125,0.03125
1760902174.5915756,3,1,16,1.5384842157363892,0.3922044336795807,0.19008851051330566,0.03125,0.03125
1760902174.6934512,1,1,24,1.3586748838424683,0.3711622953414917,0.22487092018127441,0.03125,0.03125
1760902174.7652621,2,1,23,1.444903016090393,0.3779159188270569,0.2288217544555664,0.03125,0.03125
1760902174.8529499,3,1,17,1.4977898597717285,0.3924797773361206,0.23990726470947266,0.03125,0.03125
1760902174.9319644,1,1,25,1.365138053894043,0.3717220425605774,0.21960020065307617,0.03125,0.03125
1760902175.0138087,2,1,24,1.4214820861816406,0.3781798183917999,0.2239546775817871,0.03125,0.03125
1760902175.0799973,3,1,18,1.5030436515808105,0.3929211497306824,0.20256853103637695,0.03125,0.03125
1760902175.1518927,1,1,26,1.2325955629348755,0.37244120240211487,0.1958303451538086,0.03125,0.03125
1760902175.232041,2,1,25,1.350451111793518,0.3787696659564972,0.20372366905212402,0.03125,0.03125
1760902175.310887,3,1,19,1.5214252471923828,0.39280134439468384,0.20758795738220215,0.03125,0.03125
1760902175.379849,1,1,27,1.3978838920593262,0.3724500834941864,0.21224713325500488,0.03125,0.03125
1760902175.4689496,2,1,26,1.36808443069458,0.3789742887020111,0.21855497360229492,0.03125,0.03125
1760902175.5586143,3,1,20,1.3141931295394897,0.3931828439235687,0.22588491439819336,0.03125,0.03125
1760902175.65584,1,1,28,1.3367749452590942,0.373053640127182,0.25330424308776855,0.03125,0.03125
1760902175.7394202,2,1,27,1.5402381420135498,0.3790147602558136,0.2529022693634033,0.03125,0.03125
1760902175.8251503,3,1,21,1.3218978643417358,0.3936724364757538,0.24094486236572266,0.03125,0.03125
1760902175.8993757,1,1,29,1.408676266670227,0.37354525923728943,0.21591925621032715,0.03125,0.03125
1760902175.978606,2,1,28,1.5887060165405273,0.379325270652771,0.21729350090026855,0.03125,0.03125
1760902176.0716186,3,1,22,1.3701801300048828,0.39399293065071106,0.22356534004211426,0.03125,0.03125
1760902176.1809864,1,1,30,1.4170702695846558,0.37403351068496704,0.2502005100250244,0.03125,0.03125
1760902176.3079488,2,1,29,1.2709705829620361,0.37979525327682495,0.3040344715118408,0.03125,0.03125
1760902176.3420382,3,1,23,1.496044397354126,0.3942011296749115,0.24289321899414062,0.03125,0.03125
1760902176.4442194,1,1,31,1.3775404691696167,0.3743043541908264,0.17644572257995605,0.03125,0.03125
1760902176.5364606,2,1,30,1.4920977354049683,0.38026201725006104,0.22851181030273438,0.03125,0.03125
1760902176.5797884,3,1,24,1.1953855752944946,0.39495614171028137,0.23417067527770996,0.03125,0.03125
1760902176.6740468,1,1,32,1.2309253215789795,0.3747866749763489,0.16997718811035156,0.03125,0.03125
1760902176.7432504,2,1,31,1.3236072063446045,0.38083261251449585,0.1944136619567871,0.03125,0.03125
1760902176.816723,3,1,25,1.2720900774002075,0.3956512212753296,0.2030489444732666,0.03125,0.03125
1760902176.9153934,1,1,33,1.5198140144348145,0.375,0.23096585273742676,0.03125,0.03125
1760902176.983007,2,1,32,1.4542007446289062,0.3812926709651947,0.21993708610534668,0.03125,0.03125
1760902177.0423832,3,1,26,1.3079185485839844,0.3960692584514618,0.20458054542541504,0.03125,0.03125
1760902177.119585,1,1,34,1.2050436735153198,0.3755296468734741,0.19814777374267578,0.03125,0.03125
1760902177.20813,2,1,33,1.559175729751587,0.38148385286331177,0.22086739540100098,0.03125,0.03125
1760902177.2730484,3,1,27,1.3621233701705933,0.396484375,0.2130730152130127,0.03125,0.03125
1760902177.3626065,1,1,35,1.500009298324585,0.3757390081882477,0.22080302238464355,0.03125,0.03125
1760902177.4422328,2,1,34,1.4009864330291748,0.3818855881690979,0.22263121604919434,0.03125,0.03125
1760902177.5515862,3,1,28,1.1616995334625244,0.3971669673919678,0.25745701789855957,0.03125,0.03125
1760902177.6481655,1,1,36,1.655592918395996,0.375946968793869,0.26691746711730957,0.03125,0.03125
1760902177.7533777,2,1,35,1.3254616260528564,0.38228464126586914,0.27733445167541504,0.03125,0.03125
1760902177.8268604,3,1,29,1.1897714138031006,0.3975215554237366,0.2561466693878174,0.03125,0.03125
1760902177.927841,1,1,37,1.2524566650390625,0.37678271532058716,0.252396821975708,0.03125,0.03125
1760902177.9937317,2,1,36,1.474969506263733,0.38257575035095215,0.21483802795410156,0.03125,0.03125
1760902178.1007938,3,1,30,1.2597463130950928,0.3980884850025177,0.24324941635131836,0.03125,0.03125
1760902178.179299,1,1,38,1.4148845672607422,0.3771948218345642,0.23906230926513672,0.03125,0.03125
1760902178.2478173,2,1,37,1.2146415710449219,0.38328438997268677,0.22669029235839844,0.03125,0.03125
1760902178.3670974,3,1,31,1.2297685146331787,0.3985445201396942,0.24485278129577637,0.03125,0.03125
1760902178.4055896,1,1,39,1.8259344100952148,0.3772916793823242,0.20829033851623535,0.03125,0.03125
1760902178.4946318,2,1,38,1.3862543106079102,0.38377925753593445,0.23096227645874023,0.03125,0.03125
1760902178.5662005,3,1,32,1.197105050086975,0.39899742603302,0.19164371490478516,0.03125,0.03125
1760902178.6654205,1,1,40,1.2647004127502441,0.3777512311935425,0.237992525100708,0.03125,0.03125
1760902178.7332292,2,1,39,1.4283623695373535,0.3841145932674408,0.2168569564819336,0.03125,0.03125
1760902178.8190575,3,1,33,1.436189889907837,0.39934098720550537,0.22713589668273926,0.03125,0.03125
1760902178.932237,1,1,41,1.1580077409744263,0.37846648693084717,0.250901460647583,0.03125,0.03125
1760902179.0029151,2,1,40,1.1548411846160889,0.3847072124481201,0.2522251605987549,0.03125,0.03125
1760902179.0597293,3,1,34,1.272141456604004,0.3997351825237274,0.17683744430541992,0.03125,0.03125
1760902179.1448362,1,1,42,1.4343981742858887,0.37881600856781006,0.19941186904907227,0.03125,0.03125
1760902179.2348716,2,1,41,1.2436192035675049,0.3852441906929016,0.22025513648986816,0.03125,0.03125
1760902179.2896614,3,1,35,1.257773995399475,0.4002322554588318,0.20799565315246582,0.03125,0.03125
1760902179.3766413,1,1,43,1.6001724004745483,0.37880346179008484,0.2156822681427002,0.03125,0.03125
1760902179.4546852,2,1,42,1.427412509918213,0.38567450642585754,0.20886635780334473,0.03125,0.03125
1760902179.538944,3,1,36,1.3143589496612549,0.4007260203361511,0.21940946578979492,0.03125,0.03125
1760902179.6138747,1,1,44,1.5988808870315552,0.3789958953857422,0.21541142463684082,0.03125,0.03125
1760902179.6675067,2,1,43,1.3566937446594238,0.38610196113586426,0.19624805450439453,0.03125,0.03125
1760902179.7602024,3,1,37,1.3690176010131836,0.4011639952659607,0.21216440200805664,0.03125,0.03125
1760902179.8375077,1,1,45,1.3909192085266113,0.37954452633857727,0.2131814956665039,0.03125,0.03125
1760902179.9363596,2,1,44,1.41445791721344,0.38642418384552,0.23237323760986328,0.03125,0.03125
1760902180.0165954,3,1,38,1.245223045349121,0.40175583958625793,0.23431158065795898,0.03125,0.03125
1760902180.1154902,1,1,46,1.3503484725952148,0.3797841966152191,0.24518179893493652,0.03125,0.03125
1760902180.1514776,2,1,45,1.1809132099151611,0.38725489377975464,0.19754481315612793,0.03125,0.03125
1760902180.2914302,3,1,39,1.401233434677124,0.40177083015441895,0.22014880180358887,0.03125,0.03125
1760902180.3710938,1,1,47,1.7885675430297852,0.37971794605255127,0.2420797348022461,0.03125,0.03125
1760902180.3997724,2,1,46,1.3741838932037354,0.3875712454319,0.24429535865783691,0.03125,0.03125
1760902180.5290258,3,1,40,1.5480904579162598,0.4017338156700134,0.20603537559509277,0.03125,0.03125
1760902180.65104,1,1,48,1.4706976413726807,0.3799555003643036,0.2729315757751465,0.03125,0.03125
1760902180.6878343,2,1,47,1.2577149868011475,0.3881899416446686,0.2548539638519287,0.03125,0.03125
1760902180.7924805,3,1,41,1.1999070644378662,0.4023696184158325,0.1895616054534912,0.03125,0.03125
1760902180.8729198,1,1,49,1.3630735874176025,0.38054436445236206,0.21907401084899902,0.03125,0.03125
1760902180.9363518,2,1,48,1.1982786655426025,0.3887540400028229,0.21691584587097168,0.03125,0.03125
1760902181.028016,3,1,42,1.2046492099761963,0.4028465449810028,0.21933293342590332,0.03125,0.03125
1760902181.0775797,1,1,50,1.3118306398391724,0.38117966055870056,0.20465993881225586,0.03125,0.03125
1760902181.1602917,2,1,49,1.0981502532958984,0.3892641067504883,0.19942688941955566,0.03125,0.03125
1760902181.2346346,3,1,43,1.2934648990631104,0.40316611528396606,0.19762015342712402,0.03125,0.03125
1760902181.3077433,1,1,51,1.4515273571014404,0.38141027092933655,0.20740795135498047,0.03125,0.03125
1760902181.3752098,2,1,50,1.4201756715774536,0.38941919803619385,0.20613455772399902,0.03125,0.03125
1760902181.4472475,3,1,44,1.315167784690857,0.40389344096183777,0.20160603523254395,0.03125,0.03125
1760902181.5109143,1,1,52,1.4916534423828125,0.38163939118385315,0.18721508979797363,0.03125,0.03125
1760902181.6037998,2,1,51,1.2691783905029297,0.3897235691547394,0.21945786476135254,0.03125,0.03125
1760902181.7296333,3,1,45,1.1564865112304688,0.4044628143310547,0.2700612545013428,0.03125,0.03125
1760902181.8470309,1,1,53,1.332524299621582,0.3820660710334778,0.3181946277618408,0.03125,0.03125
1760902181.9297452,2,1,52,1.6347911357879639,0.389776349067688,0.2900216579437256,0.03125,0.03125
1760902182.0346737,3,1,46,1.4360336065292358,0.4048249125480652,0.28763389587402344,0.03125,0.03125
1760902182.1350467,1,1,54,1.6140450239181519,0.382192462682724,0.2689986228942871,0.03125,0.03125
1760902182.2274525,2,1,53,1.4581170082092285,0.3899781107902527,0.2769806385040283,0.03125,0.03125
1760902182.3575563,3,1,47,1.5139284133911133,0.4049310088157654,0.30440545082092285,0.03125,0.03125
1760902182.4634001,1,1,55,1.3079867362976074,0.3827630579471588,0.31025218963623047,0.03125,0.03125
1760902182.5602484,2,1,54,1.3811160326004028,0.390625,0.29227590560913086,0.03125,0.03125
1760902182.6353714,3,1,48,1.3625752925872803,0.4051375389099121,0.25465965270996094,0.03125,0.03125
1760902182.772543,1,1,56,1.2456305027008057,0.38328075408935547,0.28409671783447266,0.03125,0.03125
1760902182.8422034,2,1,55,1.3888468742370605,0.3909216821193695,0.26119112968444824,0.03125,0.03125
1760902182.9255486,3,1,49,1.30971097946167,0.40539315342903137,0.25496959686279297,0.03125,0.03125
1760902183.0186467,1,1,57,1.306898832321167,0.383598655462265,0.2316899299621582,0.03125,0.03125
1760902183.1251297,2,1,56,1.3963723182678223,0.3911179006099701,0.2670304775238037,0.03125,0.03125
1760902183.2376206,3,1,50,1.2202047109603882,0.4056470990180969,0.2877485752105713,0.03125,0.03125
1760902183.3240702,1,1,58,1.3863226175308228,0.38381659984588623,0.28245019912719727,0.03125,0.03125
1760902183.4249034,2,1,57,1.3503477573394775,0.3914602994918823,0.2733652591705322,0.03125,0.03125
1760902183.498116,3,1,51,1.3827792406082153,0.4059996008872986,0.24370288848876953,0.03125,0.03125
1760902183.5734987,1,1,59,1.3714399337768555,0.38422852754592896,0.232560396194458,0.03125,0.03125
1760902183.6656988,2,1,58,1.1404502391815186,0.391947478055954,0.223128080368042,0.03125,0.03125
1760902183.7590451,3,1,52,1.222444772720337,0.40644967555999756,0.2391808032989502,0.03125,0.03125
1760902183.8915606,1,1,60,1.4275294542312622,0.38439446687698364,0.30202412605285645,0.03125,0.03125
1760902183.9806778,2,1,59,1.1771812438964844,0.39262694120407104,0.2927110195159912,0.03125,0.03125
1760902184.0683985,3,1,53,1.1075830459594727,0.40729498863220215,0.2895772457122803,0.03125,0.03125
1760902184.1392348,1,1,61,1.2845466136932373,0.38470497727394104,0.20859766006469727,0.03125,0.03125
1760902184.2175114,2,1,60,1.4239513874053955,0.3928641080856323,0.2134714126586914,0.03125,0.03125
1760902184.2752247,3,1,54,1.2701165676116943,0.40788689255714417,0.19236302375793457,0.03125,0.03125
1760902184.3602564,1,1,62,1.3310855627059937,0.3851586580276489,0.20511078834533691,0.03125,0.03125
1760902184.4440646,2,1,61,1.5423767566680908,0.3931483030319214,0.2162187099456787,0.03125,0.03125
1760902184.5141504,3,1,55,1.3648535013198853,0.40832674503326416,0.2131655216217041,0.03125,0.03125
1760902184.625273,1,1,63,1.5235326290130615,0.3854166567325592,0.24959349632263184,0.03125,0.03125
1760902184.7157347,2,1,62,1.160597324371338,0.39352747797966003,0.2686727046966553,0.03125,0.03125
1760902184.8051677,3,1,56,1.274519920349121,0.40871450304985046,0.2632448673248291,0.03125,0.03125
1760902184.9339461,1,1,64,1.3754090070724487,0.38567307591438293,0.2884676456451416,0.03125,0.03125
1760902185.0496204,2,1,63,1.6425039768218994,0.39342206716537476,0.3179950714111328,0.03125,0.03125
1760902185.1363847,3,1,57,1.3341500759124756,0.40905070304870605,0.3113083839416504,0.03125,0.03125
1760902185.2432053,1,1,65,1.3079524040222168,0.38597583770751953,0.2889218330383301,0.03125,0.03125
1760902185.35277,2,1,64,1.459069013595581,0.39365383982658386,0.2818176746368408,0.03125,0.03125
1760902185.4373517,3,1,58,1.2695074081420898,0.4094827473163605,0.27769041061401367,0.03125,0.03125
1760902185.5416112,1,1,66,1.282302975654602,0.38651567697525024,0.27829885482788086,0.03125,0.03125
1760902185.6346347,2,1,65,1.4141085147857666,0.3939800560474396,0.26053738594055176,0.03125,0.03125
1760902185.730242,3,1,59,1.0436373949050903,0.41035157442092896,0.26971983909606934,0.03125,0.03125
1760902185.838219,1,1,67,1.3920767307281494,0.3870522081851959,0.2678391933441162,0.03125,0.03125
1760902185.932586,2,1,66,1.2313462495803833,0.3944476246833801,0.27715229988098145,0.03125,0.03125
1760902186.0643363,3,1,60,1.5876941680908203,0.41038745641708374,0.3138000965118408,0.03125,0.03125
1760902186.1214414,1,1,68,1.5268909931182861,0.38706305623054504,0.26889872550964355,0.03125,0.03125
1760902186.2275956,2,1,67,1.318511724472046,0.3947218060493469,0.2795450687408447,0.03125,0.03125
1760902186.3158503,3,1,61,1.4065332412719727,0.4107142984867096,0.24598264694213867,0.03125,0.03125
1760902186.3896596,1,1,69,1.4199955463409424,0.38749998807907104,0.24703431129455566,0.03125,0.03125
1760902186.5019288,2,1,68,1.283965826034546,0.39542174339294434,0.25908994674682617,0.03125,0.03125
1760902186.5943959,3,1,62,1.4307119846343994,0.41099071502685547,0.2703897953033447,0.03125,0.03125
1760902186.6858554,1,1,70,1.1664820909500122,0.38793429732322693,0.2815968990325928,0.03125,0.03125
1760902186.7573578,2,1,69,1.2727442979812622,0.39578598737716675,0.21068906784057617,0.03125,0.03125
1760902186.822279,3,1,63,1.3903586864471436,0.411120742559433,0.2104952335357666,0.03125,0.03125
1760902186.926005,1,1,71,1.3931936025619507,0.3881777226924896,0.22413325309753418,0.03125,0.03125
1760902187.0123081,2,1,70,1.3637019395828247,0.3959592282772064,0.24277448654174805,0.03125,0.03125
1760902187.1027348,3,1,64,1.1778336763381958,0.41168269515037537,0.2572669982910156,0.03125,0.03125
1760902187.1744576,1,1,72,1.4247804880142212,0.3885135054588318,0.2299327850341797,0.03125,0.03125
1760902187.2729514,2,1,71,1.190164566040039,0.39622554183006287,0.23387646675109863,0.03125,0.03125
1760902187.3222592,3,1,65,1.1428495645523071,0.4122891128063202,0.20384478569030762,0.03125,0.03125
1760902187.3899853,1,1,73,1.6559488773345947,0.388426274061203,0.20851898193359375,0.03125,0.03125
1760902187.4790688,2,1,72,1.3159408569335938,0.3967248499393463,0.20185089111328125,0.03125,0.03125
1760902187.5598283,3,1,66,1.519812822341919,0.4123184382915497,0.22404813766479492,0.03125,0.03125
1760902187.6334503,1,1,74,1.3394370079040527,0.38885262608528137,0.22160887718200684,0.03125,0.03125
1760902187.6876316,2,1,73,1.5006804466247559,0.3972679674625397,0.18613338470458984,0.03125,0.03125
1760902187.7899656,3,1,67,1.3819501399993896,0.4127286672592163,0.2222137451171875,0.03125,0.03125
1760902187.845,1,1,75,1.3081870079040527,0.3889974057674408,0.2021496295928955,0.03125,0.03125
1760902187.9016814,2,1,74,1.3439998626708984,0.3973880708217621,0.18296051025390625,0.03125,0.03125
1760902187.9852183,3,1,68,1.4731675386428833,0.4128039479255676,0.18753457069396973,0.03125,0.03125
1760902188.0563834,1,1,76,1.3483695983886719,0.38928040862083435,0.19168853759765625,0.03125,0.03125
1760902188.1224945,2,1,75,1.578151822090149,0.3975074291229248,0.1889045238494873,0.03125,0.03125
1760902188.2010174,3,1,69,1.4440343379974365,0.4129734933376312,0.19867682456970215,0.03125,0.03125
1760902188.277568,1,1,77,1.2986407279968262,0.3896079957485199,0.2095785140991211,0.03125,0.03125
1760902188.3390095,2,1,76,1.516738772392273,0.39776521921157837,0.19757366180419922,0.03125,0.03125
1760902188.4283006,3,1,70,1.1722290515899658,0.4132836163043976,0.21314311027526855,0.03125,0.03125
1760902188.5073762,1,1,78,1.5406874418258667,0.3897492587566376,0.21793341636657715,0.03125,0.03125
1760902188.572517,2,1,77,1.3329216241836548,0.3981601297855377,0.20913171768188477,0.03125,0.03125
1760902188.651365,3,1,71,1.3615738153457642,0.41354480385780334,0.2120068073272705,0.03125,0.03125
1760902188.7244568,1,1,79,1.2494630813598633,0.3902573585510254,0.21023130416870117,0.03125,0.03125
1760902188.7986882,2,1,78,1.3495062589645386,0.3984144628047943,0.2016751766204834,0.03125,0.03125
1760902188.8754568,3,1,72,1.2426629066467285,0.41399210691452026,0.20696353912353516,0.03125,0.03125
1760902188.9524565,1,1,80,1.3637096881866455,0.3905791640281677,0.21710729598999023,0.03125,0.03125
1760902189.026853,2,1,79,1.4987457990646362,0.39871323108673096,0.21531367301940918,0.03125,0.03125
1760902189.1045594,3,1,73,1.0732791423797607,0.41448354721069336,0.21637320518493652,0.03125,0.03125
1760902189.1690679,1,1,81,1.1135356426239014,0.39131030440330505,0.19913005828857422,0.03125,0.03125
1760902189.2493596,2,1,80,1.6667814254760742,0.39864370226860046,0.20026350021362305,0.03125,0.03125
1760902189.3654063,3,1,74,1.2097541093826294,0.4148787260055542,0.24871540069580078,0.03125,0.03125
1760902189.4781256,1,1,82,1.2462279796600342,0.3918094038963318,0.2897164821624756,0.03125,0.03125
1760902189.5446308,2,1,81,1.293300986289978,0.39912280440330505,0.2621777057647705,0.03125,0.03125
1760902189.6181247,3,1,75,1.5147755146026611,0.4148065447807312,0.20043563842773438,0.03125,0.03125
1760902189.6808426,1,1,83,1.376379132270813,0.3920784890651703,0.19006896018981934,0.03125,0.03125
1760902189.7566733,2,1,82,1.3641459941864014,0.3995535671710968,0.19907736778259277,0.03125,0.03125
1760902189.8613815,3,1,76,1.4603354930877686,0.4148738980293274,0.2299649715423584,0.03125,0.03125
1760902189.9705186,1,1,84,1.2933814525604248,0.39252716302871704,0.2718334197998047,0.03125,0.03125
1760902190.0353827,2,1,83,1.4636034965515137,0.3998001515865326,0.26117467880249023,0.03125,0.03125
1760902190.123589,3,1,77,1.1659290790557861,0.4151719808578491,0.23712444305419922,0.03125,0.03125
1760902190.1966891,1,1,85,1.3200162649154663,0.392837792634964,0.20858502388000488,0.03125,0.03125
1760902190.2631242,2,1,84,1.479584813117981,0.4000905752182007,0.20238351821899414,0.03125,0.03125
1760902190.335281,3,1,78,1.451185703277588,0.41533002257347107,0.20228028297424316,0.03125,0.03125
1760902190.408243,1,1,86,1.3652526140213013,0.3931015729904175,0.20233440399169922,0.03125,0.03125
1760902190.4771972,2,1,85,1.3611905574798584,0.40069544315338135,0.20152950286865234,0.03125,0.03125
1760902190.5459664,3,1,79,1.5078414678573608,0.41557905077934265,0.20071911811828613,0.03125,0.03125
1760902190.6030512,1,1,87,1.475610613822937,0.39354345202445984,0.18407821655273438,0.03125,0.03125
1760902190.6822057,2,1,86,1.400585651397705,0.4009366035461426,0.19262480735778809,0.03125,0.03125
1760902190.7535808,3,1,80,1.3879716396331787,0.41582661867141724,0.1979389190673828,0.03125,0.03125
1760902190.821286,1,1,88,1.5460686683654785,0.39349034428596497,0.19774889945983887,0.03125,0.03125
1760902190.8948228,2,1,87,1.159122109413147,0.40144577622413635,0.1996603012084961,0.03125,0.03125
1760902191.0122378,3,1,81,1.4016156196594238,0.41584429144859314,0.24418425559997559,0.03125,0.03125
1760902191.1492803,1,1,89,1.1887249946594238,0.3941517770290375,0.3102989196777344,0.03125,0.03125
1760902191.2391086,2,1,88,1.2112606763839722,0.4019072353839874,0.32025599479675293,0.03125,0.03125
1760902191.3136926,3,1,82,1.1866430044174194,0.4162262976169586,0.21056652069091797,0.03125,0.03125
1760902191.3693714,1,1,90,1.1592234373092651,0.3947649598121643,0.19664573669433594,0.03125,0.03125
1760902191.446812,2,1,89,1.2761073112487793,0.40241071581840515,0.19896459579467773,0.03125,0.03125
1760902191.5307584,3,1,83,1.4201990365982056,0.4163335859775543,0.20500707626342773,0.03125,0.03125
1760902191.5898554,1,1,91,1.3517835140228271,0.39510831236839294,0.1967935562133789,0.03125,0.03125
1760902191.6657422,2,1,90,1.5037059783935547,0.4025551974773407,0.2032175064086914,0.03125,0.03125
1760902191.7467234,3,1,84,1.4945282936096191,0.416576087474823,0.2129671573638916,0.03125,0.03125
1760902191.8119109,1,1,92,1.3414207696914673,0.39518412947654724,0.20917510986328125,0.03125,0.03125
1760902191.883432,2,1,91,1.3523532152175903,0.4029651880264282,0.21768975257873535,0.03125,0.03125
1760902191.9514546,3,1,85,1.3377686738967896,0.41690751910209656,0.1948225498199463,0.03125,0.03125
1760902192.0283954,1,1,93,1.3705706596374512,0.3953036665916443,0.2030646800994873,0.03125,0.03125
1760902192.1051533,2,1,92,1.2434520721435547,0.4033728837966919,0.21172142028808594,0.03125,0.03125
1760902192.1821637,3,1,86,1.2475788593292236,0.4172820746898651,0.20922303199768066,0.03125,0.03125
1760902192.2761164,1,1,94,1.2480461597442627,0.3957746624946594,0.23042821884155273,0.03125,0.03125
1760902192.3485782,2,1,93,1.2321686744689941,0.4038665294647217,0.21631860733032227,0.03125,0.03125
1760902192.4247932,3,1,87,1.3792595863342285,0.4174748659133911,0.21371006965637207,0.03125,0.03125
1760902192.5242627,1,1,95,1.2233383655548096,0.39606741070747375,0.2354137897491455,0.03125,0.03125
1760902192.571153,2,1,94,1.341217041015625,0.4043574035167694,0.20653796195983887,0.03125,0.03125
1760902192.6339338,3,1,88,1.2160404920578003,0.41793516278266907,0.18089008331298828,0.03125,0.03125
1760902192.7214684,1,1,96,1.2613848447799683,0.396577388048172,0.19420814514160156,0.03125,0.03125
1760902192.8061624,2,1,95,1.457693338394165,0.4044066071510315,0.21717453002929688,0.03125,0.03125
1760902192.896978,3,1,89,1.3819053173065186,0.4182142913341522,0.23765850067138672,0.03125,0.03125
1760902192.9944706,1,1,97,1.476099967956543,0.3966916799545288,0.24832987785339355,0.03125,0.03125
1760902193.0577834,2,1,96,1.3104047775268555,0.4048932194709778,0.229356050491333,0.03125,0.03125
1760902193.1370358,3,1,90,1.5290008783340454,0.41809117794036865,0.2318885326385498,0.03125,0.03125
1760902193.2212498,1,1,98,1.6364372968673706,0.3967183232307434,0.21917247772216797,0.03125,0.03125
1760902193.291676,2,1,97,1.5115458965301514,0.404897004365921,0.2218172550201416,0.03125,0.03125
1760902193.3758354,3,1,91,1.3710604906082153,0.41845703125,0.22578930854797363,0.03125,0.03125
1760902193.451377,1,1,99,1.1446568965911865,0.39726561307907104,0.2231290340423584,0.03125,0.03125
1760902193.5093257,2,1,98,1.2231237888336182,0.40516191720962524,0.20292234420776367,0.03125,0.03125
1760902193.6124163,3,1,92,1.1955223083496094,0.41890934109687805,0.23456668853759766,0.03125,0.03125
1760902193.7035687,1,1,100,1.5458769798278809,0.3972039520740509,0.24819684028625488,0.03125,0.03125
1760902193.776807,2,1,99,1.4005781412124634,0.40529513359069824,0.24208760261535645,0.03125,0.03125
1760902193.8708973,3,1,93,1.3311169147491455,0.4192708432674408,0.23715758323669434,0.03125,0.03125
1760902193.9564655,1,1,101,1.2621784210205078,0.39748790860176086,0.2354447841644287,0.03125,0.03125
1760902194.0338295,2,1,100,1.2565298080444336,0.40542763471603394,0.23482656478881836,0.03125,0.03125
1760902194.1072245,3,1,94,1.3080207109451294,0.41941019892692566,0.22632718086242676,0.03125,0.03125
1760902194.165826,1,1,102,1.5289325714111328,0.3976411819458008,0.19722270965576172,0.03125,0.03125
1760902194.2450206,2,1,101,1.2400665283203125,0.4056457281112671,0.2014462947845459,0.03125,0.03125
1760902194.3239648,3,1,95,1.4673117399215698,0.41954880952835083,0.20419025421142578,0.03125,0.03125
1760902194.3900468,1,1,103,1.4213857650756836,0.3977506756782532,0.19696831703186035,0.03125,0.03125
1760902194.4891758,2,1,102,1.2906758785247803,0.40620696544647217,0.227097749710083,0.03125,0.03125
1760902194.5735228,3,1,96,1.2303506135940552,0.4199492335319519,0.2335195541381836,0.03125,0.03125
1760902194.6377587,1,1,104,1.2850220203399658,0.39824485778808594,0.2184152603149414,0.03125,0.03125
1760902194.7161093,2,1,103,1.1906096935272217,0.4066363275051117,0.21150827407836914,0.03125,0.03125
1760902194.7938917,3,1,97,1.274756669998169,0.42026013135910034,0.21532154083251953,0.03125,0.03125
1760902194.8661683,1,1,105,1.3415685892105103,0.39852288365364075,0.21111750602722168,0.03125,0.03125
1760902194.9349964,2,1,104,1.669689655303955,0.40684932470321655,0.20214080810546875,0.03125,0.03125
1760902195.013816,3,1,98,1.3492116928100586,0.42048224806785583,0.20152044296264648,0.03125,0.03125
1760902195.1342044,1,1,106,1.495070219039917,0.3984587788581848,0.25175046920776367,0.03125,0.03125
1760902195.2394075,2,1,105,1.1631594896316528,0.40744534134864807,0.2816939353942871,0.03125,0.03125
1760902195.3326907,3,1,99,1.3523062467575073,0.42087674140930176,0.30032873153686523,0.03125,0.03125
1760902195.4164402,1,1,107,1.2156721353530884,0.39894700050354004,0.2614719867706299,0.03125,0.03125
1760902195.488377,2,1,106,1.2696387767791748,0.4077827036380768,0.2240736484527588,0.03125,0.03125
1760902195.5543714,3,1,100,1.5535492897033691,0.4209660589694977,0.20134520530700684,0.03125,0.03125
1760902195.6568606,1,1,108,1.098137617111206,0.3996019661426544,0.23070931434631348,0.03125,0.03125
1760902195.745109,2,1,107,1.24420964717865,0.40811821818351746,0.2513308525085449,0.03125,0.03125
1760902195.8212492,3,1,101,1.0047428607940674,0.4216160178184509,0.24933767318725586,0.03125,0.03125
1760902195.9052975,1,1,109,1.319422960281372,0.39991554617881775,0.23126578330993652,0.03125,0.03125
1760902195.9690611,2,1,108,1.257512092590332,0.4084518849849701,0.20656085014343262,0.03125,0.03125
1760902196.076532,3,1,102,1.2867188453674316,0.42183196544647217,0.23863601684570312,0.03125,0.03125
1760902196.165795,1,1,110,1.3337593078613281,0.40018531680107117,0.24599289894104004,0.03125,0.03125
1760902196.2438092,2,1,109,1.492935061454773,0.4084881842136383,0.24837064743041992,0.03125,0.03125
1760902196.3581243,3,1,103,1.166783094406128,0.4222184121608734,0.24797940254211426,0.03125,0.03125
1760902196.4414344,1,1,111,1.7157421112060547,0.4003696143627167,0.2533729076385498,0.03125,0.03125
1760902196.520252,2,1,110,1.5422636270523071,0.40865060687065125,0.2371692657470703,0.03125,0.03125
1760902196.5894735,3,1,104,1.1911826133728027,0.422559916973114,0.20963001251220703,0.03125,0.03125
1760902196.6966336,1,1,112,1.2063238620758057,0.4008461833000183,0.24090838432312012,0.03125,0.03125
1760902196.7711122,2,1,111,1.373818278312683,0.40910619497299194,0.2397007942199707,0.03125,0.03125
1760902196.8893244,3,1,105,1.4847652912139893,0.42272883653640747,0.2700064182281494,0.03125,0.03125
1760902196.9856644,1,1,113,1.4828739166259766,0.4009024202823639,0.26987457275390625,0.03125,0.03125
1760902197.0782466,2,1,112,1.4674923419952393,0.40939176082611084,0.2668600082397461,0.03125,0.03125
1760902197.210975,3,1,106,1.09697687625885,0.4232373833656311,0.29642462730407715,0.03125,0.03125
1760902197.311775,1,1,114,1.5523685216903687,0.4009999930858612,0.3070824146270752,0.03125,0.03125
1760902197.3669255,2,1,113,1.1567051410675049,0.4097175896167755,0.2183384895324707,0.03125,0.03125
1760902197.4580827,3,1,107,1.3628116846084595,0.42336106300354004,0.20989727973937988,0.03125,0.03125
1760902197.529783,1,1,115,1.1670005321502686,0.40151262283325195,0.20972394943237305,0.03125,0.03125
1760902197.5941231,2,1,114,1.5357840061187744,0.4097500145435333,0.20545172691345215,0.03125,0.03125
1760902197.6655457,3,1,108,1.1212278604507446,0.4236534535884857,0.1998293399810791,0.03125,0.03125
1760902197.7751646,1,1,116,1.2255218029022217,0.40189820528030396,0.23466110229492188,0.03125,0.03125
1760902197.870979,2,1,115,1.2408742904663086,0.41003158688545227,0.26849985122680664,0.03125,0.03125
1760902197.90605,3,1,109,1.2719695568084717,0.42407095432281494,0.22014737129211426,0.03125,0.03125
1760902198.018085,1,1,117,1.461836338043213,0.4020337164402008,0.19594430923461914,0.03125,0.03125
1760902198.093281,2,1,116,1.4327723979949951,0.41022878885269165,0.20977354049682617,0.03125,0.03125
1760902198.159027,3,1,110,1.546724796295166,0.42423349618911743,0.2052898406982422,0.03125,0.03125
1760902198.2346063,1,1,118,1.244653344154358,0.4024159014225006,0.202498197555542,0.03125,0.03125
1760902198.3469388,2,1,117,1.3105710744857788,0.4105076193809509,0.2445664405822754,0.03125,0.03125
1760902198.466198,3,1,111,1.1717073917388916,0.4246051609516144,0.29215049743652344,0.03125,0.03125
1760902198.561906,1,1,119,1.3540481328964233,0.4026727080345154,0.3077569007873535,0.03125,0.03125
1760902198.6035395,2,1,118,1.016402244567871,0.4110735356807709,0.23816752433776855,0.03125,0.03125
1760902198.6893752,3,1,112,1.451450228691101,0.4246397316455841,0.2094416618347168,0.03125,0.03125
1760902198.8203497,1,1,120,1.4104111194610596,0.40301015973091125,0.25702857971191406,0.03125,0.03125
1760902198.9248204,2,1,119,1.3355169296264648,0.4114309251308441,0.2940642833709717,0.03125,0.03125
1760902199.0252357,3,1,113,1.43153715133667,0.4248412549495697,0.3164517879486084,0.03125,0.03125
1760902199.1186469,1,1,121,1.1521586179733276,0.40363219380378723,0.279583215713501,0.03125,0.03125
1760902199.1750214,2,1,120,1.3746874332427979,0.41178640723228455,0.22238969802856445,0.03125,0.03125
1760902199.2486522,3,1,114,1.3335517644882202,0.42508333921432495,0.20850157737731934,0.03125,0.03125
1760902199.30692,1,1,122,1.4019198417663574,0.4039246141910553,0.18581914901733398,0.03125,0.03125
1760902199.3814783,2,1,121,1.4239180088043213,0.4119764268398285,0.197479248046875,0.03125,0.03125
1760902199.4887264,3,1,115,1.3780200481414795,0.42524102330207825,0.2335207462310791,0.03125,0.03125
1760902199.5465057,1,1,123,1.5409228801727295,0.4041748046875,0.21897339820861816,0.03125,0.03125
1760902199.6555483,2,1,122,1.2620205879211426,0.41232866048812866,0.27104735374450684,0.03125,0.03125
1760902199.7681983,3,1,116,1.2400686740875244,0.42556366324424744,0.2721598148345947,0.03125,0.03125
1760902199.8783772,1,1,124,1.3481379747390747,0.4045860469341278,0.3134794235229492,0.03125,0.03125
1760902200.0310683,2,1,123,1.2143549919128418,0.4127197265625,0.34739136695861816,0.03125,0.03125
1760902200.1601589,3,1,117,1.1870135068893433,0.4260912835597992,0.3663675785064697,0.03125,0.03125
1760902200.2540796,1,1,125,1.282366156578064,0.4050356149673462,0.34145331382751465,0.03125,0.03125
1760902200.369586,2,1,124,1.2898972034454346,0.41306817531585693,0.30556440353393555,0.03125,0.03125
1760902200.5278678,3,1,118,1.3887989521026611,0.42620381712913513,0.35214662551879883,0.03125,0.03125
1760902200.6026988,1,1,126,1.144813060760498,0.4056040048599243,0.3216383457183838,0.03125,0.03125
1760902200.728912,2,1,125,1.4832570552825928,0.41325291991233826,0.3287501335144043,0.03125,0.03125
1760902200.9188426,3,1,119,1.3523218631744385,0.42619243264198303,0.3752281665802002,0.03125,0.03125
1760902200.9554536,1,1,127,1.3615994453430176,0.405927836894989,0.3339271545410156,0.03125,0.03125
1760902201.0554478,2,1,126,1.3940601348876953,0.4134770631790161,0.20659804344177246,0.03125,0.03125
1760902201.1436422,3,1,120,1.3207745552062988,0.4265912175178528,0.22479963302612305,0.03125,0.03125
1760902201.245533,1,1,128,1.39817476272583,0.4062098264694214,0.2586977481842041,0.03125,0.03125
1760902201.336623,2,1,127,1.2291665077209473,0.4136195182800293,0.2551126480102539,0.03125,0.03125
1760902201.4155898,3,1,121,1.19514000415802,0.42706969380378723,0.24354171752929688,0.03125,0.03125
1760902201.5529203,1,1,129,1.3076478242874146,0.4066105782985687,0.28674888610839844,0.03125,0.03125
1760902201.6221936,2,1,128,1.4331920146942139,0.41372108459472656,0.2694864273071289,0.03125,0.03125
1760902201.697699,3,1,122,1.2069603204727173,0.4273824989795685,0.25305914878845215,0.03125,0.03125
1760902201.774543,1,1,130,1.3386471271514893,0.4068494141101837,0.21768426895141602,0.03125,0.03125
1760902201.8748395,2,1,129,1.1895349025726318,0.41422274708747864,0.23335576057434082,0.03125,0.03125
1760902201.947273,3,1,123,1.2332775592803955,0.4276936948299408,0.23299622535705566,0.03125,0.03125
1760902202.0478992,1,1,131,1.0694893598556519,0.40740594267845154,0.2563936710357666,0.03125,0.03125
1760902202.13238,2,1,130,1.2769523859024048,0.41456201672554016,0.24429655075073242,0.03125,0.03125
1760902202.2195146,3,1,124,1.2838513851165771,0.4280844032764435,0.24694037437438965,0.03125,0.03125
1760902202.3101032,1,1,132,1.4011057615280151,0.4078005850315094,0.23951005935668945,0.03125,0.03125
1760902202.3742957,2,1,131,1.1776031255722046,0.41485968232154846,0.22752165794372559,0.03125,0.03125
1760902202.4463627,3,1,125,1.1324396133422852,0.4284326434135437,0.1971759796142578,0.03125,0.03125
1760902202.5404036,1,1,133,1.3197662830352783,0.40815356373786926,0.221055269241333,0.03125,0.03125
1760902202.619863,2,1,132,1.5111992359161377,0.41499683260917664,0.2299649715423584,0.03125,0.03125
1760902202.7053046,3,1,126,1.015495777130127,0.4291020631790161,0.23720407485961914,0.03125,0.03125
1760902202.7910674,1,1,134,1.1445746421813965,0.40850475430488586,0.23612737655639648,0.03125,0.03125
1760902202.8852146,2,1,133,1.1849868297576904,0.4154108464717865,0.24588537216186523,0.03125,0.03125
1760902202.9966927,3,1,127,1.460719108581543,0.4292847812175751,0.2693779468536377,0.03125,0.03125
1760902203.1275396,1,1,135,1.2822766304016113,0.40857797861099243,0.31335926055908203,0.03125,0.03125
1760902203.2133522,2,1,134,1.326644778251648,0.4157436788082123,0.30025148391723633,0.03125,0.03125
1760902203.2900085,3,1,128,1.3187742233276367,0.42934608459472656,0.2734661102294922,0.03125,0.03125
1760902203.3776698,1,1,136,1.079071283340454,0.40912312269210815,0.2215709686279297,0.03125,0.03125
1760902203.435303,2,1,135,1.3949617147445679,0.4158380627632141,0.20583343505859375,0.03125,0.03125
1760902203.528284,3,1,129,1.3070530891418457,0.42984774708747864,0.22025227546691895,0.03125,0.03125
1760902203.6150503,1,1,137,1.152163028717041,0.40950846672058105,0.2231144905090332,0.03125,0.03125
1760902203.6836603,2,1,136,1.2989360094070435,0.41601070761680603,0.21633696556091309,0.03125,0.03125
1760902203.7501452,3,1,130,1.251068353652954,0.43022698163986206,0.20102214813232422,0.03125,0.03125
1760902203.8375716,1,1,138,1.395298719406128,0.4095786213874817,0.20926904678344727,0.03125,0.03125
1760902203.9112864,2,1,137,1.4352338314056396,0.4161824882030487,0.21209096908569336,0.03125,0.03125
1760902203.9799008,3,1,131,1.5293800830841064,0.4302455484867096,0.20821285247802734,0.03125,0.03125
1760902204.0713856,1,1,139,1.1416661739349365,0.4100390672683716,0.21995258331298828,0.03125,0.03125
1760902204.1567721,2,1,138,1.350135326385498,0.4161575734615326,0.2240149974822998,0.03125,0.03125
1760902204.2453249,3,1,132,1.266737699508667,0.4305422902107239,0.23837852478027344,0.03125,0.03125
1760902204.3108723,1,1,140,1.300883173942566,0.4104192554950714,0.22175121307373047,0.03125,0.03125
1760902204.3838387,2,1,139,1.2471593618392944,0.41648438572883606,0.20237302780151367,0.03125,0.03125
1760902204.4650831,3,1,133,1.2734568119049072,0.4307186007499695,0.20105981826782227,0.03125,0.03125
1760902204.5291333,1,1,141,1.3031635284423828,0.4107975661754608,0.20025157928466797,0.03125,0.03125
1760902204.6009269,2,1,140,1.2330496311187744,0.41688746213912964,0.1941068172454834,0.03125,0.03125
1760902204.7125165,3,1,134,1.2078382968902588,0.4308544397354126,0.23543643951416016,0.03125,0.03125
1760902204.8122196,1,1,142,1.1840686798095703,0.4112127721309662,0.26900434494018555,0.03125,0.03125
1760902204.9008174,2,1,141,1.1490058898925781,0.4172496795654297,0.2661747932434082,0.03125,0.03125
1760902204.9623508,3,1,135,1.2899936437606812,0.4311079680919647,0.22011876106262207,0.03125,0.03125
1760902205.077468,1,1,143,1.213693380355835,0.4113938808441162,0.2480297088623047,0.03125,0.03125
1760902205.1447237,2,1,142,1.4831104278564453,0.41729992628097534,0.22785496711730957,0.03125,0.03125
1760902205.2409384,3,1,136,1.433438777923584,0.43120276927948,0.26250147819519043,0.03125,0.03125
1760902205.3210137,1,1,144,1.3904751539230347,0.4116126596927643,0.2415294647216797,0.03125,0.03125
1760902205.4153,2,1,143,1.6041429042816162,0.41715654730796814,0.25734448432922363,0.03125,0.03125
1760902205.5110893,3,1,137,1.184091329574585,0.4315326511859894,0.24703240394592285,0.03125,0.03125
1760902205.6072204,1,1,145,1.1015806198120117,0.4122152030467987,0.26233983039855957,0.03125,0.03125
1760902205.6389453,2,1,144,1.182861328125,0.41751542687416077,0.20064711570739746,0.03125,0.03125
1760902205.7355251,3,1,138,1.2633113861083984,0.43182173371315,0.16811919212341309,0.03125,0.03125
1760902205.806148,1,1,146,1.1140673160552979,0.4126996397972107,0.18947148323059082,0.03125,0.03125
1760902205.8854845,2,1,145,1.4456068277359009,0.4177570939064026,0.2042226791381836,0.03125,0.03125
1760902205.9682193,3,1,139,1.2592723369598389,0.43226563930511475,0.21283745765686035,0.03125,0.03125
1760902206.0418956,1,1,147,1.3464329242706299,0.41295188665390015,0.21507525444030762,0.03125,0.03125
1760902206.1154335,2,1,146,1.113433599472046,0.41826626658439636,0.21427154541015625,0.03125,0.03125
1760902206.1960816,3,1,140,1.1451735496520996,0.4327462613582611,0.20859456062316895,0.03125,0.03125
1760902206.2743714,1,1,148,1.2401039600372314,0.41343215107917786,0.21862101554870605,0.03125,0.03125
1760902206.3680708,2,1,147,1.2927645444869995,0.4186197817325592,0.23469805717468262,0.03125,0.03125
1760902206.4563608,3,1,141,1.4643222093582153,0.43271923065185547,0.2341442108154297,0.03125,0.03125
1760902206.5454977,1,1,149,1.1738359928131104,0.4138719439506531,0.2461106777191162,0.03125,0.03125
1760902206.6122787,2,1,148,1.359462022781372,0.4190479815006256,0.21802306175231934,0.03125,0.03125
1760902206.6696727,3,1,142,1.317281723022461,0.4330800175666809,0.19354772567749023,0.03125,0.03125
1760902206.763509,1,1,150,1.2860288619995117,0.41430962085723877,0.20614266395568848,0.03125,0.03125
1760902206.8596766,2,1,149,1.3499577045440674,0.4191311001777649,0.2398390769958496,0.03125,0.03125
1760902206.9565175,3,1,143,1.1761428117752075,0.4334777295589447,0.2545351982116699,0.03125,0.03125
1760902207.0444825,1,1,151,1.425452709197998,0.4145176112651825,0.2540280818939209,0.03125,0.03125
1760902207.1155462,2,1,150,1.130225419998169,0.4197080433368683,0.23397183418273926,0.03125,0.03125
1760902207.2000113,3,1,144,1.3628627061843872,0.43368056416511536,0.22742652893066406,0.03125,0.03125
1760902207.2962852,1,1,152,1.142593502998352,0.4148002564907074,0.2271573543548584,0.03125,0.03125
1760902207.3936565,2,1,151,1.1913676261901855,0.4202442467212677,0.25861120223999023,0.03125,0.03125
1760902207.477736,3,1,145,1.3974637985229492,0.43392086029052734,0.2512242794036865,0.03125,0.03125
1760902207.5566545,1,1,153,1.2686915397644043,0.4149683117866516,0.2342696189880371,0.03125,0.03125
1760902207.6317744,2,1,152,1.159730076789856,0.4207778573036194,0.2236499786376953,0.03125,0.03125
1760902207.714601,3,1,146,1.4286863803863525,0.43396806716918945,0.21616077423095703,0.03125,0.03125
1760902207.7766364,1,1,154,1.372937560081482,0.415173202753067,0.1999342441558838,0.03125,0.03125
1760902207.8575745,2,1,153,1.312999963760376,0.42085596919059753,0.20389842987060547,0.03125,0.03125
1760902207.9312038,3,1,147,1.313225269317627,0.43409159779548645,0.19954919815063477,0.03125,0.03125
1760902208.0252116,1,1,155,1.3655965328216553,0.4156024754047394,0.22576618194580078,0.03125,0.03125
1760902208.0885556,2,1,154,1.3436088562011719,0.42108434438705444,0.2289714813232422,0.03125,0.03125
1760902208.1668608,3,1,148,1.2519807815551758,0.43429094552993774,0.21707940101623535,0.03125,0.03125
1760902208.2753406,1,1,156,1.2447052001953125,0.41584232449531555,0.23768186569213867,0.03125,0.03125
1760902208.3450565,2,1,155,1.1653053760528564,0.42138671875,0.23535752296447754,0.03125,0.03125
1760902208.4333253,3,1,149,1.3010444641113281,0.43448933959007263,0.23819470405578613,0.03125,0.03125
1760902208.4990897,1,1,157,1.457099199295044,0.41589415073394775,0.207993745803833,0.03125,0.03125
1760902208.587567,2,1,156,1.3613505363464355,0.4216127097606659,0.22271132469177246,0.03125,0.03125
1760902208.6811254,3,1,150,1.3604183197021484,0.43476277589797974,0.22574925422668457,0.03125,0.03125
1760902208.7447348,1,1,158,1.2331042289733887,0.4161321520805359,0.2160487174987793,0.03125,0.03125
1760902208.8216767,2,1,157,1.2100565433502197,0.4219497740268707,0.20250177383422852,0.03125,0.03125
1760902208.8934393,3,1,151,1.1731407642364502,0.4351486563682556,0.1964566707611084,0.03125,0.03125
1760902209.0076015,1,1,159,1.2943933010101318,0.4164806604385376,0.23667621612548828,0.03125,0.03125
1760902209.0719573,2,1,158,1.6003193855285645,0.4220241606235504,0.23415207862854004,0.03125,0.03125
1760902209.1504624,3,1,152,1.2566605806350708,0.4354570209980011,0.2380199432373047,0.03125,0.03125
1760902209.2311754,1,1,160,1.2280316352844238,0.41671615839004517,0.20586752891540527,0.03125,0.03125
1760902209.3681984,2,1,159,1.4376084804534912,0.4219494163990021,0.2724902629852295,0.03125,0.03125
1760902209.4622567,3,1,153,1.3693629503250122,0.435726135969162,0.2957918643951416,0.03125,0.03125
1760902209.5474505,1,1,161,1.075982928276062,0.41735783219337463,0.29499077796936035,0.03125,0.03125
1760902209.6193724,2,1,160,1.244767427444458,0.4223574697971344,0.22539520263671875,0.03125,0.03125
1760902209.6847785,3,1,154,1.3785815238952637,0.4357680678367615,0.19985508918762207,0.03125,0.03125
1760902209.7794073,1,1,162,1.391148328781128,0.4175162613391876,0.2134859561920166,0.03125,0.03125
1760902209.852272,2,1,161,1.2438364028930664,0.4227636158466339,0.23289966583251953,0.03125,0.03125
1760902209.9486773,3,1,155,1.2884875535964966,0.4361102879047394,0.24286746978759766,0.03125,0.03125
1760902210.0592244,1,1,163,1.2141990661621094,0.4179318845272064,0.2575838565826416,0.03125,0.03125
1760902210.180986,2,1,162,1.4048924446105957,0.42283540964126587,0.30359554290771484,0.03125,0.03125
1760902210.2738569,3,1,156,1.450055718421936,0.43641337752342224,0.29123830795288086,0.03125,0.03125
1760902210.3375835,1,1,164,1.3091274499893188,0.418308824300766,0.25838160514831543,0.03125,0.03125
1760902210.4172497,2,1,163,1.04853355884552,0.4233122169971466,0.21451807022094727,0.03125,0.03125
1760902210.4949305,3,1,157,1.1958231925964355,0.4367150068283081,0.20498085021972656,0.03125,0.03125
1760902210.5947714,1,1,165,1.3020672798156738,0.41857394576072693,0.23330354690551758,0.03125,0.03125
1760902210.6842988,2,1,164,1.3369442224502563,0.42356616258621216,0.24805355072021484,0.03125,0.03125
1760902210.7602928,3,1,158,1.2293484210968018,0.43701520562171936,0.2396068572998047,0.03125,0.03125
1760902210.8412118,1,1,166,1.3182010650634766,0.41858166456222534,0.220184326171875,0.03125,0.03125
1760902210.8996093,2,1,165,1.292962908744812,0.4238189458847046,0.19481873512268066,0.03125,0.03125
1760902210.9746227,3,1,159,1.0793721675872803,0.4375,0.19953179359436035,0.03125,0.03125
1760902211.045326,1,1,167,0.9895439743995667,0.41910046339035034,0.19611239433288574,0.03125,0.03125
1760902211.1025074,2,1,166,1.1528956890106201,0.42429009079933167,0.18334746360778809,0.03125,0.03125
1760902211.2046556,3,1,160,1.1849730014801025,0.4378340244293213,0.22703289985656738,0.03125,0.03125
1760902211.3061304,1,1,168,1.0809409618377686,0.4196532666683197,0.25191378593444824,0.03125,0.03125
1760902211.3780208,2,1,167,1.3520824909210205,0.42450350522994995,0.25183916091918945,0.03125,0.03125
1760902211.5011134,3,1,161,1.3572676181793213,0.4380553960800171,0.27445363998413086,0.03125,0.03125
1760902211.609779,1,1,169,1.2228832244873047,0.42020347714424133,0.2886507511138916,0.03125,0.03125
1760902211.7312853,2,1,168,1.3796477317810059,0.42460665106773376,0.33086395263671875,0.03125,0.03125
1760902211.8642972,3,1,162,1.1316068172454834,0.4383126497268677,0.3431839942932129,0.03125,0.03125
1760902211.9991493,1,1,170,1.2210488319396973,0.42046114802360535,0.35699892044067383,0.03125,0.03125
1760902212.0578218,2,1,169,1.2239450216293335,0.42503634095191956,0.3046126365661621,0.03125,0.03125
1760902212.1729786,3,1,163,1.3623137474060059,0.4384212791919708,0.28926944732666016,0.03125,0.03125
1760902212.2793362,1,1,171,1.4803426265716553,0.4205729067325592,0.2667088508605957,0.03125,0.03125
1760902212.4096673,2,1,170,1.335212230682373,0.42531901597976685,0.3342418670654297,0.03125,0.03125
1760902212.5380685,3,1,164,1.1721911430358887,0.43882352113723755,0.34029102325439453,0.03125,0.03125
1760902212.6195624,1,1,172,1.055230975151062,0.4210450351238251,0.317812442779541,0.03125,0.03125
1760902212.7609782,2,1,171,1.5563483238220215,0.42541956901550293,0.32320237159729004,0.03125,0.03125
1760902212.8846798,3,1,165,1.298781156539917,0.43904048204421997,0.3276996612548828,0.03125,0.03125
1760902213.012734,1,1,173,1.330437421798706,0.4211549460887909,0.35440826416015625,0.03125,0.03125
1760902213.123429,2,1,172,1.3882827758789062,0.4255557060241699,0.32807469367980957,0.03125,0.03125
1760902213.2597337,3,1,166,1.7155754566192627,0.4391832649707794,0.3434426784515381,0.03125,0.03125
1760902213.3941553,1,1,174,1.0548408031463623,0.42147988080978394,0.34964895248413086,0.03125,0.03125
1760902213.524959,2,1,173,1.1815314292907715,0.4259432554244995,0.3684213161468506,0.03125,0.03125
1760902213.6212254,3,1,167,1.1478662490844727,0.43943488597869873,0.329848051071167,0.03125,0.03125
1760902213.7457187,1,1,175,1.1411383152008057,0.4219466745853424,0.32166051864624023,0.03125,0.03125
1760902213.8698323,2,1,174,1.5499529838562012,0.4259338974952698,0.32077884674072266,0.03125,0.03125
1760902213.9951708,3,1,168,1.0032596588134766,0.43997669219970703,0.33811497688293457,0.03125,0.03125
1760902214.1394205,1,1,176,1.317678451538086,0.4221610426902771,0.3597891330718994,0.03125,0.03125
1760902214.25742,2,1,175,1.3929364681243896,0.42617544531822205,0.3638284206390381,0.03125,0.03125
1760902214.383685,3,1,169,1.0288121700286865,0.44069766998291016,0.3645358085632324,0.03125,0.03125
1760902214.5165389,1,1,177,1.3695135116577148,0.4222674071788788,0.35728001594543457,0.03125,0.03125
1760902214.6193597,2,1,176,1.3929249048233032,0.4263801574707031,0.3291490077972412,0.03125,0.03125
1760902214.7218611,3,1,170,1.364448070526123,0.4408715069293976,0.30510640144348145,0.03125,0.03125
1760902214.867083,1,1,178,1.5232337713241577,0.42230209708213806,0.33252906799316406,0.03125,0.03125
1760902214.9803772,2,1,177,1.2086784839630127,0.42665526270866394,0.33479881286621094,0.03125,0.03125
1760902215.100722,3,1,171,1.2594515085220337,0.4410807192325592,0.33799123764038086,0.03125,0.03125
1760902215.2454088,1,1,179,1.190430760383606,0.42276278138160706,0.3548567295074463,0.03125,0.03125
1760902215.358727,2,1,178,1.2468125820159912,0.4268935024738312,0.35159873962402344,0.03125,0.03125
1760902215.477701,3,1,172,1.4136133193969727,0.4411446452140808,0.34562134742736816,0.03125,0.03125
1760902215.585565,1,1,180,1.5038381814956665,0.42293792963027954,0.3151257038116455,0.03125,0.03125
1760902215.6766505,2,1,179,1.420443058013916,0.4270596504211426,0.2973663806915283,0.03125,0.03125
1760902215.7996676,3,1,173,1.277045488357544,0.44160425662994385,0.29338955879211426,0.03125,0.03125
1760902215.8948796,1,1,181,1.3361512422561646,0.42307692766189575,0.2904984951019287,0.03125,0.03125
1760902216.0120952,2,1,180,1.4013910293579102,0.4272959232330322,0.30911803245544434,0.03125,0.03125
1760902216.093831,3,1,174,1.2046189308166504,0.4418821930885315,0.271151065826416,0.03125,0.03125
1760902216.209339,1,1,182,1.1354997158050537,0.4235680103302002,0.28305816650390625,0.03125,0.03125
1760902216.3190973,2,1,181,1.3483045101165771,0.4274604022502899,0.29195547103881836,0.03125,0.03125
1760902216.4585829,3,1,175,1.3393712043762207,0.44201546907424927,0.345170259475708,0.03125,0.03125
1760902216.5960996,1,1,183,1.338485836982727,0.4236697554588318,0.36548852920532227,0.03125,0.03125
1760902216.6714575,2,1,182,1.4202429056167603,0.42758888006210327,0.3144495487213135,0.03125,0.03125
1760902216.7280405,3,1,176,1.4297375679016113,0.4421839118003845,0.23623895645141602,0.03125,0.03125
1760902216.8107986,1,1,184,1.1528888940811157,0.424051970243454,0.19992566108703613,0.03125,0.03125
1760902216.8691673,2,1,183,1.4181609153747559,0.4278223514556885,0.18381285667419434,0.03125,0.03125
1760902216.946589,3,1,177,1.2879300117492676,0.44238728284835815,0.19042563438415527,0.03125,0.03125
1760902217.0227904,1,1,185,1.210151195526123,0.4243273437023163,0.1990499496459961,0.03125,0.03125
1760902217.0908723,2,1,184,1.228760838508606,0.4281249940395355,0.1994004249572754,0.03125,0.03125
1760902217.149503,3,1,178,1.1337385177612305,0.4428744316101074,0.1837444305419922,0.03125,0.03125
1760902217.2290392,1,1,186,1.2068438529968262,0.4246714115142822,0.1950080394744873,0.03125,0.03125
1760902217.2932203,2,1,185,1.203059434890747,0.42835623025894165,0.1866927146911621,0.03125,0.03125
1760902217.3801641,3,1,179,1.3586442470550537,0.44311079382896423,0.20969104766845703,0.03125,0.03125
1760902217.4782667,1,1,187,1.3697195053100586,0.4251185953617096,0.24922752380371094,0.03125,0.03125
1760902217.5422552,2,1,186,1.1494781970977783,0.4286213517189026,0.22704148292541504,0.03125,0.03125
1760902217.6048396,3,1,180,1.2043994665145874,0.44323980808258057,0.20090699195861816,0.03125,0.03125
1760902217.7053087,1,1,188,1.5102019309997559,0.4253201484680176,0.20889043807983398,0.03125,0.03125
1760902217.7929296,2,1,187,1.5514955520629883,0.4285016655921936,0.22767853736877441,0.03125,0.03125
1760902217.8692684,3,1,181,1.3850891590118408,0.44336822628974915,0.2280428409576416,0.03125,0.03125
1760902217.9312878,1,1,189,1.5040184259414673,0.42538195848464966,0.2042829990386963,0.03125,0.03125
1760902218.0233283,2,1,188,1.235817551612854,0.4289045035839081,0.21221160888671875,0.03125,0.03125
1760902218.0842202,3,1,182,1.4082624912261963,0.4436018764972687,0.19498491287231445,0.03125,0.03125
1760902218.150924,1,1,190,1.1610112190246582,0.42565134167671204,0.19126653671264648,0.03125,0.03125
1760902218.2363763,2,1,189,1.2276368141174316,0.42927083373069763,0.2037959098815918,0.03125,0.03125
1760902218.3364546,3,1,183,0.9854076504707336,0.44418635964393616,0.23823046684265137,0.03125,0.03125
1760902218.4224958,1,1,191,1.5709419250488281,0.4256429672241211,0.24356293678283691,0.03125,0.03125
1760902218.4892101,2,1,190,1.1046626567840576,0.42956623435020447,0.22577738761901855,0.03125,0.03125
1760902218.587914,3,1,184,1.28920316696167,0.4443820118904114,0.2337179183959961,0.03125,0.03125
1760902218.6633203,1,1,192,1.2091403007507324,0.4260140657424927,0.22770333290100098,0.03125,0.03125
1760902218.7388043,2,1,191,1.4823315143585205,0.4295492172241211,0.21743273735046387,0.03125,0.03125
1760902218.8821206,3,1,185,1.1148780584335327,0.44457679986953735,0.2783052921295166,0.03125,0.03125
1760902218.9371653,1,1,193,1.318899393081665,0.42628028988838196,0.2590491771697998,0.03125,0.03125
1760902219.025097,2,1,192,1.2919199466705322,0.4298427104949951,0.26278162002563477,0.03125,0.03125
1760902219.1231651,3,1,186,1.099542498588562,0.4450153708457947,0.2383272647857666,0.03125,0.03125
1760902219.1918862,1,1,194,1.3610868453979492,0.4265109896659851,0.2323448657989502,0.03125,0.03125
1760902219.259062,2,1,193,1.3751143217086792,0.4300660789012909,0.21576523780822754,0.03125,0.03125
1760902219.3372147,3,1,187,1.4558614492416382,0.4450334906578064,0.19972920417785645,0.03125,0.03125
1760902219.427936,1,1,195,1.358108401298523,0.42660361528396606,0.21840286254882812,0.03125,0.03125
1760902219.4968903,2,1,194,1.098099946975708,0.43056318163871765,0.21044445037841797,0.03125,0.03125
1760902219.574682,3,1,188,1.4388478994369507,0.44515588879585266,0.20595502853393555,0.03125,0.03125
1760902219.6647117,1,1,196,1.4451701641082764,0.4268326163291931,0.22270870208740234,0.03125,0.03125
1760902219.7298017,2,1,195,1.1647366285324097,0.43095532059669495,0.20975327491760254,0.03125,0.03125
1760902219.8089104,3,1,189,1.5031358003616333,0.4450347125530243,0.2084944248199463,0.03125,0.03125
1760902219.9004965,1,1,197,1.0766425132751465,0.42719703912734985,0.21972441673278809,0.03125,0.03125
1760902220.0101702,2,1,196,1.177503228187561,0.4312431514263153,0.2556931972503662,0.03125,0.03125
1760902220.0778778,3,1,190,1.22199285030365,0.44526052474975586,0.24947881698608398,0.03125,0.03125
1760902220.1715248,1,1,198,1.2582439184188843,0.4275258779525757,0.24428939819335938,0.03125,0.03125
1760902220.2375793,2,1,197,1.2627718448638916,0.4316321015357971,0.22740912437438965,0.03125,0.03125
1760902220.32255,3,1,191,1.243055820465088,0.44562360644340515,0.2290632724761963,0.03125,0.03125
1760902220.4156196,1,1,199,1.1616415977478027,0.42792120575904846,0.23128342628479004,0.03125,0.03125
1760902220.524782,2,1,198,1.4179290533065796,0.43195125460624695,0.2651939392089844,0.03125,0.03125
1760902220.6174984,3,1,192,1.208404302597046,0.4458816349506378,0.26265859603881836,0.03125,0.03125
1760902220.714073,1,1,200,1.0674097537994385,0.4284503757953644,0.26944661140441895,0.03125,0.03125
1760902220.79282,2,1,199,1.4745078086853027,0.4320652186870575,0.2363753318786621,0.03125,0.03125
1760902220.8709412,3,1,193,1.2884694337844849,0.44620731472969055,0.22983026504516602,0.03125,0.03125
1760902220.955093,1,1,201,1.4498393535614014,0.428774356842041,0.22547602653503418,0.03125,0.03125
1760902221.055253,2,1,200,1.4906963109970093,0.431941419839859,0.2465956211090088,0.03125,0.03125
1760902221.1370354,3,1,194,1.109891653060913,0.4466346204280853,0.23767924308776855,0.03125,0.03125
1760902221.2193236,1,1,202,1.164655089378357,0.4290294349193573,0.23430418968200684,0.03125,0.03125
1760902221.288929,2,1,201,1.245205044746399,0.4321902096271515,0.21044611930847168,0.03125,0.03125
1760902221.3539343,3,1,195,1.2915947437286377,0.4469229578971863,0.19637227058410645,0.03125,0.03125
1760902221.4179323,1,1,203,1.1197733879089355,0.42945176362991333,0.18375086784362793,0.03125,0.03125
1760902221.4934137,2,1,202,1.3239210844039917,0.43240416049957275,0.18914532661437988,0.03125,0.03125
1760902221.5959516,3,1,196,1.615311861038208,0.4468681514263153,0.2229783535003662,0.03125,0.03125
1760902221.669575,1,1,204,1.3221616744995117,0.4296034872531891,0.22512054443359375,0.03125,0.03125
1760902221.7491438,2,1,203,1.576680302619934,0.43238145112991333,0.22774195671081543,0.03125,0.03125
1760902221.8281705,3,1,197,1.229346513748169,0.4472229778766632,0.2166280746459961,0.03125,0.03125
1760902221.8881588,1,1,205,1.2211086750030518,0.42988866567611694,0.19502925872802734,0.03125,0.03125
1760902221.9508944,2,1,204,1.2082173824310303,0.4326612949371338,0.1892397403717041,0.03125,0.03125
1760902222.0593624,3,1,198,1.268094539642334,0.44744008779525757,0.21882128715515137,0.03125,0.03125
1760902222.165128,1,1,206,1.2166016101837158,0.43007227778434753,0.25978851318359375,0.03125,0.03125
1760902222.2517545,2,1,205,1.427972435951233,0.4328393340110779,0.270582914352417,0.03125,0.03125
1760902222.3489523,3,1,199,1.1452258825302124,0.447826087474823,0.2616426944732666,0.03125,0.03125
1760902222.4160438,1,1,207,0.9782811999320984,0.4306223392486572,0.23517417907714844,0.03125,0.03125
1760902222.517059,2,1,206,1.1155669689178467,0.43315044045448303,0.2461395263671875,0.03125,0.03125
1760902222.6239152,3,1,200,1.393378734588623,0.44790536165237427,0.25882554054260254,0.03125,0.03125
1760902222.7352514,1,1,208,1.235558032989502,0.43090352416038513,0.2879669666290283,0.03125,0.03125
1760902222.804748,2,1,207,1.1839969158172607,0.43349358439445496,0.26070332527160645,0.03125,0.03125
1760902222.8946908,3,1,201,1.461579442024231,0.4479166567325592,0.24063634872436523,0.03125,0.03125
1760902222.956918,1,1,209,1.5615750551223755,0.430950790643692,0.20966720581054688,0.03125,0.03125
1760902223.040407,2,1,208,1.0360321998596191,0.4338686168193817,0.21795034408569336,0.03125,0.03125
1760902223.1342885,3,1,202,1.036543369293213,0.44833287596702576,0.2302384376525879,0.03125,0.03125
1760902223.2316103,1,1,210,1.2374927997589111,0.4311637580394745,0.25351786613464355,0.03125,0.03125
1760902223.3004458,2,1,209,1.211826205253601,0.43424201011657715,0.23732590675354004,0.03125,0.03125
1760902223.383521,3,1,203,1.3456268310546875,0.4484105706214905,0.22632122039794922,0.03125,0.03125
1760902223.4633782,1,1,211,0.9429501295089722,0.43177303671836853,0.21556329727172852,0.03125,0.03125
1760902223.5431783,2,1,210,1.1518535614013672,0.4345475137233734,0.22582411766052246,0.03125,0.03125
1760902223.6418104,3,1,204,1.305215835571289,0.4484542906284332,0.23437881469726562,0.03125,0.03125
1760902223.7260942,1,1,212,1.1920372247695923,0.4318842589855194,0.2431623935699463,0.03125,0.03125
1760902223.7903485,2,1,211,1.0284212827682495,0.4350503087043762,0.22542762756347656,0.03125,0.03125
1760902223.8762176,3,1,205,1.0855813026428223,0.44873255491256714,0.21862554550170898,0.03125,0.03125
1760902223.9524684,1,1,213,1.244858741760254,0.4322586953639984,0.20979833602905273,0.03125,0.03125
1760902224.0243945,2,1,212,1.1278200149536133,0.43541887402534485,0.20687127113342285,0.03125,0.03125
1760902224.1225357,3,1,206,1.4947686195373535,0.448808878660202,0.2299344539642334,0.03125,0.03125
1760902224.1684966,1,1,214,1.4298102855682373,0.43246710300445557,0.19450116157531738,0.03125,0.03125
1760902224.2591887,2,1,213,1.0686450004577637,0.43575289845466614,0.21555709838867188,0.03125,0.03125
1760902224.3718526,3,1,207,1.1247649192810059,0.44911858439445496,0.24532079696655273,0.03125,0.03125
1760902224.4513083,1,1,215,1.2014117240905762,0.4328059256076813,0.254441499710083,0.03125,0.03125
1760902224.5147543,2,1,214,1.3935983180999756,0.43598684668540955,0.23559212684631348,0.03125,0.03125
1760902224.5852792,3,1,208,1.4507155418395996,0.44922706484794617,0.19595551490783691,0.03125,0.03125
1760902224.6698956,1,1,216,1.218673825263977,0.432979553937912,0.20744562149047852,0.03125,0.03125
1760902224.7467053,2,1,215,1.2047994136810303,0.43599003553390503,0.21544408798217773,0.03125,0.03125
1760902224.8212204,3,1,209,1.1371300220489502,0.4495345652103424,0.21721768379211426,0.03125,0.03125
1760902224.9051938,1,1,217,1.1072815656661987,0.43344664573669434,0.2194843292236328,0.03125,0.03125
1760902224.9765866,2,1,216,1.2494020462036133,0.43625524640083313,0.21244120597839355,0.03125,0.03125
1760902225.054107,3,1,210,1.2196946144104004,0.4497744143009186,0.21405243873596191,0.03125,0.03125
1760902225.133927,1,1,218,1.308034896850586,0.43378132581710815,0.2140970230102539,0.03125,0.03125
1760902225.220342,2,1,217,1.2852392196655273,0.4364539682865143,0.22318577766418457,0.03125,0.03125
1760902225.2905312,3,1,211,1.3116424083709717,0.4499139189720154,0.21921753883361816,0.03125,0.03125
1760902225.3627396,1,1,219,1.3691422939300537,0.4341796934604645,0.2067418098449707,0.03125,0.03125
1760902225.434227,2,1,218,1.345503568649292,0.43674972653388977,0.20689606666564941,0.03125,0.03125
1760902225.5438976,3,1,212,1.3432354927062988,0.45018500089645386,0.23540067672729492,0.03125,0.03125
1760902225.618448,1,1,220,1.114168405532837,0.4345114231109619,0.24891304969787598,0.03125,0.03125
1760902225.7045057,2,1,219,1.2656883001327515,0.4368489682674408,0.2529768943786621,0.03125,0.03125
1760902225.77263,3,1,213,1.172558069229126,0.4504548907279968,0.21672654151916504,0.03125,0.03125
1760902225.8365355,1,1,221,1.4175748825073242,0.4346472918987274,0.20061564445495605,0.03125,0.03125
1760902225.907732,2,1,220,1.704361915588379,0.4369802474975586,0.19306635856628418,0.03125,0.03125
1760902225.9640746,3,1,214,1.3588119745254517,0.4505921006202698,0.18063688278198242,0.03125,0.03125
1760902226.0414336,1,1,222,1.1987602710723877,0.4348149597644806,0.19080519676208496,0.03125,0.03125
1760902226.1536162,2,1,221,1.209439992904663,0.4372730851173401,0.2375936508178711,0.03125,0.03125
1760902226.233102,3,1,215,1.352497935295105,0.4505317807197571,0.24629497528076172,0.03125,0.03125
1760902226.3385384,1,1,223,1.2434998750686646,0.4351433515548706,0.2693479061126709,0.03125,0.03125
1760902226.4307117,2,1,222,1.2475485801696777,0.43740296363830566,0.25008606910705566,0.03125,0.03125
1760902226.543731,3,1,216,1.1647378206253052,0.4508320093154907,0.2850306034088135,0.03125,0.03125
1760902226.6552808,1,1,224,1.3386406898498535,0.4353092908859253,0.2866084575653076,0.03125,0.03125
1760902226.7691703,2,1,223,1.319237470626831,0.43740314245224,0.3224456310272217,0.03125,0.03125
1760902226.8916383,3,1,217,1.515013575553894,0.45083680748939514,0.3361794948577881,0.03125,0.03125
1760902227.0305896,1,1,225,1.177024006843567,0.4356352984905243,0.3495185375213623,0.03125,0.03125
1760902227.1534326,2,1,224,1.0527338981628418,0.4378865957260132,0.3572068214416504,0.03125,0.03125
1760902227.2552538,3,1,218,1.333763837814331,0.45113518834114075,0.3435676097869873,0.03125,0.03125
1760902227.374312,1,1,226,1.209606647491455,0.43589580059051514,0.32032203674316406,0.03125,0.03125
1760902227.5086532,2,1,225,1.3986560106277466,0.43795010447502136,0.33341073989868164,0.03125,0.03125
1760902227.6117473,3,1,219,1.377089023590088,0.45120441913604736,0.32964181900024414,0.03125,0.03125
1760902227.753853,1,1,227,1.4172950983047485,0.4360271394252777,0.34777259826660156,0.03125,0.03125
1760902227.8801255,2,1,226,1.007767677307129,0.4382379353046417,0.3511173725128174,0.03125,0.03125
1760902228.0031312,3,1,220,1.448667287826538,0.45133835077285767,0.3598029613494873,0.03125,0.03125
1760902228.119379,1,1,228,1.3241407871246338,0.4361579716205597,0.34493303298950195,0.03125,0.03125
1760902228.246161,2,1,227,1.367793083190918,0.43842852115631104,0.3440244197845459,0.03125,0.03125
1760902228.3665586,3,1,221,1.3835253715515137,0.45137447118759155,0.34209728240966797,0.03125,0.03125
1760902228.5190847,1,1,229,1.2290531396865845,0.4364795982837677,0.3764939308166504,0.03125,0.03125
1760902228.624314,2,1,228,1.212688684463501,0.4387781322002411,0.3614184856414795,0.03125,0.03125
1760902228.767785,3,1,222,1.012109398841858,0.45166924595832825,0.35788726806640625,0.03125,0.03125
1760902228.8835487,1,1,230,1.2797983884811401,0.4364498555660248,0.34435153007507324,0.03125,0.03125
1760902229.0409317,2,1,229,1.1575443744659424,0.4390625059604645,0.38176751136779785,0.03125,0.03125
1760902229.2124362,3,1,223,1.2265956401824951,0.45209193229675293,0.41808605194091797,0.03125,0.03125
1760902229.253878,1,1,231,1.1067265272140503,0.4367060363292694,0.3384106159210205,0.03125,0.03125
1760902229.4152565,2,1,230,1.178526520729065,0.43925026059150696,0.2623744010925293,0.03125,0.03125
1760902229.5216992,3,1,224,1.3455801010131836,0.45219072699546814,0.3092629909515381,0.03125,0.03125
1760902229.6309888,1,1,232,1.3448498249053955,0.43689781427383423,0.3202695846557617,0.03125,0.03125
1760902229.7148633,2,1,231,1.238426923751831,0.43950074911117554,0.27736401557922363,0.03125,0.03125
1760902229.8215027,3,1,225,1.0053588151931763,0.452610582113266,0.269885778427124,0.03125,0.03125
1760902229.9206765,1,1,233,1.2509956359863281,0.43715208768844604,0.26764702796936035,0.03125,0.03125
1760902230.0435565,2,1,232,1.1561332941055298,0.4398770332336426,0.3012218475341797,0.03125,0.03125
1760902230.1508393,3,1,226,1.1392052173614502,0.4529966711997986,0.3087918758392334,0.03125,0.03125
1760902230.2772453,1,1,234,1.2734397649765015,0.4373106062412262,0.3266868591308594,0.03125,0.03125
1760902230.3971105,2,1,233,1.1795756816864014,0.44009363651275635,0.32976436614990234,0.03125,0.03125
1760902230.489826,3,1,227,1.3313075304031372,0.45322105288505554,0.3085167407989502,0.03125,0.03125
1760902230.5871599,1,1,235,1.1923024654388428,0.4376260042190552,0.28678250312805176,0.03125,0.03125
1760902230.67116,2,1,234,1.4952640533447266,0.44034090638160706,0.2591264247894287,0.03125,0.03125
1760902230.8217413,3,1,228,1.157033920288086,0.4534764885902405,0.30532383918762207,0.03125,0.03125
1760902230.9358199,1,1,236,1.3513081073760986,0.43772006034851074,0.32941532135009766,0.03125,0.03125
1760902231.0568614,2,1,235,1.1503069400787354,0.44068169593811035,0.346038818359375,0.03125,0.03125
1760902231.192181,3,1,229,1.2364447116851807,0.45382651686668396,0.3426334857940674,0.03125,0.03125
1760902231.3060477,1,1,237,1.3182460069656372,0.43793925642967224,0.3339111804962158,0.03125,0.03125
1760902231.4156752,2,1,236,1.2587709426879883,0.44092682003974915,0.3203740119934082,0.03125,0.03125
1760902231.5046983,3,1,230,1.1339328289031982,0.45407968759536743,0.2898731231689453,0.03125,0.03125
1760902231.604497,1,1,238,1.4764795303344727,0.43809494376182556,0.2700979709625244,0.03125,0.03125
1760902231.6842468,2,1,237,1.2287144660949707,0.44117093086242676,0.23898959159851074,0.03125,0.03125
1760902231.7778065,3,1,231,1.2203798294067383,0.45426830649375916,0.25371456146240234,0.03125,0.03125
1760902231.8886533,1,1,239,1.3830385208129883,0.43821874260902405,0.2696080207824707,0.03125,0.03125
1760902231.9966712,2,1,238,1.0511555671691895,0.44153931736946106,0.2842690944671631,0.03125,0.03125
1760902232.067522,3,1,232,1.4707990884780884,0.45429766178131104,0.25423741340637207,0.03125,0.03125
1760902232.1560752,1,1,240,1.3781967163085938,0.4384356141090393,0.24574041366577148,0.03125,0.03125
1760902232.2600846,2,1,239,0.9923495054244995,0.44187501072883606,0.24765872955322266,0.03125,0.03125
1760902232.3357196,3,1,233,1.0404181480407715,0.45464321970939636,0.24092507362365723,0.03125,0.03125
1760902232.3992195,1,1,241,1.4825135469436646,0.43849602341651917,0.20332837104797363,0.03125,0.03125
1760902232.474427,2,1,240,1.1554598808288574,0.4421469569206238,0.19552993774414062,0.03125,0.03125
1760902232.5453343,3,1,234,1.1991777420043945,0.4549558162689209,0.19359707832336426,0.03125,0.03125
1760902232.6344705,1,1,242,1.0842615365982056,0.4388357400894165,0.2097179889678955,0.03125,0.03125
1760902232.7114465,2,1,241,1.223705768585205,0.4423867166042328,0.21717023849487305,0.03125,0.03125
1760902232.810604,3,1,235,1.4306193590164185,0.4550466239452362,0.2457435131072998,0.03125,0.03125
1760902232.8852894,1,1,243,1.0991313457489014,0.439267098903656,0.23071885108947754,0.03125,0.03125
1760902232.946933,2,1,242,1.3228356838226318,0.4425323009490967,0.21031546592712402,0.03125,0.03125
1760902233.0196342,3,1,236,1.157153606414795,0.45529425144195557,0.19438433647155762,0.03125,0.03125
1760902233.0890157,1,1,244,1.1641836166381836,0.439480185508728,0.18993425369262695,0.03125,0.03125
1760902233.1966913,2,1,243,1.2618334293365479,0.442739337682724,0.23389601707458496,0.03125,0.03125
1760902233.2748866,3,1,237,1.1257679462432861,0.45547816157341003,0.24240541458129883,0.03125,0.03125
1760902233.3673491,1,1,245,1.1997144222259521,0.43966156244277954,0.25322484970092773,0.03125,0.03125
1760902233.4681678,2,1,244,1.1040889024734497,0.4429764747619629,0.25365662574768066,0.03125,0.03125
1760902233.5267718,3,1,238,1.407778024673462,0.4555360674858093,0.2308812141418457,0.03125,0.03125
1760902233.6213017,1,1,246,1.1479439735412598,0.4399346709251404,0.2306194305419922,0.03125,0.03125
1760902233.6978831,2,1,245,1.3703458309173584,0.4430583119392395,0.219696044921875,0.03125,0.03125
1760902233.7601109,3,1,239,1.261927604675293,0.4557187557220459,0.21755766868591309,0.03125,0.03125
1760902233.854377,1,1,247,1.2353973388671875,0.44023746252059937,0.209183931350708,0.03125,0.03125
1760902233.94091,2,1,246,1.179233431816101,0.443355530500412,0.22057366371154785,0.03125,0.03125
1760902234.010114,3,1,240,1.1676337718963623,0.45599424839019775,0.2172553539276123,0.03125,0.03125
1760902234.0935414,1,1,248,1.2875845432281494,0.4402320683002472,0.21491456031799316,0.03125,0.03125
1760902234.1637301,2,1,247,1.2067327499389648,0.44355928897857666,0.2071211338043213,0.03125,0.03125
1760902234.2528596,3,1,241,1.1353613138198853,0.45626866817474365,0.218827486038208,0.03125,0.03125
1760902234.3370852,1,1,249,1.1503477096557617,0.44056373834609985,0.2313244342803955,0.03125,0.03125
1760902234.4386458,2,1,248,1.2288243770599365,0.4438236653804779,0.25600671768188477,0.03125,0.03125
1760902234.5101948,3,1,242,1.099696397781372,0.4564487934112549,0.24001193046569824,0.03125,0.03125
1760902234.5733428,1,1,250,1.3912945985794067,0.4406188726425171,0.20403456687927246,0.03125,0.03125
1760902234.6573198,2,1,249,1.2286953926086426,0.44411763548851013,0.20134663581848145,0.03125,0.03125
1760902234.7447953,3,1,243,1.3141899108886719,0.4565972089767456,0.22423529624938965,0.03125,0.03125
1760902234.8220055,1,1,251,1.4035778045654297,0.4407958984375,0.2297065258026123,0.03125,0.03125
1760902234.9173362,2,1,250,1.099453091621399,0.4444104731082916,0.23456835746765137,0.03125,0.03125
1760902235.0089357,3,1,244,1.25390625,0.45674505829811096,0.2349085807800293,0.03125,0.03125
1760902235.0802047,1,1,252,1.3458747863769531,0.44091129302978516,0.22953176498413086,0.03125,0.03125
1760902235.1410391,2,1,251,1.222645878791809,0.444671630859375,0.20363593101501465,0.03125,0.03125
1760902235.244328,3,1,245,1.1857025623321533,0.45695406198501587,0.2165226936340332,0.03125,0.03125
1760902235.356873,1,1,253,0.9956801533699036,0.4413606524467468,0.26303529739379883,0.03125,0.03125
1760902235.446383,2,1,252,1.140812635421753,0.44499269127845764,0.28325605392456055,0.03125,0.03125
1760902235.5258946,3,1,246,1.284824013710022,0.4571622312068939,0.2655811309814453,0.03125,0.03125
1760902235.6056356,1,1,254,1.2255808115005493,0.4415048658847809,0.22652912139892578,0.03125,0.03125
1760902235.6691144,2,1,253,1.1147654056549072,0.44528210163116455,0.22172045707702637,0.03125,0.03125
1760902235.7429261,3,1,247,1.1536438465118408,0.4574003517627716,0.19279718399047852,0.03125,0.03125
1760902235.853736,1,1,255,1.1460734605789185,0.44186046719551086,0.2286968231201172,0.03125,0.03125
1760902235.9574587,2,1,254,1.190673589706421,0.44544902443885803,0.26543617248535156,0.03125,0.03125
1760902236.040328,3,1,248,1.1925654411315918,0.4576375186443329,0.26560401916503906,0.03125,0.03125
1760902236.1042812,1,1,256,1.1860772371292114,0.4420635998249054,0.2259519100189209,0.03125,0.03125
1760902236.1831975,2,1,255,1.424133539199829,0.4455547332763672,0.22073698043823242,0.03125,0.03125
1760902236.2632074,3,1,249,1.2208986282348633,0.4579656720161438,0.2025890350341797,0.03125,0.03125
1760902236.379594,1,1,257,1.4398534297943115,0.44226592779159546,0.2521333694458008,0.03125,0.03125
1760902236.4595501,2,1,256,1.2721606492996216,0.44587162137031555,0.25511693954467773,0.03125,0.03125
1760902236.5510821,3,1,250,1.1625421047210693,0.458353728055954,0.2645082473754883,0.03125,0.03125
1760902236.6280022,1,1,258,1.302208423614502,0.4423771798610687,0.230926513671875,0.03125,0.03125
1760902236.7095034,2,1,257,1.3325843811035156,0.4459157884120941,0.2217705249786377,0.03125,0.03125
1760902236.7791424,3,1,251,1.3250172138214111,0.458587646484375,0.20293402671813965,0.03125,0.03125
1760902236.870532,1,1,259,1.3952897787094116,0.442518025636673,0.21983003616333008,0.03125,0.03125
1760902236.9574406,2,1,258,1.283185362815857,0.4461404085159302,0.22853517532348633,0.03125,0.03125
1760902237.0107083,3,1,252,1.3451333045959473,0.4586988389492035,0.19700360298156738,0.03125,0.03125
1760902237.1207871,2,1,259,1.0624327659606934,0.44648438692092896,0.15780854225158691,0.03125,0.03125
1760902237.2051568,3,1,253,1.1545560359954834,0.4589615762233734,0.19444847106933594,0.03125,0.03125
1760902237.242591,1,2,0,1.0364611148834229,0.442958265542984,0.1998915672302246,0.03125,0.03125
1760902237.3718998,3,1,254,1.028270959854126,0.4593143165111542,0.1647334098815918,0.03125,0.03125
1760902237.453845,1,2,1,1.2600253820419312,0.44318726658821106,0.20546388626098633,0.03125,0.03125
1760902237.4878745,2,2,0,1.1527438163757324,0.4466470777988434,0.21348905563354492,0.03125,0.03125
1760902237.5844657,3,1,255,1.3716143369674683,0.4594234526157379,0.16696453094482422,0.03125,0.03125
1760902237.6425996,1,2,2,1.2965861558914185,0.44344526529312134,0.18753504753112793,0.03125,0.03125
1760902237.7140253,2,2,1,0.9379458427429199,0.4470486044883728,0.20322823524475098,0.03125,0.03125
1760902237.7760658,3,1,256,1.2369046211242676,0.4595019221305847,0.18469762802124023,0.03125,0.03125
1760902237.8505113,1,2,3,1.2177118062973022,0.4437022805213928,0.19628238677978516,0.03125,0.03125
1760902237.9189374,2,2,2,1.1336181163787842,0.44726935029029846,0.1953904628753662,0.03125,0.03125
1760902237.9815266,3,1,257,1.1042776107788086,0.45985159277915955,0.18955469131469727,0.03125,0.03125
1760902238.0407712,1,2,4,1.0016863346099854,0.44407737255096436,0.1821300983428955,0.03125,0.03125
1760902238.11969,2,2,3,0.9937728643417358,0.4476383626461029,0.19122767448425293,0.03125,0.03125
1760902238.1836042,3,1,258,1.2481329441070557,0.4600192606449127,0.20006561279296875,0.03125,0.03125
1760902238.2472298,1,2,5,1.2895039319992065,0.44433221220970154,0.18314433097839355,0.03125,0.03125
1760902238.3134394,2,2,4,1.3143658638000488,0.44782736897468567,0.18444275856018066,0.03125,0.03125
1760902238.3810472,3,1,259,1.033486008644104,0.46027645468711853,0.19693207740783691,0.03125,0.03125
1760902238.4501202,1,2,6,1.114195704460144,0.44461575150489807,0.1918942928314209,0.03125,0.03125
1760902238.518877,2,2,5,1.1559371948242188,0.44795626401901245,0.19302630424499512,0.03125,0.03125
1760902238.6271954,1,2,7,1.0282319784164429,0.4450165629386902,0.17019152641296387,0.03125,0.03125
1760902238.7137,3,2,0,1.1945685148239136,0.4604426622390747,0.18621349334716797,0.03125,0.03125
1760902238.7588162,2,2,6,1.1263995170593262,0.44835153222084045,0.20128631591796875,0.03125,0.03125
1760902238.8277328,1,2,8,1.219855785369873,0.4451795816421509,0.18624162673950195,0.03125,0.03125
1760902238.9052982,3,2,1,1.1763291358947754,0.4607279598712921,0.1878674030303955,0.03125,0.03125
1760902238.9685853,2,2,7,1.1601428985595703,0.4485677182674408,0.19791674613952637,0.03125,0.03125
1760902239.0405257,1,2,9,1.0510421991348267,0.4456073045730591,0.19669389724731445,0.03125,0.03125
1760902239.1333861,3,2,2,1.0371835231781006,0.4611615538597107,0.22126555442810059,0.03125,0.03125
1760902239.2298555,2,2,8,1.2885247468948364,0.4488421678543091,0.24056410789489746,0.03125,0.03125
1760902239.2950926,1,2,10,1.3824281692504883,0.44579800963401794,0.22888755798339844,0.03125,0.03125
1760902239.3681228,3,2,3,1.2493138313293457,0.46132513880729675,0.2174210548400879,0.03125,0.03125
1760902239.4683905,2,2,9,1.203758716583252,0.44905659556388855,0.22264575958251953,0.03125,0.03125
1760902239.539923,1,2,11,0.9433683156967163,0.4461055099964142,0.22348809242248535,0.03125,0.03125
1760902239.6422386,3,2,4,1.3044748306274414,0.46148809790611267,0.25351977348327637,0.03125,0.03125
1760902239.7063246,2,2,10,1.287745475769043,0.44932910799980164,0.22005581855773926,0.03125,0.03125
1760902239.7875128,1,2,12,1.0664238929748535,0.4464704394340515,0.23061776161193848,0.03125,0.03125
1760902239.8662047,3,2,5,1.1957097053527832,0.4617098271846771,0.21086978912353516,0.03125,0.03125
1760902239.9468303,2,2,11,1.056213617324829,0.4495711922645569,0.21730256080627441,0.03125,0.03125
1760902240.0309453,1,2,13,1.168015718460083,0.44674625992774963,0.2253124713897705,0.03125,0.03125
1760902240.0952291,3,2,6,1.2412137985229492,0.46184179186820984,0.21146512031555176,0.03125,0.03125
1760902240.165138,2,2,12,1.2968401908874512,0.4496951103210449,0.2003459930419922,0.03125,0.03125
1760902240.2567563,1,2,14,1.1151485443115234,0.447108656167984,0.21505188941955566,0.03125,0.03125
1760902240.312129,3,2,7,1.2289795875549316,0.4619140625,0.1999049186706543,0.03125,0.03125
1760902240.405458,2,2,13,1.0113499164581299,0.4500819146633148,0.21221685409545898,0.03125,0.03125
1760902240.5004163,1,2,15,1.2746634483337402,0.4471781849861145,0.24165844917297363,0.03125,0.03125
1760902240.5766916,3,2,8,1.0338011980056763,0.4621337354183197,0.24297595024108887,0.03125,0.03125
1760902240.6572974,2,2,14,1.289672613143921,0.4503212571144104,0.22872114181518555,0.03125,0.03125
1760902240.7341907,1,2,16,1.4685072898864746,0.4472183287143707,0.22190093994140625,0.03125,0.03125
1760902240.8519444,3,2,9,1.1857705116271973,0.46235260367393494,0.2620065212249756,0.03125,0.03125
1760902240.970781,2,2,15,1.1094036102294922,0.45070546865463257,0.29486989974975586,0.03125,0.03125
1760902241.1003902,1,2,17,1.1428565979003906,0.44746166467666626,0.3408999443054199,0.03125,0.03125
1760902241.2282515,3,2,10,1.5430972576141357,0.4623940587043762,0.35161805152893066,0.03125,0.03125
1760902241.3215163,2,2,16,1.1979962587356567,0.4509718418121338,0.32475781440734863,0.03125,0.03125
1760902241.4465983,1,2,18,1.0269086360931396,0.4478490352630615,0.3201630115509033,0.03125,0.03125
1760902241.5629537,3,2,11,0.9678522348403931,0.4626997113227844,0.3169870376586914,0.03125,0.03125
1760902241.6856205,2,2,17,1.182408332824707,0.45135340094566345,0.342181921005249,0.03125,0.03125
1760902241.818952,1,2,19,1.0892436504364014,0.44820600748062134,0.3449537754058838,0.03125,0.03125
1760902241.9393392,3,2,12,1.122194766998291,0.4630042314529419,0.34500551223754883,0.03125,0.03125
1760902242.0252452,2,2,18,1.268012285232544,0.4515596032142639,0.31524658203125,0.03125,0.03125
1760902242.103029,1,2,20,1.41708505153656,0.448301762342453,0.2583465576171875,0.03125,0.03125
1760902242.2133417,3,2,13,1.2475554943084717,0.4631027579307556,0.25698351860046387,0.03125,0.03125
1760902242.3367553,2,2,19,1.0855686664581299,0.45185184478759766,0.295835018157959,0.03125,0.03125
1760902242.4498117,1,2,21,1.090085506439209,0.448627769947052,0.32154250144958496,0.03125,0.03125
1760902242.577684,3,2,14,1.1682043075561523,0.4632009267807007,0.34311795234680176,0.03125,0.03125
1760902242.684366,2,2,20,1.0975522994995117,0.45222967863082886,0.32245659828186035,0.03125,0.03125
1760902242.770167,1,2,22,1.076223611831665,0.448923796415329,0.30257415771484375,0.03125,0.03125
1760902242.8738592,3,2,15,1.2276511192321777,0.463386207818985,0.2752115726470947,0.03125,0.03125
1760902242.9791675,2,2,21,1.1667768955230713,0.45257726311683655,0.2810800075531006,0.03125,0.03125
1760902243.0882266,1,2,23,0.962820291519165,0.44921875,0.2970137596130371,0.03125,0.03125
1760902243.1592314,3,2,16,1.210886836051941,0.4635416567325592,0.2606196403503418,0.03125,0.03125
1760902243.2720337,2,2,22,1.2293782234191895,0.4528660178184509,0.26503968238830566,0.03125,0.03125
1760902243.382325,1,2,24,1.1971267461776733,0.4494839310646057,0.28216028213500977,0.03125,0.03125
1760902243.4828026,3,2,17,1.156877040863037,0.4637836813926697,0.30355095863342285,0.03125,0.03125
1760902243.612228,2,2,23,1.157996654510498,0.4530388414859772,0.3205537796020508,0.03125,0.03125
1760902243.790663,1,2,25,1.1533610820770264,0.44966232776641846,0.4063377380371094,0.03125,0.03125
1760902243.8232112,3,2,18,1.0848119258880615,0.4641117751598358,0.3203918933868408,0.03125,0.03125
1760902243.9307241,2,2,24,1.1916418075561523,0.45332568883895874,0.20773696899414062,0.03125,0.03125
1760902244.1110675,1,2,26,1.195284366607666,0.4498971700668335,0.3204045295715332,0.03125,0.03125
1760902244.1395159,3,2,19,1.0650843381881714,0.4645254611968994,0.2918555736541748,0.03125,0.03125
1760902244.2735448,2,2,25,1.0240483283996582,0.45361149311065674,0.24818682670593262,0.03125,0.03125
1760902244.4319792,1,2,27,1.264448642730713,0.44990307092666626,0.3209116458892822,0.03125,0.03125
1760902244.4644744,3,2,20,1.0308523178100586,0.4647643268108368,0.289517879486084,0.03125,0.03125
1760902244.6069527,2,2,26,1.1749564409255981,0.45386767387390137,0.23775577545166016,0.03125,0.03125
1760902244.77604,1,2,28,0.9448580741882324,0.45025044679641724,0.34406089782714844,0.03125,0.03125
1760902244.789904,3,2,21,1.1466792821884155,0.46500229835510254,0.2837200164794922,0.03125,0.03125
1760902244.9320767,2,2,27,1.3417537212371826,0.45400890707969666,0.2243971824645996,0.03125,0.03125
1760902245.1334279,1,2,29,1.1268720626831055,0.4505966007709503,0.3573877811431885,0.03125,0.03125
1760902245.1334279,3,2,22,1.0300489664077759,0.46538329124450684,0.305950403213501,0.03125,0.03125
1760902245.2667286,2,2,28,1.1771881580352783,0.45414960384368896,0.22345566749572754,0.03125,0.03125
1760902245.496376,1,2,30,1.2142537832260132,0.4507146179676056,0.3293113708496094,0.03125,0.03125
1760902245.5080352,3,2,23,1.321211576461792,0.46550437808036804,0.33457469940185547,0.03125,0.03125
1760902245.6531022,2,2,29,1.2294752597808838,0.4544602334499359,0.24853110313415527,0.03125,0.03125
1760902245.7988722,1,2,31,1.2555339336395264,0.4507755935192108,0.2550499439239502,0.03125,0.03125
1760902245.8340628,3,2,24,1.0218517780303955,0.46576833724975586,0.28711438179016113,0.03125,0.03125
1760902245.9273865,2,2,30,1.2347743511199951,0.45476973056793213,0.1696915626525879,0.03125,0.03125
1760902246.025364,1,2,32,1.1408164501190186,0.4511471390724182,0.21739602088928223,0.03125,0.03125
1760902246.1129131,3,2,25,1.2610363960266113,0.4659455120563507,0.23899555206298828,0.03125,0.03125
1760902246.2225795,2,2,31,1.2882404327392578,0.4548799693584442,0.2759206295013428,0.03125,0.03125
1760902246.2913344,1,2,33,1.0607306957244873,0.451376348733902,0.24448227882385254,0.03125,0.03125
1760902246.3523333,3,2,26,1.2116479873657227,0.466036319732666,0.21532201766967773,0.03125,0.03125
1760902246.4420068,2,2,32,1.004271388053894,0.455272376537323,0.21343088150024414,0.03125,0.03125
1760902246.5087621,1,2,34,1.0325528383255005,0.4516891837120056,0.19868111610412598,0.03125,0.03125
1760902246.6073034,3,2,27,1.0288912057876587,0.46621236205101013,0.22298216819763184,0.03125,0.03125
1760902246.6930354,2,2,33,1.1602845191955566,0.45540952682495117,0.23140406608581543,0.03125,0.03125
1760902246.798219,1,2,35,1.1413342952728271,0.4521133005619049,0.2548868656158447,0.03125,0.03125
1760902246.9045603,3,2,28,1.2008979320526123,0.4663877487182617,0.27404284477233887,0.03125,0.03125
1760902246.9780965,2,2,34,1.2088854312896729,0.4554898738861084,0.23690462112426758,0.03125,0.03125
1760902247.058379,1,2,36,1.0193839073181152,0.4525078535079956,0.2362968921661377,0.03125,0.03125
1760902247.1470947,3,2,29,1.185518741607666,0.46656250953674316,0.23047542572021484,0.03125,0.03125
1760902247.2201917,2,2,35,0.940414547920227,0.4558228552341461,0.22364091873168945,0.03125,0.03125
1760902247.2936292,1,2,37,1.095109224319458,0.4528449773788452,0.21343183517456055,0.03125,0.03125
1760902247.3584886,3,2,30,1.0988473892211914,0.46690675616264343,0.18738484382629395,0.03125,0.03125
1760902247.4306936,2,2,36,1.1594980955123901,0.4560704529285431,0.19749689102172852,0.03125,0.03125
1760902247.519493,1,2,38,1.0464999675750732,0.45315295457839966,0.21285176277160645,0.03125,0.03125
1760902247.5969305,3,2,31,1.0973577499389648,0.46713656187057495,0.21962928771972656,0.03125,0.03125
1760902247.6669009,2,2,37,1.1782948970794678,0.4562892019748688,0.21889805793762207,0.03125,0.03125
1760902247.7762012,1,2,39,1.0607030391693115,0.45345982909202576,0.23710060119628906,0.03125,0.03125
1760902247.9175642,3,2,32,1.0258738994598389,0.46747851371765137,0.3057873249053955,0.03125,0.03125
1760902247.9460835,2,2,38,1.3781819343566895,0.4564233124256134,0.25743865966796875,0.03125,0.03125
1760902248.041014,1,2,40,1.0237741470336914,0.4537656009197235,0.17638397216796875,0.03125,0.03125
1760902248.1195881,3,2,33,0.9502660632133484,0.4677346646785736,0.20014262199401855,0.03125,0.03125
1760902248.190286,2,2,39,1.262439250946045,0.4566127359867096,0.20046448707580566,0.03125,0.03125
1760902248.2492962,1,2,41,0.9185692071914673,0.45426490902900696,0.19257402420043945,0.03125,0.03125
1760902248.330118,3,2,34,1.2762165069580078,0.46776464581489563,0.21052980422973633,0.03125,0.03125
1760902248.406956,2,2,40,1.0041229724884033,0.45674577355384827,0.20119190216064453,0.03125,0.03125
1760902248.496053,1,2,42,1.2917728424072266,0.4543183743953705,0.21993708610534668,0.03125,0.03125
1760902248.5626252,3,2,35,1.4313983917236328,0.4677945077419281,0.21299171447753906,0.03125,0.03125
1760902248.654464,2,2,41,1.3478747606277466,0.4569339454174042,0.22814226150512695,0.03125,0.03125
1760902248.7194586,1,2,43,1.0703213214874268,0.4545101821422577,0.2234055995941162,0.03125,0.03125
1760902248.7989185,3,2,36,1.164998173713684,0.46802064776420593,0.22389006614685059,0.03125,0.03125
1760902248.875019,2,2,42,0.9101845622062683,0.4572046995162964,0.2061607837677002,0.03125,0.03125
1760902248.9590745,1,2,44,1.1623517274856567,0.4548395872116089,0.21483397483825684,0.03125,0.03125
1760902249.0430434,3,2,37,0.8801712989807129,0.46841397881507874,0.22385573387145996,0.03125,0.03125
1760902249.127702,2,2,43,1.2722914218902588,0.45741909742355347,0.23547959327697754,0.03125,0.03125
1760902249.197547,1,2,45,1.1354069709777832,0.45500221848487854,0.2226855754852295,0.03125,0.03125
1760902249.278496,3,2,38,1.044724702835083,0.46875,0.21544098854064941,0.03125,0.03125
1760902249.3748224,2,2,44,1.222497820854187,0.45766040682792664,0.2250227928161621,0.03125,0.03125
1760902249.461913,1,2,46,0.957414984703064,0.45530202984809875,0.2406926155090332,0.03125,0.03125
1760902249.551882,3,2,39,1.1113812923431396,0.46894532442092896,0.24851751327514648,0.03125,0.03125
1760902249.6430163,2,2,45,1.2815577983856201,0.45773521065711975,0.2486565113067627,0.03125,0.03125
1760902249.7154105,1,2,47,1.3179981708526611,0.45549076795578003,0.2322404384613037,0.03125,0.03125
1760902249.7900565,3,2,40,1.0377273559570312,0.4691956341266632,0.21737408638000488,0.03125,0.03125
1760902249.8879626,2,2,46,1.3027682304382324,0.4579750895500183,0.2319183349609375,0.03125,0.03125
1760902249.9364445,1,2,48,1.3344861268997192,0.4555140733718872,0.20909476280212402,0.03125,0.03125
1760902250.0096252,3,2,41,1.2439690828323364,0.46919482946395874,0.19108343124389648,0.03125,0.03125
1760902250.1084943,2,2,47,1.2758631706237793,0.4579390287399292,0.21650433540344238,0.03125,0.03125
1760902250.1631243,1,2,49,1.0452675819396973,0.4557291567325592,0.20949888229370117,0.03125,0.03125
1760902250.244235,3,2,42,1.481027364730835,0.46919405460357666,0.21300530433654785,0.03125,0.03125
1760902250.3127477,2,2,48,1.2851762771606445,0.45795804262161255,0.20151305198669434,0.03125,0.03125
1760902250.3845203,1,2,50,1.1075103282928467,0.4560256004333496,0.19555115699768066,0.03125,0.03125
1760902250.4586315,3,2,43,0.9365599751472473,0.4694148898124695,0.2037363052368164,0.03125,0.03125
1760902250.5565212,2,2,49,1.2809576988220215,0.4580318033695221,0.2302241325378418,0.03125,0.03125
1760902250.6420045,1,2,51,1.0090417861938477,0.45634832978248596,0.242203950881958,0.03125,0.03125
1760902250.7343144,3,2,44,1.1457080841064453,0.46960729360580444,0.2522397041320801,0.03125,0.03125
1760902250.8052976,2,2,50,1.1042544841766357,0.45821475982666016,0.22051286697387695,0.03125,0.03125
1760902250.8599243,1,2,52,1.162621259689331,0.45672446489334106,0.19301557540893555,0.03125,0.03125
1760902250.9453049,3,2,45,0.9038244485855103,0.4699094593524933,0.19548797607421875,0.03125,0.03125
1760902251.0124454,2,2,51,1.1128991842269897,0.4583970606327057,0.19237780570983887,0.03125,0.03125
1760902251.0712862,1,2,53,0.9442821145057678,0.4570448696613312,0.17969727516174316,0.03125,0.03125
1760902251.1542337,3,2,46,1.1361584663391113,0.47015541791915894,0.19651079177856445,0.03125,0.03125
1760902251.2320738,2,2,52,1.0717322826385498,0.4586605727672577,0.21161341667175293,0.03125,0.03125
1760902251.2907674,1,2,54,0.9122343063354492,0.45750001072883606,0.2002863883972168,0.03125,0.03125
1760902251.3907,3,2,47,0.9340186715126038,0.4705105721950531,0.21521234512329102,0.03125,0.03125
1760902251.4644337,2,2,53,1.0061359405517578,0.45900478959083557,0.21914196014404297,0.03125,0.03125
1760902251.5779333,1,2,55,1.1566197872161865,0.4577365517616272,0.2596445083618164,0.03125,0.03125
1760902251.6569228,3,2,48,1.2006735801696777,0.4706996977329254,0.2517833709716797,0.03125,0.03125
1760902251.7281418,2,2,54,1.1860294342041016,0.4592663049697876,0.2318286895751953,0.03125,0.03125
1760902251.806936,1,2,56,1.208164930343628,0.45794519782066345,0.21071934700012207,0.03125,0.03125
1760902251.8880806,3,2,49,1.2687866687774658,0.4707784950733185,0.2146914005279541,0.03125,0.03125
1760902251.97536,2,2,55,1.1429967880249023,0.4594455361366272,0.2245316505432129,0.03125,0.03125
1760902252.0535176,1,2,57,1.1696213483810425,0.4581531286239624,0.20930004119873047,0.03125,0.03125
1760902252.1232615,3,2,50,1.313401460647583,0.47085705399513245,0.20555830001831055,0.03125,0.03125
1760902252.2112107,2,2,56,1.5704536437988281,0.4595158100128174,0.21962547302246094,0.03125,0.03125
1760902252.2928944,1,2,58,1.1223735809326172,0.45836031436920166,0.2206556797027588,0.03125,0.03125
1760902252.3783224,3,2,51,0.9756870865821838,0.47109922766685486,0.23316502571105957,0.03125,0.03125
1760902252.4455729,2,2,57,1.0788211822509766,0.4596939980983734,0.23083043098449707,0.03125,0.03125
1760902252.5141845,1,2,59,1.0091502666473389,0.45864763855934143,0.21058154106140137,0.03125,0.03125
1760902252.603073,3,2,52,1.1297667026519775,0.47128599882125854,0.2187502384185791,0.03125,0.03125
1760902252.681924,2,2,58,1.0879877805709839,0.45997950434684753,0.21954751014709473,0.03125,0.03125
1760902252.7627673,1,2,60,1.1238296031951904,0.45885327458381653,0.22371935844421387,0.03125,0.03125
1760902252.8374705,3,2,53,0.9781045317649841,0.47158101201057434,0.2128140926361084,0.03125,0.03125
1760902252.914303,2,2,59,1.1685117483139038,0.4602101147174835,0.20781254768371582,0.03125,0.03125
1760902253.0084965,1,2,61,0.9478592872619629,0.45913875102996826,0.22570419311523438,0.03125,0.03125
1760902253.0757883,3,2,54,1.0851404666900635,0.4717934727668762,0.2200629711151123,0.03125,0.03125
1760902253.1750207,2,2,60,1.348144769668579,0.46030551195144653,0.2387838363647461,0.03125,0.03125
1760902253.2587986,1,2,62,1.1870821714401245,0.4593428373336792,0.2323136329650879,0.03125,0.03125
1760902253.3431518,3,2,55,1.138087272644043,0.4721137285232544,0.2414696216583252,0.03125,0.03125
1760902253.403536,2,2,61,1.0301411151885986,0.4606421887874603,0.20843815803527832,0.03125,0.03125
1760902253.4952412,1,2,63,1.1514852046966553,0.4596264958381653,0.21167206764221191,0.03125,0.03125
1760902253.5659163,3,2,56,1.1433953046798706,0.47232452034950256,0.20673561096191406,0.03125,0.03125
1760902253.63809,2,2,62,1.2575340270996094,0.460816890001297,0.20442771911621094,0.03125,0.03125
1760902253.7124631,1,2,64,0.9721277952194214,0.46001601219177246,0.2015371322631836,0.03125,0.03125
1760902253.7909598,3,2,57,1.2096072435379028,0.4725345969200134,0.20752310752868652,0.03125,0.03125
1760902253.8957856,2,2,63,1.130765438079834,0.46101775765419006,0.23924708366394043,0.03125,0.03125
1760902253.9675066,1,2,65,0.9014228582382202,0.4604042172431946,0.23694658279418945,0.03125,0.03125
1760902254.0402033,3,2,58,1.1851317882537842,0.4726629853248596,0.23035311698913574,0.03125,0.03125
1760902254.1032028,2,2,64,1.6557093858718872,0.4610576927661896,0.19022083282470703,0.03125,0.03125
1760902254.164663,1,2,66,1.1901535987854004,0.46052491664886475,0.18191051483154297,0.03125,0.03125
1760902254.249686,3,2,59,1.081498384475708,0.4728987216949463,0.19896483421325684,0.03125,0.03125
1760902254.3291602,2,2,65,1.1328792572021484,0.46131080389022827,0.2075190544128418,0.03125,0.03125
1760902254.4080048,1,2,67,1.1167848110198975,0.4609375,0.22044754028320312,0.03125,0.03125
1760902254.5024972,3,2,60,1.0521972179412842,0.4730798304080963,0.22706365585327148,0.03125,0.03125
1760902254.6235933,2,2,66,1.0478047132492065,0.46161627769470215,0.28598928451538086,0.03125,0.03125
1760902254.6539469,1,2,68,1.1208515167236328,0.4611629843711853,0.21797871589660645,0.03125,0.03125
1760902254.7382362,3,2,61,0.8786959648132324,0.4734213948249817,0.1855182647705078,0.03125,0.03125
1760902254.8071346,2,2,67,1.150447130203247,0.46173468232154846,0.17178106307983398,0.03125,0.03125
1760902254.8720453,1,2,69,1.102482795715332,0.46128177642822266,0.18503332138061523,0.03125,0.03125
1760902254.9347608,3,2,62,0.9514525532722473,0.47368139028549194,0.1817460060119629,0.03125,0.03125
1760902255.004859,2,2,68,1.142049789428711,0.4620118737220764,0.18772363662719727,0.03125,0.03125
1760902255.056462,1,2,70,1.1667166948318481,0.4613737165927887,0.17722177505493164,0.03125,0.03125
1760902255.1243372,3,2,63,1.2394388914108276,0.4738602340221405,0.17517328262329102,0.03125,0.03125
1760902255.1971438,2,2,69,1.1014928817749023,0.46220868825912476,0.18199872970581055,0.03125,0.03125
1760902255.2583504,1,2,71,1.2137024402618408,0.46159735321998596,0.18581438064575195,0.03125,0.03125
1760902255.3393407,3,2,64,1.1994802951812744,0.47398504614830017,0.1915419101715088,0.03125,0.03125
1760902255.4442873,2,2,70,1.1778156757354736,0.4623519480228424,0.23250293731689453,0.03125,0.03125
1760902255.583717,1,2,72,1.3201799392700195,0.46171480417251587,0.30417442321777344,0.03125,0.03125
1760902255.6873453,3,2,65,1.0946011543273926,0.4742160737514496,0.32686400413513184,0.03125,0.03125
1760902255.8195434,2,2,71,1.3531293869018555,0.46254751086235046,0.34536242485046387,0.03125,0.03125
1760902255.9305146,1,2,73,1.203693151473999,0.46191078424453735,0.3258070945739746,0.03125,0.03125
1760902256.0540636,3,2,66,1.2985776662826538,0.47431325912475586,0.32816648483276367,0.03125,0.03125
1760902256.1711018,2,2,72,1.036189317703247,0.4628741443157196,0.3301832675933838,0.03125,0.03125
1760902256.3149514,1,2,74,1.2018754482269287,0.4621586203575134,0.3564789295196533,0.03125,0.03125
1760902256.4399164,3,2,67,1.2453105449676514,0.4744366407394409,0.37120914459228516,0.03125,0.03125
1760902256.5462685,2,2,73,1.0613211393356323,0.4631471037864685,0.3422079086303711,0.03125,0.03125
1760902256.655486,1,2,75,1.061475157737732,0.4624580442905426,0.31332874298095703,0.03125,0.03125
1760902256.7783964,3,2,68,1.0659408569335938,0.47461268305778503,0.3185243606567383,0.03125,0.03125
1760902256.8605022,2,2,74,1.3446474075317383,0.463156521320343,0.30321741104125977,0.03125,0.03125
1760902256.9794183,1,2,76,1.3650544881820679,0.46252092719078064,0.3185281753540039,0.03125,0.03125
1760902257.0876398,3,2,69,1.254991054534912,0.47460275888442993,0.28966474533081055,0.03125,0.03125
1760902257.1849477,2,2,75,1.1925477981567383,0.4633494019508362,0.3024735450744629,0.03125,0.03125
1760902257.2902992,1,2,77,1.3221840858459473,0.46255749464035034,0.2937600612640381,0.03125,0.03125
1760902257.4036453,3,2,70,1.1193172931671143,0.4748043715953827,0.29036688804626465,0.03125,0.03125
1760902257.5148215,2,2,76,0.9246479272842407,0.46375104784965515,0.3137240409851074,0.03125,0.03125
1760902257.5941947,1,2,78,1.0250996351242065,0.4628547728061676,0.281414270401001,0.03125,0.03125
1760902257.6965618,3,2,71,0.8495143055915833,0.47516363859176636,0.2630956172943115,0.03125,0.03125
1760902257.7902725,2,2,77,1.2418639659881592,0.463994562625885,0.2512378692626953,0.03125,0.03125
1760902257.9093146,1,2,79,1.0499508380889893,0.4631510376930237,0.2901637554168701,0.03125,0.03125
1760902258.0105236,3,2,72,1.0639865398406982,0.4753899574279785,0.3002958297729492,0.03125,0.03125
1760902258.1341758,2,2,78,1.378491997718811,0.4640807509422302,0.32042765617370605,0.03125,0.03125
1760902258.2438247,1,2,80,1.0646473169326782,0.46344634890556335,0.3284463882446289,0.03125,0.03125
1760902258.3493335,3,2,73,0.9062401056289673,0.4757733643054962,0.320589542388916,0.03125,0.03125
1760902258.4927003,2,2,79,1.0815424919128418,0.4643489718437195,0.335756778717041,0.03125,0.03125
1760902258.6277816,1,2,81,1.2784323692321777,0.46358492970466614,0.36041259765625,0.03125,0.03125
1760902258.6847184,3,2,74,1.092191219329834,0.47591912746429443,0.31378173828125,0.03125,0.03125
1760902258.769201,2,2,80,1.1869667768478394,0.4644602835178375,0.24728846549987793,0.03125,0.03125
1760902258.8773975,1,2,82,1.1662471294403076,0.4637230634689331,0.24063491821289062,0.03125,0.03125
1760902259.0301342,3,2,75,0.832435667514801,0.4763265550136566,0.3281376361846924,0.03125,0.03125
1760902259.0921862,2,2,81,1.2261888980865479,0.46467503905296326,0.301316499710083,0.03125,0.03125
1760902259.1540322,1,2,83,1.2969130277633667,0.4638865888118744,0.24167442321777344,0.03125,0.03125
1760902259.2679796,3,2,76,1.039246678352356,0.4766017496585846,0.23120617866516113,0.03125,0.03125
1760902259.3732932,2,2,82,0.9998284578323364,0.4649668335914612,0.2732691764831543,0.03125,0.03125
1760902259.4835956,1,2,84,1.2881253957748413,0.4642045497894287,0.3041057586669922,0.03125,0.03125
1760902259.5618312,3,2,77,1.063387393951416,0.47684991359710693,0.2763175964355469,0.03125,0.03125
1760902259.6591063,2,2,83,1.2473866939544678,0.4649730920791626,0.26198816299438477,0.03125,0.03125
1760902259.796192,1,2,85,1.0653929710388184,0.4643409550189972,0.296921968460083,0.03125,0.03125
1760902259.8858955,3,2,78,1.046116828918457,0.47701898217201233,0.30043983459472656,0.03125,0.03125
1760902259.9973133,2,2,84,1.155057668685913,0.4650309979915619,0.3103821277618408,0.03125,0.03125
1760902260.1255455,1,2,86,1.3544971942901611,0.4645026624202728,0.3152351379394531,0.03125,0.03125
1760902260.1995692,3,2,79,0.9202043414115906,0.4772656261920929,0.2874128818511963,0.03125,0.03125
1760902260.2897885,2,2,85,1.0306590795516968,0.46526917815208435,0.2606837749481201,0.03125,0.03125
1760902260.3665235,1,2,87,0.9385961890220642,0.4648694396018982,0.22545695304870605,0.03125,0.03125
1760902260.433368,3,2,80,0.9677762389183044,0.47756344079971313,0.20925259590148926,0.03125,0.03125
1760902260.525124,2,2,86,1.0896577835083008,0.46566104888916016,0.21268153190612793,0.03125,0.03125
1760902260.6028864,1,2,88,1.1605950593948364,0.46515804529190063,0.22083163261413574,0.03125,0.03125
1760902260.7022789,3,2,81,1.1130013465881348,0.4776785671710968,0.25003814697265625,0.03125,0.03125
1760902260.7598279,2,2,87,1.0471397638320923,0.46589741110801697,0.2189652919769287,0.03125,0.03125
1760902260.8369339,1,2,89,1.1727601289749146,0.4653432369232178,0.2067880630493164,0.03125,0.03125
1760902260.9240942,3,2,82,1.322378396987915,0.4777155816555023,0.20565342903137207,0.03125,0.03125
1760902261.040823,2,2,88,1.2214528322219849,0.4661329984664917,0.25255727767944336,0.03125,0.03125
1760902261.1378467,1,2,90,0.9709571599960327,0.46563011407852173,0.28098464012145996,0.03125,0.03125
1760902261.1938548,3,2,83,1.2428146600723267,0.4777524769306183,0.24269723892211914,0.03125,0.03125
1760902261.2766807,2,2,89,1.0659101009368896,0.4665471315383911,0.21194767951965332,0.03125,0.03125
1760902261.3539507,1,2,91,0.9430109262466431,0.46591606736183167,0.20550870895385742,0.03125,0.03125
1760902261.4387362,3,2,84,1.0569918155670166,0.47802168130874634,0.2368013858795166,0.03125,0.03125
1760902261.5305188,2,2,90,1.1127536296844482,0.4667041599750519,0.24528884887695312,0.03125,0.03125
1760902261.6168735,1,2,92,1.11642324924469,0.466277539730072,0.25519609451293945,0.03125,0.03125
1760902261.6962793,3,2,85,1.0845199823379517,0.47818687558174133,0.2294294834136963,0.03125,0.03125
1760902261.788714,2,2,91,1.0795714855194092,0.4669628143310547,0.23501276969909668,0.03125,0.03125
1760902261.867072,1,2,93,1.1330960988998413,0.466561496257782,0.2315206527709961,0.03125,0.03125
1760902261.950197,3,2,86,1.1526209115982056,0.47842875123023987,0.21672821044921875,0.03125,0.03125
1760902262.0411317,2,2,92,1.1593403816223145,0.4671441614627838,0.23369169235229492,0.03125,0.03125
1760902262.154191,1,2,94,0.9620006084442139,0.4669461250305176,0.27379465103149414,0.03125,0.03125
1760902262.2454686,3,2,87,1.1673870086669922,0.4785670340061188,0.27028846740722656,0.03125,0.03125
1760902262.3217883,2,2,93,1.2539334297180176,0.4673249125480652,0.24591851234436035,0.03125,0.03125
1760902262.3847244,1,2,95,1.1351319551467896,0.46712663769721985,0.20679903030395508,0.03125,0.03125
1760902262.4684281,3,2,88,1.175727128982544,0.4787561595439911,0.20250868797302246,0.03125,0.03125
1760902262.549035,2,2,94,1.2510788440704346,0.4675050675868988,0.2169187068939209,0.03125,0.03125
1760902262.648242,1,2,96,1.2176140546798706,0.4672052264213562,0.24347376823425293,0.03125,0.03125
1760902262.7309787,3,2,89,1.2684752941131592,0.4788678288459778,0.24007725715637207,0.03125,0.03125
1760902262.8294346,2,2,95,1.1765658855438232,0.46768465638160706,0.25612664222717285,0.03125,0.03125
1760902262.9004772,1,2,97,1.1477082967758179,0.46735942363739014,0.23800110816955566,0.03125,0.03125
1760902263.0013087,3,2,90,1.038071632385254,0.4790814220905304,0.25734806060791016,0.03125,0.03125
1760902263.125453,2,2,96,1.1394023895263672,0.46781301498413086,0.2738001346588135,0.03125,0.03125
1760902263.2349362,1,2,98,1.106015682220459,0.4675131142139435,0.3072693347930908,0.03125,0.03125
1760902263.3298554,3,2,91,1.3983962535858154,0.4790390133857727,0.30309200286865234,0.03125,0.03125
1760902263.4080284,2,2,97,1.1631038188934326,0.46799150109291077,0.2595181465148926,0.03125,0.03125
1760902263.487494,1,2,99,1.1100850105285645,0.4677167236804962,0.22903227806091309,0.03125,0.03125
1760902263.5554922,3,2,92,1.0900731086730957,0.47922614216804504,0.20660948753356934,0.03125,0.03125
1760902263.6270766,2,2,98,1.392552137374878,0.4680936932563782,0.19481754302978516,0.03125,0.03125
1760902263.729814,1,2,100,1.2332103252410889,0.4678190350532532,0.2243344783782959,0.03125,0.03125
1760902263.833863,3,2,93,1.1828889846801758,0.47938722372055054,0.25868868827819824,0.03125,0.03125
1760902263.910403,2,2,99,1.2842776775360107,0.4681703746318817,0.2614572048187256,0.03125,0.03125
1760902263.9778507,1,2,101,0.9872681498527527,0.4681470990180969,0.22656583786010742,0.03125,0.03125
1760902264.045019,3,2,94,0.7946234941482544,0.4799542725086212,0.19426274299621582,0.03125,0.03125
1760902264.1240144,2,2,100,1.385973572731018,0.46822160482406616,0.2055506706237793,0.03125,0.03125
1760902264.1965086,1,2,102,0.9926438927650452,0.46849918365478516,0.19909930229187012,0.03125,0.03125
1760902264.3030963,3,2,95,1.2374584674835205,0.4802658259868622,0.23761749267578125,0.03125,0.03125
1760902264.4057078,2,2,101,1.063772201538086,0.46852391958236694,0.26767587661743164,0.03125,0.03125
1760902264.4979887,1,2,103,1.0921227931976318,0.46864983439445496,0.2773253917694092,0.03125,0.03125
1760902264.571377,3,2,96,1.1509593725204468,0.48034846782684326,0.24511265754699707,0.03125,0.03125
1760902264.6408587,2,2,102,1.136098861694336,0.46872490644454956,0.21728992462158203,0.03125,0.03125
1760902264.7124715,1,2,104,1.2048132419586182,0.468874990940094,0.1994161605834961,0.03125,0.03125
1760902264.7794015,3,2,97,1.162367343902588,0.48055723309516907,0.19196033477783203,0.03125,0.03125
1760902264.910564,2,2,103,1.2273344993591309,0.46872496604919434,0.24543380737304688,0.03125,0.03125
1760902264.98503,1,2,105,1.2177913188934326,0.4690744876861572,0.2511157989501953,0.03125,0.03125
1760902265.0769823,3,2,98,1.072161078453064,0.48076534271240234,0.26615190505981445,0.03125,0.03125
1760902265.1742046,2,2,104,1.0534651279449463,0.46892499923706055,0.24499273300170898,0.03125,0.03125
1760902265.2406638,1,2,106,1.27596914768219,0.46909889578819275,0.2239398956298828,0.03125,0.03125
1760902265.3067694,3,2,99,1.154465675354004,0.4808971881866455,0.2091209888458252,0.03125,0.03125
1760902265.394282,2,2,105,1.0806792974472046,0.469174325466156,0.21406817436218262,0.03125,0.03125
1760902265.5065467,1,2,107,1.1817498207092285,0.46907344460487366,0.24724531173706055,0.03125,0.03125
1760902265.5567586,3,2,100,1.1477766036987305,0.4811292290687561,0.22478556632995605,0.03125,0.03125
1760902265.6357658,2,2,106,1.121263027191162,0.4694477617740631,0.2198028564453125,0.03125,0.03125
1760902265.7271621,1,2,108,1.0856181383132935,0.4692716598510742,0.21593523025512695,0.03125,0.03125
1760902265.8014455,3,2,101,1.3409243822097778,0.48123493790626526,0.2286233901977539,0.03125,0.03125
1760902265.8794997,2,2,107,1.077387809753418,0.46972033381462097,0.22591638565063477,0.03125,0.03125
1760902265.9805474,1,2,109,1.0739375352859497,0.4694940447807312,0.23744988441467285,0.03125,0.03125
1760902266.055725,3,2,102,0.8839930295944214,0.48161616921424866,0.2293109893798828,0.03125,0.03125
1760902266.1386776,2,2,108,0.9444204568862915,0.4699920415878296,0.23308968544006348,0.03125,0.03125
1760902266.2240667,1,2,110,1.280518651008606,0.46964144706726074,0.2204289436340332,0.03125,0.03125
1760902266.3025463,3,2,103,1.1634843349456787,0.48179587721824646,0.21876764297485352,0.03125,0.03125
1760902266.369765,2,2,109,1.1503616571426392,0.4701884984970093,0.20691990852355957,0.03125,0.03125
1760902266.4659767,1,2,111,1.098242998123169,0.46988725662231445,0.22673654556274414,0.03125,0.03125
1760902266.5454268,3,2,104,0.9604107141494751,0.48205000162124634,0.22089862823486328,0.03125,0.03125
1760902266.6345031,2,2,110,1.1006579399108887,0.4703347980976105,0.2354736328125,0.03125,0.03125
1760902266.7127588,1,2,112,1.3150629997253418,0.47008293867111206,0.22536778450012207,0.03125,0.03125
1760902266.8099813,3,2,105,1.2098582983016968,0.4821535646915436,0.25165772438049316,0.03125,0.03125
1760902266.9060566,2,2,111,1.2547447681427002,0.4704558849334717,0.25534582138061523,0.03125,0.03125
1760902266.9802618,1,2,113,1.3145670890808105,0.4701547622680664,0.23910117149353027,0.03125,0.03125
1760902267.0727775,3,2,106,1.1254366636276245,0.4823813736438751,0.23115754127502441,0.03125,0.03125
1760902267.1441987,2,2,112,1.251114010810852,0.4705519378185272,0.2335522174835205,0.03125,0.03125
1760902267.2323844,1,2,114,1.114976167678833,0.4703248143196106,0.23309612274169922,0.03125,0.03125
1760902267.2958255,3,2,107,1.1941521167755127,0.4824840724468231,0.20515894889831543,0.03125,0.03125
1760902267.3950303,2,2,113,1.1637499332427979,0.470746248960495,0.22992277145385742,0.03125,0.03125
1760902267.4684823,1,2,115,1.2547385692596436,0.47042059898376465,0.2300553321838379,0.03125,0.03125
1760902267.5655077,3,2,108,1.1796177625656128,0.4825616180896759,0.24222087860107422,0.03125,0.03125
1760902267.646731,2,2,114,1.1832659244537354,0.47101378440856934,0.23235273361206055,0.03125,0.03125
1760902267.7281702,1,2,116,0.9080321192741394,0.4708104431629181,0.22961688041687012,0.03125,0.03125
1760902267.837205,3,2,109,1.143101453781128,0.4826388955116272,0.2553982734680176,0.03125,0.03125
1760902267.9168732,2,2,115,1.2760021686553955,0.4711821973323822,0.2519562244415283,0.03125,0.03125
1760902267.982146,1,2,117,1.2668473720550537,0.4710276126861572,0.22809767723083496,0.03125,0.03125
1760902268.0743794,3,2,110,1.130933165550232,0.4828892648220062,0.21240448951721191,0.03125,0.03125
1760902268.1735458,2,2,116,1.0316908359527588,0.4714481830596924,0.24649453163146973,0.03125,0.03125
1760902268.2438877,1,2,118,1.2685954570770264,0.4711707830429077,0.23573756217956543,0.03125,0.03125
1760902268.3088996,3,2,111,1.064622402191162,0.4831388592720032,0.20960474014282227,0.03125,0.03125
1760902268.3858967,2,2,117,1.1731587648391724,0.4715174436569214,0.2053513526916504,0.03125,0.03125
1760902268.4682865,1,2,119,1.0417113304138184,0.471435546875,0.20494842529296875,0.03125,0.03125
1760902268.5432038,3,2,112,1.0814275741577148,0.48338764905929565,0.21740102767944336,0.03125,0.03125
1760902268.61805,2,2,118,1.248766303062439,0.4716842770576477,0.21712279319763184,0.03125,0.03125
1760902268.6807687,1,2,120,0.9142785668373108,0.47172385454177856,0.19693827629089355,0.03125,0.03125
1760902268.7704604,3,2,113,1.2408818006515503,0.48361098766326904,0.21074795722961426,0.03125,0.03125
1760902268.849136,2,2,119,1.182769775390625,0.4720214903354645,0.216965913772583,0.03125,0.03125
1760902268.9451761,1,2,121,1.1050972938537598,0.47203561663627625,0.24079298973083496,0.03125,0.03125
1760902269.0303633,3,2,114,1.187747836112976,0.48380905389785767,0.25411534309387207,0.03125,0.03125
1760902269.088537,2,2,120,0.9778773784637451,0.47226014733314514,0.2219228744506836,0.03125,0.03125
1760902269.1818986,1,2,122,1.1213918924331665,0.4721277356147766,0.21996498107910156,0.03125,0.03125
1760902269.2431068,3,2,115,1.120355486869812,0.4840310513973236,0.20056962966918945,0.03125,0.03125
1760902269.373748,2,2,121,1.0761510133743286,0.47242504358291626,0.2588474750518799,0.03125,0.03125
1760902269.447204,1,2,123,1.2399570941925049,0.47229230403900146,0.2503373622894287,0.03125,0.03125
1760902269.542925,3,2,116,1.1881701946258545,0.4841787815093994,0.2639760971069336,0.03125,0.03125
1760902269.6189961,2,2,122,1.1502964496612549,0.47261372208595276,0.23525118827819824,0.03125,0.03125
1760902269.7007046,1,2,124,0.9439534544944763,0.4727228581905365,0.2267751693725586,0.03125,0.03125
1760902269.758433,3,2,117,1.3285893201828003,0.48425254225730896,0.1925342082977295,0.03125,0.03125
1760902269.8524797,2,2,123,0.9542527794837952,0.47287461161613464,0.21152973175048828,0.03125,0.03125
1760902269.9541886,1,2,125,1.1202751398086548,0.4728134572505951,0.24105215072631836,0.03125,0.03125
1760902270.0406773,3,2,118,1.257798194885254,0.4844239056110382,0.2590045928955078,0.03125,0.03125
1760902270.1259034,2,2,124,0.9789083003997803,0.47315892577171326,0.25063371658325195,0.03125,0.03125
1760902270.2010496,1,2,126,1.1105389595031738,0.47295209765434265,0.22856640815734863,0.03125,0.03125
1760902270.2560487,3,2,119,1.0991098880767822,0.4845947325229645,0.19421863555908203,0.03125,0.03125
1760902270.3677888,2,2,125,1.0035618543624878,0.47341814637184143,0.23183584213256836,0.03125,0.03125
1760902270.4783983,1,2,127,1.0408743619918823,0.47311440110206604,0.27203798294067383,0.03125,0.03125
1760902270.6105688,3,2,120,1.1845192909240723,0.4847162663936615,0.3278045654296875,0.03125,0.03125
1760902270.7194276,2,2,126,0.9505966305732727,0.47370073199272156,0.33016109466552734,0.03125,0.03125
1760902270.8396037,1,2,128,1.1126757860183716,0.47339656949043274,0.33518385887145996,0.03125,0.03125
1760902270.963137,3,2,121,1.1706687211990356,0.484886109828949,0.3267679214477539,0.03125,0.03125
1760902271.0892918,2,2,127,1.3586821556091309,0.47366899251937866,0.3520772457122803,0.03125,0.03125
1760902271.2329354,1,2,129,0.9649695158004761,0.4736778736114502,0.3675882816314697,0.03125,0.03125
1760902271.3243105,3,2,122,1.1098613739013672,0.48507970571517944,0.32727646827697754,0.03125,0.03125
1760902271.4621577,2,2,128,1.2410495281219482,0.47390216588974,0.3296375274658203,0.03125,0.03125
1760902271.5712368,1,2,130,0.9272139072418213,0.474006325006485,0.32727932929992676,0.03125,0.03125
1760902271.6893623,3,2,123,0.9762909412384033,0.48539403080940247,0.33445167541503906,0.03125,0.03125
1760902271.823421,2,2,129,0.911800742149353,0.4742548167705536,0.3455667495727539,0.03125,0.03125
1760902271.9560184,1,2,131,1.0238068103790283,0.47416603565216064,0.3541250228881836,0.03125,0.03125
1760902272.040078,3,2,124,0.9461701512336731,0.4856346845626831,0.32472825050354004,0.03125,0.03125
1760902272.1596258,2,2,130,1.4900529384613037,0.47431835532188416,0.3135831356048584,0.03125,0.03125
1760902272.289582,1,2,132,1.0839916467666626,0.4743970036506653,0.3164992332458496,0.03125,0.03125
1760902272.4075263,3,2,125,1.0023291110992432,0.48572948575019836,0.34139251708984375,0.03125,0.03125
1760902272.5691988,2,2,131,1.1199105978012085,0.47450152039527893,0.38022494316101074,0.03125,0.03125
1760902272.6507862,1,2,133,1.0308146476745605,0.47457951307296753,0.32883691787719727,0.03125,0.03125
1760902272.7950242,3,2,126,1.3702573776245117,0.48584815859794617,0.3537759780883789,0.03125,0.03125
1760902272.927681,2,2,132,1.1371982097625732,0.47461235523223877,0.3482518196105957,0.03125,0.03125
1760902273.0574045,1,2,134,1.01627779006958,0.47478529810905457,0.37060546875,0.03125,0.03125
1760902273.1881547,3,2,127,0.9493283033370972,0.48608699440956116,0.38097286224365234,0.03125,0.03125
1760902273.320623,2,2,133,1.0003793239593506,0.47479453682899475,0.3697199821472168,0.03125,0.03125
1760902273.433654,1,2,135,1.0170605182647705,0.4750857353210449,0.34466099739074707,0.03125,0.03125
1760902273.5736833,3,2,128,1.0526180267333984,0.4862769544124603,0.3520534038543701,0.03125,0.03125
1760902273.6650693,2,2,134,1.0237963199615479,0.4750477075576782,0.3239116668701172,0.03125,0.03125
1760902273.7755911,1,2,136,1.4069901704788208,0.4750998914241791,0.3129751682281494,0.03125,0.03125
1760902273.8994844,3,2,129,1.0478013753890991,0.48644229769706726,0.3025243282318115,0.03125,0.03125
1760902274.022101,2,2,135,1.2981140613555908,0.4751095771789551,0.3329329490661621,0.03125,0.03125
1760902274.1421785,1,2,137,1.023178219795227,0.4753514528274536,0.3464014530181885,0.03125,0.03125
1760902274.3057,3,2,130,1.177947998046875,0.4865831434726715,0.38238072395324707,0.03125,0.03125
1760902274.4055905,2,2,136,0.8910090327262878,0.47540906071662903,0.35959696769714355,0.03125,0.03125
1760902274.542406,1,2,138,1.1236265897750854,0.47553110122680664,0.3637237548828125,0.03125,0.03125
1760902274.6346629,3,2,131,1.069584608078003,0.48681941628456116,0.30315709114074707,0.03125,0.03125
1760902274.756113,2,2,137,1.1796064376831055,0.4756126403808594,0.3272857666015625,0.03125,0.03125
1760902274.8314087,1,2,139,0.9082283973693848,0.47585228085517883,0.26525139808654785,0.03125,0.03125
1760902274.932155,3,2,132,1.0940604209899902,0.4870070815086365,0.2691342830657959,0.03125,0.03125
1760902275.0139804,2,2,138,1.2138102054595947,0.47574448585510254,0.2405869960784912,0.03125,0.03125
1760902275.1292238,1,2,140,1.3342509269714355,0.4759597182273865,0.2707374095916748,0.03125,0.03125
1760902275.2766907,3,2,133,0.7828909158706665,0.48736143112182617,0.32244300842285156,0.03125,0.03125
1760902275.38502,2,2,139,0.9463679194450378,0.4760890007019043,0.34366631507873535,0.03125,0.03125
1760902275.4728065,1,2,141,1.563696026802063,0.47585442662239075,0.31992316246032715,0.03125,0.03125
1760902275.5473564,3,2,134,1.0653443336486816,0.48754769563674927,0.2528085708618164,0.03125,0.03125
1760902275.6140132,2,2,140,1.3975409269332886,0.4760779142379761,0.20843148231506348,0.03125,0.03125
1760902275.7058768,1,2,142,1.2893505096435547,0.4759615361690521,0.2174818515777588,0.03125,0.03125
1760902275.763502,3,2,135,1.2748510837554932,0.4877096116542816,0.20490670204162598,0.03125,0.03125
1760902275.8368247,2,2,141,1.5183827877044678,0.4760904312133789,0.2051076889038086,0.03125,0.03125
1760902275.9289443,1,2,143,1.0224908590316772,0.4761154055595398,0.20535778999328613,0.03125,0.03125
1760902275.981723,3,2,136,1.3313682079315186,0.48777586221694946,0.1855311393737793,0.03125,0.03125
1760902276.0555255,2,2,142,1.0028154850006104,0.47626790404319763,0.1831514835357666,0.03125,0.03125
1760902276.170013,1,2,144,1.2591408491134644,0.47619831562042236,0.22568726539611816,0.03125,0.03125
1760902276.2846007,3,2,137,0.9049053192138672,0.48805564641952515,0.2701714038848877,0.03125,0.03125
1760902276.3537564,2,2,143,1.0747689008712769,0.47651544213294983,0.2646486759185791,0.03125,0.03125
1760902276.417279,1,2,145,1.3858872652053833,0.4762340486049652,0.21909546852111816,0.03125,0.03125
1760902276.493553,3,2,138,1.2765566110610962,0.4880026578903198,0.19842076301574707,0.03125,0.03125
1760902276.5567586,2,2,144,1.0254404544830322,0.47666823863983154,0.1827843189239502,0.03125,0.03125
1760902276.6533105,1,2,146,1.4789739847183228,0.4762931168079376,0.21143388748168945,0.03125,0.03125
1760902276.733121,3,2,139,1.2625267505645752,0.4881865382194519,0.22198200225830078,0.03125,0.03125
1760902276.8141806,2,2,145,1.1683207750320435,0.4769613444805145,0.2334003448486328,0.03125,0.03125
1760902276.8774016,1,2,147,1.416701316833496,0.4763519763946533,0.20809531211853027,0.03125,0.03125
1760902276.9519575,3,2,140,0.9275451898574829,0.4886062741279602,0.2041339874267578,0.03125,0.03125
1760902277.0240128,2,2,146,1.031286358833313,0.47715985774993896,0.200209379196167,0.03125,0.03125
1760902277.1030862,1,2,148,1.1804132461547852,0.4765041172504425,0.20852947235107422,0.03125,0.03125
1760902277.196732,3,2,141,1.104912281036377,0.4887886941432953,0.22308921813964844,0.03125,0.03125
1760902277.314871,2,2,147,1.1811357736587524,0.4773343801498413,0.2669646739959717,0.03125,0.03125
1760902277.3938253,1,2,149,1.320570468902588,0.47660914063453674,0.2608966827392578,0.03125,0.03125
1760902277.5040746,3,2,142,1.0557324886322021,0.48899415135383606,0.2824263572692871,0.03125,0.03125
1760902277.5732605,2,2,148,1.2325701713562012,0.4774383306503296,0.23918914794921875,0.03125,0.03125
1760902277.672905,1,2,150,1.22292160987854,0.47666728496551514,0.24613738059997559,0.03125,0.03125
1760902277.780749,3,2,143,0.997517466545105,0.48922252655029297,0.25249743461608887,0.03125,0.03125
1760902277.8902354,2,2,149,1.3399112224578857,0.47756528854370117,0.28735971450805664,0.03125,0.03125
1760902277.9835987,1,2,151,1.1206386089324951,0.4768182635307312,0.28472900390625,0.03125,0.03125
1760902278.058887,3,2,144,1.2351298332214355,0.4893561899662018,0.25347256660461426,0.03125,0.03125
1760902278.1396222,2,2,150,1.0651061534881592,0.47780829668045044,0.23324847221374512,0.03125,0.03125
1760902278.209877,1,2,152,1.3073618412017822,0.4767134189605713,0.20595335960388184,0.03125,0.03125
1760902278.2770762,3,2,145,1.0906473398208618,0.4895364046096802,0.19923806190490723,0.03125,0.03125
1760902278.3873065,2,2,151,1.1802189350128174,0.4779575765132904,0.22866559028625488,0.03125,0.03125
1760902278.4665313,1,2,153,1.1039981842041016,0.47693341970443726,0.23808836936950684,0.03125,0.03125
1760902278.5559154,3,2,146,1.1970362663269043,0.48952868580818176,0.24492168426513672,0.03125,0.03125
1760902278.6327252,2,2,152,1.1935384273529053,0.47808322310447693,0.22644495964050293,0.03125,0.03125
1760902278.722841,1,2,154,0.9339423179626465,0.47724536061286926,0.2369704246520996,0.03125,0.03125
1760902278.790141,3,2,147,1.0764583349227905,0.48984843492507935,0.21461701393127441,0.03125,0.03125
1760902278.8651066,2,2,153,1.2077269554138184,0.47823163866996765,0.21500277519226074,0.03125,0.03125
1760902278.9527705,1,2,155,1.264775037765503,0.4773252606391907,0.21419644355773926,0.03125,0.03125
1760902279.0239773,3,2,148,1.187411904335022,0.48993366956710815,0.21085762977600098,0.03125,0.03125
1760902279.1078684,2,2,154,0.9403722286224365,0.4784027636051178,0.2241988182067871,0.03125,0.03125
1760902279.1867483,1,2,156,1.3262790441513062,0.47745105624198914,0.22304630279541016,0.03125,0.03125
1760902279.242623,3,2,149,1.350175380706787,0.4900653064250946,0.2004852294921875,0.03125,0.03125
1760902279.3217587,2,2,155,1.178344488143921,0.4785502851009369,0.2018890380859375,0.03125,0.03125
1760902279.40934,1,2,157,1.2132081985473633,0.4776225984096527,0.2059779167175293,0.03125,0.03125
1760902279.4780498,3,2,150,1.169219970703125,0.4901965260505676,0.2037506103515625,0.03125,0.03125
1760902279.5713227,2,2,156,1.2665330171585083,0.4786050617694855,0.2256622314453125,0.03125,0.03125
1760902279.636267,1,2,158,0.9636573791503906,0.4778856635093689,0.2175159454345703,0.03125,0.03125
1760902279.7150662,3,2,151,1.0903737545013428,0.490420401096344,0.21080946922302246,0.03125,0.03125
1760902279.7759247,2,2,157,1.1395066976547241,0.47865965962409973,0.19041013717651367,0.03125,0.03125
1760902279.8561084,1,2,159,1.044164776802063,0.4781939387321472,0.19783353805541992,0.03125,0.03125
1760902279.9396143,3,2,152,1.1008868217468262,0.49066677689552307,0.2151191234588623,0.03125,0.03125
1760902280.0398598,2,2,158,1.082857608795166,0.47882917523384094,0.24122858047485352,0.03125,0.03125
1760902280.1267135,1,2,160,1.231308937072754,0.47836363315582275,0.25660276412963867,0.03125,0.03125
1760902280.205909,3,2,153,1.254881501197815,0.4908892810344696,0.24683260917663574,0.03125,0.03125
1760902280.2971826,2,2,159,1.095647931098938,0.47897517681121826,0.23412704467773438,0.03125,0.03125
1760902280.3629367,1,2,161,1.0898381471633911,0.47862446308135986,0.21861004829406738,0.03125,0.03125
1760902280.4428494,3,2,154,1.165867805480957,0.4909953773021698,0.2179868221282959,0.03125,0.03125
1760902280.5385861,2,2,160,1.1200815439224243,0.479097843170166,0.2197706699371338,0.03125,0.03125
1760902280.5969172,1,2,162,1.2197203636169434,0.47886162996292114,0.21453452110290527,0.03125,0.03125
1760902280.6817544,3,2,155,0.8861261606216431,0.49135538935661316,0.2249155044555664,0.03125,0.03125
1760902280.7453465,2,2,161,1.5508010387420654,0.47910556197166443,0.20343017578125,0.03125,0.03125
1760902280.8417444,1,2,163,1.0459892749786377,0.4790981411933899,0.23878192901611328,0.03125,0.03125
1760902280.923255,3,2,156,1.354069709777832,0.49146050214767456,0.2415006160736084,0.03125,0.03125
1760902281.015619,2,2,162,0.8427141308784485,0.47936493158340454,0.24903416633605957,0.03125,0.03125
1760902281.087441,1,2,164,0.9720481634140015,0.47942519187927246,0.2298564910888672,0.03125,0.03125
1760902281.1809173,3,2,157,0.9455380439758301,0.4917035400867462,0.21755695343017578,0.03125,0.03125
1760902281.2738214,2,2,163,1.0830907821655273,0.4794636368751526,0.24317646026611328,0.03125,0.03125
1760902281.3382826,1,2,165,0.9908063411712646,0.4797512888908386,0.22582197189331055,0.03125,0.03125
1760902281.4385855,3,2,158,1.027817726135254,0.49180781841278076,0.2326958179473877,0.03125,0.03125
1760902281.500103,2,2,164,1.1228702068328857,0.47956204414367676,0.20997095108032227,0.03125,0.03125
1760902281.6028483,1,2,166,1.1113977432250977,0.48003092408180237,0.23162436485290527,0.03125,0.03125
1760902281.6778057,3,2,159,1.224919319152832,0.49188879132270813,0.2290630340576172,0.03125,0.03125
1760902281.7593658,2,2,165,1.2866498231887817,0.47963738441467285,0.23403263092041016,0.03125,0.03125
1760902281.8382592,1,2,167,1.2504706382751465,0.4801507890224457,0.21743011474609375,0.03125,0.03125
1760902281.9402337,3,2,160,0.9538071155548096,0.4921301305294037,0.25740838050842285,0.03125,0.03125
1760902282.024409,2,2,166,1.3394562005996704,0.4796897768974304,0.25370192527770996,0.03125,0.03125
1760902282.123599,1,2,168,1.2049211263656616,0.4803156852722168,0.269636869430542,0.03125,0.03125
1760902282.2054057,3,2,161,0.8842818737030029,0.49243950843811035,0.24922537803649902,0.03125,0.03125
1760902282.2836804,2,2,167,1.2345609664916992,0.47971928119659424,0.23707962036132812,0.03125,0.03125
1760902282.3611934,1,2,169,0.9665403366088867,0.4805932939052582,0.2199549674987793,0.03125,0.03125
1760902282.4321647,3,2,162,1.0851447582244873,0.4925420880317688,0.21125078201293945,0.03125,0.03125
1760902282.528903,2,2,168,1.1795637607574463,0.4798848032951355,0.22512316703796387,0.03125,0.03125
1760902282.587233,1,2,170,1.1073081493377686,0.48068922758102417,0.2077350616455078,0.03125,0.03125
1760902282.6787333,3,2,163,1.2010717391967773,0.4926900565624237,0.22466015815734863,0.03125,0.03125
1760902282.7533596,2,2,169,0.9255709648132324,0.48023098707199097,0.2112293243408203,0.03125,0.03125
1760902282.8214798,1,2,171,1.2724429368972778,0.48083001375198364,0.20951008796691895,0.03125,0.03125
1760902282.9058297,3,2,164,1.2904865741729736,0.4928147792816162,0.21332025527954102,0.03125,0.03125
1760902282.9872754,2,2,170,1.1006495952606201,0.48050832748413086,0.21761322021484375,0.03125,0.03125
1760902283.0465531,1,2,172,1.4510658979415894,0.4808351397514343,0.1994469165802002,0.03125,0.03125
1760902283.13459,3,2,165,1.4538438320159912,0.4928024709224701,0.20984292030334473,0.03125,0.03125
1760902283.1990607,2,2,171,0.992659330368042,0.4807622730731964,0.19811797142028809,0.03125,0.03125
1760902283.2759333,1,2,173,1.1960833072662354,0.48102036118507385,0.20314955711364746,0.03125,0.03125
1760902283.3833287,3,2,166,1.0221225023269653,0.49299490451812744,0.23296165466308594,0.03125,0.03125
1760902283.4888568,2,2,172,1.0798200368881226,0.480947881937027,0.26412367820739746,0.03125,0.03125
1760902283.571603,1,2,174,1.315932273864746,0.48116007447242737,0.2777538299560547,0.03125,0.03125
1760902283.6368833,3,2,167,1.328942060470581,0.4930505156517029,0.22983956336975098,0.03125,0.03125
1760902283.7148612,2,2,173,1.1758123636245728,0.48108789324760437,0.20708847045898438,0.03125,0.03125
1760902283.825201,1,2,175,1.2220606803894043,0.4812544882297516,0.2442481517791748,0.03125,0.03125
1760902283.904414,3,2,168,1.1081936359405518,0.4932420253753662,0.24881529808044434,0.03125,0.03125
1760902283.9782984,2,2,174,0.9274709820747375,0.4813174605369568,0.2382955551147461,0.03125,0.03125
1760902284.0449812,1,2,176,0.9005311727523804,0.48148313164711,0.199920654296875,0.03125,0.03125
1760902284.1191154,3,2,169,0.9823674559593201,0.4933876693248749,0.20260334014892578,0.03125,0.03125
1760902284.2010345,2,2,175,1.3064888715744019,0.48143407702445984,0.21228551864624023,0.03125,0.03125
1760902284.2778218,1,2,177,1.2678042650222778,0.4815768301486969,0.2153153419494629,0.03125,0.03125
1760902284.3374193,3,2,170,1.00343918800354,0.49355554580688477,0.19314289093017578,0.03125,0.03125
1760902284.40102,2,2,176,0.9046781063079834,0.4816848933696747,0.1869809627532959,0.03125,0.03125
1760902284.478263,1,2,178,1.2805070877075195,0.4816925823688507,0.19039320945739746,0.03125,0.03125
1760902284.5869434,3,2,171,1.3039581775665283,0.4936777353286743,0.22731947898864746,0.03125,0.03125
1760902284.6494322,2,2,177,1.2072486877441406,0.4818902313709259,0.2172696590423584,0.03125,0.03125
1760902284.7373352,1,2,179,0.9593517780303955,0.4818750023841858,0.24186253547668457,0.03125,0.03125
1760902284.808765,3,2,172,1.3091580867767334,0.493754506111145,0.21073007583618164,0.03125,0.03125
1760902284.8678002,2,2,178,0.9710877537727356,0.4820725917816162,0.19851112365722656,0.03125,0.03125
1760902284.9508185,1,2,180,1.1390769481658936,0.4820791780948639,0.19675731658935547,0.03125,0.03125
1760902285.0183697,3,2,173,1.3654096126556396,0.4938085377216339,0.19371628761291504,0.03125,0.03125
1760902285.1117213,2,2,179,1.3420755863189697,0.4820312559604645,0.21855545043945312,0.03125,0.03125
1760902285.2119737,1,2,181,1.3747929334640503,0.482149213552475,0.23741912841796875,0.03125,0.03125
1760902285.298315,3,2,174,1.183546781539917,0.49395233392715454,0.2523629665374756,0.03125,0.03125
1760902285.404932,2,2,180,1.2992134094238281,0.4820123016834259,0.26064300537109375,0.03125,0.03125
1760902285.5100827,1,2,182,0.9924988150596619,0.4823968708515167,0.27426791191101074,0.03125,0.03125
1760902285.6340744,3,2,175,1.0260043144226074,0.4940732717514038,0.31769275665283203,0.03125,0.03125
1760902285.7743464,2,2,181,1.0364346504211426,0.482238233089447,0.3479306697845459,0.03125,0.03125
1760902285.8857965,1,2,183,1.1987318992614746,0.48251065611839294,0.34189820289611816,0.03125,0.03125
1760902286.0125663,3,2,176,1.1481051445007324,0.494283527135849,0.3468587398529053,0.03125,0.03125
1760902286.127084,2,2,182,1.0616496801376343,0.4823968708515167,0.33663249015808105,0.03125,0.03125
1760902286.2792125,1,2,184,1.0962380170822144,0.48264628648757935,0.37206006050109863,0.03125,0.03125
1760902286.3998868,3,2,177,1.041931390762329,0.4946051239967346,0.36850833892822266,0.03125,0.03125
1760902286.547165,2,2,183,0.9647848606109619,0.4825994372367859,0.39322662353515625,0.03125,0.03125
1760902286.612808,1,2,185,1.394012451171875,0.48264873027801514,0.32215189933776855,0.03125,0.03125
1760902286.7285125,3,2,178,1.0897597074508667,0.49481400847435,0.2968122959136963,0.03125,0.03125
1760902286.8717487,2,2,184,0.9830291271209717,0.48282358050346375,0.3147454261779785,0.03125,0.03125
1760902287.0085807,1,2,186,1.0567889213562012,0.4828500747680664,0.37486934661865234,0.03125,0.03125
1760902287.1511095,3,2,179,1.2264891862869263,0.4949553608894348,0.39128613471984863,0.03125,0.03125
1760902287.244537,2,2,185,1.3077157735824585,0.4829806983470917,0.3568840026855469,0.03125,0.03125
1760902287.3676884,1,2,187,1.259946346282959,0.4828963577747345,0.3350522518157959,0.03125,0.03125
1760902287.4657896,3,2,180,1.1686389446258545,0.4950962960720062,0.30568528175354004,0.03125,0.03125
1760902287.5932188,2,2,186,1.0361807346343994,0.48326998949050903,0.32542920112609863,0.03125,0.03125
1760902287.7079692,1,2,188,1.1205466985702515,0.48309677839279175,0.3148765563964844,0.03125,0.03125
1760902287.8591347,3,2,181,1.0618536472320557,0.49517005681991577,0.3634450435638428,0.03125,0.03125
1760902287.9889643,2,2,187,1.207688570022583,0.4832715392112732,0.36382412910461426,0.03125,0.03125
1760902288.1240249,1,2,189,1.0279746055603027,0.4832306206226349,0.3824033737182617,0.03125,0.03125
1760902288.2712657,3,2,182,1.1019039154052734,0.49526581168174744,0.40258336067199707,0.03125,0.03125
1760902288.4009707,2,2,188,1.0422734022140503,0.48355957865715027,0.37943458557128906,0.03125,0.03125
1760902288.530394,1,2,190,0.9997953176498413,0.4832761883735657,0.3649709224700928,0.03125,0.03125
1760902288.666774,3,2,183,1.2983181476593018,0.4954944849014282,0.37530016899108887,0.03125,0.03125
1760902288.7623148,2,2,189,0.9414282441139221,0.4837367832660675,0.33509016036987305,0.03125,0.03125
1760902288.8782072,1,2,191,0.9803927540779114,0.48356303572654724,0.3183481693267822,0.03125,0.03125
1760902289.0118623,3,2,184,0.9649021029472351,0.4956338703632355,0.3227574825286865,0.03125,0.03125
1760902289.1199641,2,2,190,1.1496686935424805,0.4838695526123047,0.32365846633911133,0.03125,0.03125
1760902289.2518716,1,2,192,0.9098661541938782,0.483827143907547,0.34552717208862305,0.03125,0.03125
1760902289.3639512,3,2,185,1.1688661575317383,0.495817095041275,0.3297922611236572,0.03125,0.03125
1760902289.4697819,2,2,191,1.1238987445831299,0.4840458333492279,0.32811737060546875,0.03125,0.03125
1760902289.5840552,1,2,193,1.1379055976867676,0.4839591979980469,0.3115518093109131,0.03125,0.03125
1760902289.6975818,3,2,186,1.093766689300537,0.49602192640304565,0.297666072845459,0.03125,0.03125
1760902289.8366795,2,2,192,0.9879863858222961,0.48426541686058044,0.3424985408782959,0.03125,0.03125
1760902289.9540923,1,2,194,0.9989601969718933,0.4842001795768738,0.3449528217315674,0.03125,0.03125
1760902290.071099,3,2,187,1.088444709777832,0.49615997076034546,0.34327220916748047,0.03125,0.03125
1760902290.189298,2,2,193,1.0604972839355469,0.4843312203884125,0.32903361320495605,0.03125,0.03125
1760902290.3505106,1,2,195,0.9651699066162109,0.48446229100227356,0.3725619316101074,0.03125,0.03125
1760902290.4265187,3,2,188,1.2357898950576782,0.49629759788513184,0.32152676582336426,0.03125,0.03125
1760902290.5014157,2,2,194,1.2081481218338013,0.48441872000694275,0.27459096908569336,0.03125,0.03125
1760902290.5864642,1,2,196,0.915839672088623,0.48470187187194824,0.2222757339477539,0.03125,0.03125
1760902290.6641543,3,2,189,1.0319626331329346,0.4964568614959717,0.22642064094543457,0.03125,0.03125
1760902290.7281857,2,2,195,1.0400183200836182,0.4845713973045349,0.2080073356628418,0.03125,0.03125
1760902290.7990806,1,2,197,1.0444750785827637,0.4849190413951874,0.19581198692321777,0.03125,0.03125
1760902290.9012933,3,2,190,1.3188600540161133,0.4964618384838104,0.23227739334106445,0.03125,0.03125
1760902290.974798,2,2,196,1.2520310878753662,0.484636515378952,0.23090624809265137,0.03125,0.03125
1760902291.0399187,1,2,198,1.1918175220489502,0.4850921332836151,0.20931315422058105,0.03125,0.03125
1760902291.1135345,3,2,191,1.0985455513000488,0.4965326488018036,0.1944878101348877,0.03125,0.03125
1760902291.196785,2,2,197,1.0343176126480103,0.4848102331161499,0.20814967155456543,0.03125,0.03125
1760902291.2913504,1,2,199,1.0504183769226074,0.4851779639720917,0.228546142578125,0.03125,0.03125
1760902291.3632653,3,2,192,1.1887620687484741,0.49660325050354004,0.23069477081298828,0.03125,0.03125
1760902291.422164,2,2,198,1.3217415809631348,0.48480963706970215,0.1979532241821289,0.03125,0.03125
1760902291.500486,1,2,200,0.9657601118087769,0.4853718876838684,0.19161295890808105,0.03125,0.03125
1760902291.582699,3,2,193,1.1503928899765015,0.4967174232006073,0.21443915367126465,0.03125,0.03125
1760902291.6661696,2,2,199,1.1323297023773193,0.4849826395511627,0.2216947078704834,0.03125,0.03125
1760902291.7777724,1,2,201,1.0290584564208984,0.48558691143989563,0.2629523277282715,0.03125,0.03125
1760902291.8702075,3,2,194,1.0173990726470947,0.496940553188324,0.26686620712280273,0.03125,0.03125
1760902291.9522998,2,2,200,1.2008826732635498,0.4850901663303375,0.25443601608276367,0.03125,0.03125
1760902292.024241,1,2,202,0.9753093719482422,0.485779732465744,0.2263479232788086,0.03125,0.03125
1760902292.0869129,3,2,195,1.4076180458068848,0.49683570861816406,0.20291471481323242,0.03125,0.03125
1760902292.1836667,2,2,201,1.2183901071548462,0.4851107895374298,0.21933341026306152,0.03125,0.03125
1760902292.316473,1,2,203,0.9549269080162048,0.4860152006149292,0.2845785617828369,0.03125,0.03125
1760902292.356331,3,2,196,1.0172290802001953,0.49710163474082947,0.2458052635192871,0.03125,0.03125
1760902292.4423728,2,2,202,1.0566837787628174,0.4852178394794464,0.2368459701538086,0.03125,0.03125
1760902292.571702,1,2,204,1.1178662776947021,0.48607757687568665,0.2093207836151123,0.03125,0.03125
1760902292.6031175,3,2,197,0.9406636953353882,0.49747562408447266,0.23874521255493164,0.03125,0.03125
1760902292.682521,2,2,203,1.0149322748184204,0.48547565937042236,0.20230460166931152,0.03125,0.03125
1760902292.7653263,1,2,205,1.1544818878173828,0.48613980412483215,0.18862056732177734,0.03125,0.03125
1760902292.870398,3,2,198,1.183588981628418,0.49752259254455566,0.2422323226928711,0.03125,0.03125
1760902292.9788477,2,2,204,1.256535530090332,0.4856249988079071,0.27520751953125,0.03125,0.03125
1760902293.069886,1,2,206,0.9587117433547974,0.4863522946834564,0.27522921562194824,0.03125,0.03125
1760902293.1637754,3,2,199,1.1855335235595703,0.4975694417953491,0.2594778537750244,0.03125,0.03125
1760902293.2287464,2,2,205,1.1920204162597656,0.48570936918258667,0.22476530075073242,0.03125,0.03125
1760902293.2947102,1,2,207,1.0310176610946655,0.4866715371608734,0.20529699325561523,0.03125,0.03125
1760902293.3951304,3,2,200,0.8448330760002136,0.4978111982345581,0.221297025680542,0.03125,0.03125
1760902293.5181317,2,2,206,1.2084131240844727,0.4859439432621002,0.2685353755950928,0.03125,0.03125
1760902293.6214106,1,2,208,0.8498088121414185,0.4869898855686188,0.29549717903137207,0.03125,0.03125
1760902293.6977637,3,2,201,1.1655566692352295,0.4979007840156555,0.26933789253234863,0.03125,0.03125
1760902293.7960424,2,2,207,1.3537606000900269,0.48596325516700745,0.24946975708007812,0.03125,0.03125
1760902293.8526313,1,2,209,0.9925122261047363,0.48722174763679504,0.2144925594329834,0.03125,0.03125
1760902293.9307742,3,2,202,1.1404407024383545,0.4980333745479584,0.2112112045288086,0.03125,0.03125
1760902294.02141,2,2,208,0.9035289287567139,0.48626115918159485,0.21004867553710938,0.03125,0.03125
1760902294.103459,1,2,210,1.238375186920166,0.4873461127281189,0.22633934020996094,0.03125,0.03125
1760902294.187719,3,2,203,0.918703556060791,0.49823030829429626,0.23098969459533691,0.03125,0.03125
1760902294.2741494,2,2,209,0.9779038429260254,0.4864512085914612,0.22808408737182617,0.03125,0.03125
1760902294.3572404,1,2,211,0.9735265970230103,0.48742741346359253,0.2295536994934082,0.03125,0.03125
1760902294.4154296,3,2,204,0.9615267515182495,0.4984913766384125,0.20113444328308105,0.03125,0.03125
1760902294.4944398,2,2,210,1.263308048248291,0.4865124821662903,0.19727015495300293,0.03125,0.03125
1760902294.6064558,1,2,212,1.1894445419311523,0.48761510848999023,0.23980093002319336,0.03125,0.03125
1760902294.6972787,3,2,205,1.354566216468811,0.49851498007774353,0.2579460144042969,0.03125,0.03125
1760902294.8062437,2,2,211,1.182262897491455,0.48657360672950745,0.28923916816711426,0.03125,0.03125
1760902294.8854446,1,2,213,0.9986411333084106,0.4878661334514618,0.2461855411529541,0.03125,0.03125
1760902294.9473014,3,2,206,1.0892083644866943,0.4986244738101959,0.21834683418273926,0.03125,0.03125
1760902295.022887,2,2,212,1.116792917251587,0.4866771697998047,0.19621515274047852,0.03125,0.03125
1760902295.103381,1,2,214,1.138330101966858,0.48796769976615906,0.2029557228088379,0.03125,0.03125
1760902295.2379506,3,2,207,0.9340437054634094,0.4988410174846649,0.27364349365234375,0.03125,0.03125
1760902295.3221,2,2,213,1.1193913221359253,0.4867804944515228,0.2754380702972412,0.03125,0.03125
1760902295.4400814,1,2,215,1.395324468612671,0.48802649974823,0.29335904121398926,0.03125,0.03125
1760902295.5111244,3,2,208,1.226694107055664,0.49897119402885437,0.2515404224395752,0.03125,0.03125
1760902295.5857553,2,2,214,1.1748638153076172,0.4869897961616516,0.22846746444702148,0.03125,0.03125
1760902295.6855536,1,2,216,1.3172478675842285,0.4881063401699066,0.2264876365661621,0.03125,0.03125
1760902295.8077025,3,2,209,0.9985697269439697,0.499186635017395,0.2790079116821289,0.03125,0.03125
1760902295.8530314,2,2,215,1.2240090370178223,0.48709240555763245,0.24085736274719238,0.03125,0.03125
1760902295.9472406,1,2,217,0.867669403553009,0.4884188771247864,0.23332595825195312,0.03125,0.03125
1760902296.033832,3,2,210,0.972597599029541,0.4994015097618103,0.22612953186035156,0.03125,0.03125
1760902296.110538,2,2,216,1.007733702659607,0.48730072379112244,0.22863078117370605,0.03125,0.03125
1760902296.1818845,1,2,218,0.9451022744178772,0.4886459708213806,0.21863389015197754,0.03125,0.03125
1760902296.2627335,3,2,211,1.0356268882751465,0.4995090365409851,0.20769214630126953,0.03125,0.03125
1760902296.3426888,2,2,217,0.9147055149078369,0.4875931441783905,0.21270346641540527,0.03125,0.03125
1760902296.4226136,1,2,219,1.0302050113677979,0.4888724684715271,0.21590948104858398,0.03125,0.03125
1760902296.5030825,3,2,212,1.053995132446289,0.4996589422225952,0.2221825122833252,0.03125,0.03125
1760902296.5805435,2,2,218,1.2396397590637207,0.4877368211746216,0.22037124633789062,0.03125,0.03125
1760902296.6673613,1,2,220,1.2087663412094116,0.48901399970054626,0.2268383502960205,0.03125,0.03125
1760902296.755226,3,2,213,1.242418646812439,0.4997871220111847,0.22764229774475098,0.03125,0.03125
1760902296.8230653,2,2,219,1.0937609672546387,0.48783785104751587,0.22275662422180176,0.03125,0.03125
1760902296.919112,1,2,221,1.148647665977478,0.4891551434993744,0.2262740135192871,0.03125,0.03125
1760902296.9947698,3,2,214,0.9215244054794312,0.5000212788581848,0.22919821739196777,0.03125,0.03125
1760902297.082417,2,2,220,1.2083346843719482,0.4879175126552582,0.24168682098388672,0.03125,0.03125
1760902297.1547427,1,2,222,1.1344693899154663,0.48929592967033386,0.2186441421508789,0.03125,0.03125
1760902297.2436645,3,2,215,1.1056652069091797,0.5001910924911499,0.2236948013305664,0.03125,0.03125
1760902297.306227,2,2,221,1.365476131439209,0.4880601465702057,0.20860743522644043,0.03125,0.03125
1760902297.425666,1,2,223,0.9086481332778931,0.48962533473968506,0.2457108497619629,0.03125,0.03125
1760902297.5003138,3,2,216,1.0618412494659424,0.5004240274429321,0.24200129508972168,0.03125,0.03125
1760902297.5807338,2,2,222,1.0940830707550049,0.48820239305496216,0.22695159912109375,0.03125,0.03125
1760902297.6521332,1,2,224,1.2225704193115234,0.4896392524242401,0.2095355987548828,0.03125,0.03125
1760902297.7445138,3,2,217,0.9565504789352417,0.5005292892456055,0.21933436393737793,0.03125,0.03125
1760902297.8343606,2,2,223,1.1882493495941162,0.48823925852775574,0.24506449699401855,0.03125,0.03125
1760902297.9103978,1,2,225,0.9425656199455261,0.48988354206085205,0.23248958587646484,0.03125,0.03125
1760902297.9932134,3,2,218,1.057510256767273,0.500655472278595,0.22881197929382324,0.03125,0.03125
1760902298.056065,2,2,224,1.0290523767471313,0.48838087916374207,0.20282530784606934,0.03125,0.03125
1760902298.138774,1,2,226,1.2532947063446045,0.49002259969711304,0.2080988883972168,0.03125,0.03125
1760902298.2143395,3,2,219,1.2031166553497314,0.5009079575538635,0.19786477088928223,0.03125,0.03125
1760902298.2826464,2,2,225,0.9256446361541748,0.4886268377304077,0.19881916046142578,0.03125,0.03125
1760902298.3688626,1,2,227,1.0819873809814453,0.4902239441871643,0.21113061904907227,0.03125,0.03125
1760902298.4408302,3,2,220,1.1207046508789062,0.5009910464286804,0.21707773208618164,0.03125,0.03125
1760902298.5244236,2,2,226,1.056164264678955,0.48880940675735474,0.22487449645996094,0.03125,0.03125
1760902298.617957,1,2,228,1.012177586555481,0.4904247224330902,0.23473167419433594,0.03125,0.03125
1760902298.6947386,3,2,221,1.0822691917419434,0.501073956489563,0.22527766227722168,0.03125,0.03125
1760902298.7597563,2,2,227,1.2003910541534424,0.48884525895118713,0.21122145652770996,0.03125,0.03125
1760902298.8208153,1,2,229,1.2077054977416992,0.4905416667461395,0.18387293815612793,0.03125,0.03125
1760902298.9053857,3,2,222,1.1660189628601074,0.5012196898460388,0.20226502418518066,0.03125,0.03125
1760902299.0185409,2,2,228,1.088881492614746,0.4890061616897583,0.24300265312194824,0.03125,0.03125
1760902299.1116674,1,2,230,1.0754340887069702,0.4907415211200714,0.26105499267578125,0.03125,0.03125
1760902299.2088199,3,2,223,1.0975100994110107,0.5014280676841736,0.2789340019226074,0.03125,0.03125
1760902299.263863,2,2,229,0.8092370629310608,0.4893333315849304,0.22195887565612793,0.03125,0.03125
1760902299.3415291,1,2,231,1.0171008110046387,0.49098238348960876,0.20913052558898926,0.03125,0.03125
1760902299.4203277,3,2,224,1.0173312425613403,0.5015519857406616,0.20949101448059082,0.03125,0.03125
1760902299.5311482,2,2,230,0.9124971628189087,0.48957639932632446,0.24327754974365234,0.03125,0.03125
1760902299.6244004,1,2,232,0.9423022270202637,0.491222620010376,0.2636392116546631,0.03125,0.03125
1760902299.7159035,3,2,225,1.2280977964401245,0.5016965270042419,0.2584726810455322,0.03125,0.03125
1760902299.7644603,2,2,231,1.0934851169586182,0.48977726697921753,0.2050156593322754,0.03125,0.03125
1760902299.838163,1,2,233,1.129923701286316,0.4914000332355499,0.18442225456237793,0.03125,0.03125
1760902299.9153733,3,2,226,1.2439568042755127,0.5017361044883728,0.19946980476379395,0.03125,0.03125
1760902299.9791641,2,2,232,1.235520362854004,0.4898530840873718,0.19201040267944336,0.03125,0.03125
1760902300.0807254,1,2,234,0.9797095060348511,0.4916183650493622,0.22739362716674805,0.03125,0.03125
1760902300.1681788,3,2,227,1.1229593753814697,0.5019009113311768,0.2528054714202881,0.03125,0.03125
1760902300.228023,2,2,233,1.2088744640350342,0.48986655473709106,0.22719693183898926,0.03125,0.03125
1760902300.3543222,1,2,235,1.1385959386825562,0.4916914701461792,0.255298376083374,0.03125,0.03125
1760902300.4803014,3,2,228,1.1213266849517822,0.5019400715827942,0.2982773780822754,0.03125,0.03125
1760902300.6472845,2,2,234,1.0505934953689575,0.49014902114868164,0.38083600997924805,0.03125,0.03125
1760902300.6860757,1,2,236,1.1264272928237915,0.4918675720691681,0.29948854446411133,0.03125,0.03125
1760902300.774516,3,2,229,0.923909604549408,0.5020624995231628,0.26763343811035156,0.03125,0.03125
1760902300.8682435,2,2,235,1.0547672510147095,0.490327388048172,0.2164766788482666,0.03125,0.03125
1760902300.9994838,1,2,237,1.1837096214294434,0.4919813573360443,0.2909834384918213,0.03125,0.03125
1760902301.1183538,3,2,230,1.342478632926941,0.5021637678146362,0.32520461082458496,0.03125,0.03125
1760902301.2530067,2,2,236,1.1068501472473145,0.49058786034584045,0.3534543514251709,0.03125,0.03125
1760902301.378977,1,2,238,0.9486103057861328,0.49213603138923645,0.3497498035430908,0.03125,0.03125
1760902301.5097718,3,2,231,1.1861987113952637,0.5023271441459656,0.35788583755493164,0.03125,0.03125
1760902301.6867762,2,2,237,1.4328889846801758,0.4906827211380005,0.4084649085998535,0.03125,0.03125
1760902301.7124488,1,2,239,1.0676817893981934,0.4923519790172577,0.3028903007507324,0.03125,0.03125
1760902301.7747777,3,2,232,1.1316900253295898,0.5024693012237549,0.23287677764892578,0.03125,0.03125
1760902301.9690046,2,2,238,1.117669939994812,0.4907979369163513,0.25655579566955566,0.03125,0.03125
1760902302.0200121,1,2,240,1.0021835565567017,0.4925262928009033,0.29285454750061035,0.03125,0.03125
1760902302.153851,3,2,233,1.2078208923339844,0.5025489330291748,0.3275461196899414,0.03125,0.03125
1760902302.2455754,2,2,239,0.7868257761001587,0.49118009209632874,0.27156996726989746,0.03125,0.03125
1760902302.3611054,1,2,241,1.1620252132415771,0.49270012974739075,0.313248872756958,0.03125,0.03125
1760902302.447159,3,2,234,1.100911259651184,0.5026076436042786,0.27918148040771484,0.03125,0.03125
1760902302.5556583,2,2,240,1.0440495014190674,0.4913354218006134,0.29619407653808594,0.03125,0.03125
1760902302.6865146,1,2,242,1.259899616241455,0.49279162287712097,0.3135964870452881,0.03125,0.03125
1760902302.791939,3,2,235,1.0406348705291748,0.5027488470077515,0.32883715629577637,0.03125,0.03125
1760902302.9406416,2,2,241,1.092170000076294,0.4915313422679901,0.36109280586242676,0.03125,0.03125
1760902303.0710113,1,2,243,1.2490437030792236,0.4929850995540619,0.36754536628723145,0.03125,0.03125
1760902303.1769814,3,2,236,0.8285939693450928,0.5030341744422913,0.3603682518005371,0.03125,0.03125
1760902303.2963853,2,2,242,1.1001847982406616,0.4917472004890442,0.3316771984100342,0.03125,0.03125
1760902303.4089937,1,2,244,1.1400400400161743,0.49315768480300903,0.3129241466522217,0.03125,0.03125
1760902303.555845,3,2,237,1.0540120601654053,0.5031744837760925,0.3463883399963379,0.03125,0.03125
1760902303.6726809,2,2,243,0.9794741868972778,0.49198299646377563,0.3478972911834717,0.03125,0.03125
1760902303.7305596,1,2,245,0.9467242360115051,0.493492990732193,0.29638218879699707,0.03125,0.03125
1760902303.7902255,3,2,238,1.0511986017227173,0.5033555626869202,0.21910309791564941,0.03125,0.03125
1760902303.871393,2,2,244,1.1521919965744019,0.4921364486217499,0.18550872802734375,0.03125,0.03125
1760902303.9364326,1,2,246,1.147181749343872,0.49356257915496826,0.18337035179138184,0.03125,0.03125
1760902304.002375,3,2,239,0.9951642155647278,0.5036389827728271,0.19614005088806152,0.03125,0.03125
1760902304.0555167,2,2,245,1.0346543788909912,0.492350697517395,0.17112350463867188,0.03125,0.03125
1760902304.1182837,1,2,247,1.0246012210845947,0.4937947690486908,0.17177367210388184,0.03125,0.03125
1760902304.195049,3,2,240,1.1698421239852905,0.5037574172019958,0.18667316436767578,0.03125,0.03125
1760902304.2538133,2,2,246,1.0525375604629517,0.49262547492980957,0.1748521327972412,0.03125,0.03125
1760902304.32656,1,2,248,1.2933356761932373,0.4938231408596039,0.18470048904418945,0.03125,0.03125
1760902304.3908193,3,2,241,0.9773811101913452,0.5039780139923096,0.18399333953857422,0.03125,0.03125
1760902304.4556997,2,2,247,1.2472316026687622,0.4926961362361908,0.18135333061218262,0.03125,0.03125
1760902304.525517,1,2,249,1.1466801166534424,0.49391233921051025,0.18894338607788086,0.03125,0.03125
1760902304.5944173,3,2,242,0.9854588508605957,0.5041366219520569,0.18988561630249023,0.03125,0.03125
1760902304.6581407,2,2,248,1.0718188285827637,0.492888480424881,0.1866915225982666,0.03125,0.03125
1760902304.7388797,1,2,250,0.8413600921630859,0.4941836893558502,0.1961841583251953,0.03125,0.03125
1760902304.7933817,3,2,243,1.1466701030731201,0.5043357610702515,0.190901517868042,0.03125,0.03125
1760902304.853354,2,2,249,1.2061212062835693,0.49306005239486694,0.17766404151916504,0.03125,0.03125
1760902304.916021,1,2,251,1.0108076333999634,0.4944745898246765,0.17414164543151855,0.03125,0.03125
1760902304.9897158,3,2,244,1.0292000770568848,0.5044117569923401,0.18398189544677734,0.03125,0.03125
1760902305.0596302,2,2,250,1.2466144561767578,0.4932312071323395,0.18786191940307617,0.03125,0.03125
1760902305.1182578,1,2,252,0.9469021558761597,0.49462321400642395,0.18237733840942383,0.03125,0.03125
1760902305.1812794,3,2,245,1.0589256286621094,0.5045284032821655,0.18029427528381348,0.03125,0.03125
1760902305.258447,2,2,251,0.8878179788589478,0.4934828281402588,0.18701982498168945,0.03125,0.03125
1760902305.3212507,1,2,253,1.056438684463501,0.4946907162666321,0.18571782112121582,0.03125,0.03125
1760902305.3910832,3,2,246,1.010876178741455,0.5047058463096619,0.19165563583374023,0.03125,0.03125
1760902305.4636304,2,2,252,0.9796684980392456,0.4935923218727112,0.19318461418151855,0.03125,0.03125
1760902305.521026,1,2,254,1.0956920385360718,0.4948387145996094,0.1841259002685547,0.03125,0.03125
1760902305.5781138,3,2,247,1.0671330690383911,0.50482177734375,0.17750334739685059,0.03125,0.03125
1760902305.6502035,2,2,253,1.123253345489502,0.4937015473842621,0.18138885498046875,0.03125,0.03125
1760902305.7235484,1,2,255,1.0535542964935303,0.4950265884399414,0.19088363647460938,0.03125,0.03125
1760902305.784412,3,2,248,1.1090795993804932,0.5049170851707458,0.18517231941223145,0.03125,0.03125
1760902305.8511767,2,2,254,1.2609435319900513,0.49368950724601746,0.1854724884033203,0.03125,0.03125
1760902305.9151511,1,2,256,1.066652774810791,0.49515363574028015,0.18137454986572266,0.03125,0.03125
1760902305.9900048,3,2,249,0.9612972736358643,0.5050933361053467,0.19499683380126953,0.03125,0.03125
1760902306.0548115,2,2,255,1.1027626991271973,0.49389898777008057,0.19922518730163574,0.03125,0.03125
1760902306.1204984,1,2,257,0.9976494312286377,0.49534061551094055,0.18661928176879883,0.03125,0.03125
1760902306.1885026,3,2,250,0.9613327980041504,0.5053501725196838,0.1889498233795166,0.03125,0.03125
1760902306.2510114,2,2,256,1.1102312803268433,0.4941280484199524,0.18390369415283203,0.03125,0.03125
1760902306.31994,1,2,258,1.1497979164123535,0.4954870045185089,0.18771839141845703,0.03125,0.03125
1760902306.379489,3,2,251,1.1420040130615234,0.5054444670677185,0.1809842586517334,0.03125,0.03125
1760902306.4475658,2,2,257,0.9721696972846985,0.49437659978866577,0.18337607383728027,0.03125,0.03125
1760902306.5085907,1,2,259,1.3032264709472656,0.4954927861690521,0.1856989860534668,0.03125,0.03125
1760902306.6202075,3,2,252,1.379776954650879,0.5054172277450562,0.22330164909362793,0.03125,0.03125
1760902306.717566,2,2,258,1.108962893486023,0.4945242404937744,0.2541959285736084,0.03125,0.03125
1760902306.818955,3,2,253,1.0550694465637207,0.5055313110351562,0.1871042251586914,0.03125,0.03125
1760902306.9772415,1,3,0,0.9340961575508118,0.4957386255264282,0.2691946029663086,0.03125,0.03125
1760902307.0031416,2,2,259,0.97282874584198,0.49475160241127014,0.2527287006378174,0.03125,0.03125
1760902307.135017,3,2,254,0.9600830078125,0.5057258009910583,0.2350316047668457,0.03125,0.03125
1760902307.233941,1,3,1,0.9079928398132324,0.49598386883735657,0.2529284954071045,0.03125,0.03125
1760902307.3544617,3,2,255,1.1695313453674316,0.5057385563850403,0.21944475173950195,0.03125,0.03125
1760902307.4429166,2,3,0,0.9199798703193665,0.49499839544296265,0.2099747657775879,0.03125,0.03125
1760902307.482714,1,3,2,0.8759992122650146,0.4962084889411926,0.24277639389038086,0.03125,0.03125
1760902307.571754,3,2,256,1.1990474462509155,0.5057914853096008,0.17410778999328613,0.03125,0.03125
1760902307.6741579,2,3,1,1.0570846796035767,0.49514466524124146,0.22440457344055176,0.03125,0.03125
1760902307.7596602,1,3,3,1.1607635021209717,0.49627313017845154,0.24271917343139648,0.03125,0.03125
1760902307.824932,3,2,257,1.0910918712615967,0.5059045553207397,0.2300872802734375,0.03125,0.03125
1760902307.9081342,2,3,2,0.9495285153388977,0.49533045291900635,0.22995281219482422,0.03125,0.03125
1760902307.9677365,1,3,4,0.9108607172966003,0.49655652046203613,0.19888043403625488,0.03125,0.03125
1760902308.0463016,3,2,258,0.936349093914032,0.5060975551605225,0.20328307151794434,0.03125,0.03125
1760902308.173407,2,3,3,1.0515305995941162,0.49543607234954834,0.2530179023742676,0.03125,0.03125
1760902308.246499,1,3,5,0.8479456901550293,0.49677959084510803,0.2594883441925049,0.03125,0.03125
1760902308.3200626,3,2,259,0.891327440738678,0.5063902139663696,0.25104236602783203,0.03125,0.03125
1760902308.4077837,2,3,4,1.2900103330612183,0.49542197585105896,0.22760272026062012,0.03125,0.03125
1760902308.4862452,1,3,6,0.8186531662940979,0.4971211850643158,0.2252500057220459,0.03125,0.03125
1760902308.5724428,2,3,5,0.9348452091217041,0.49568623304367065,0.16264104843139648,0.03125,0.03125
1760902308.682396,3,3,0,0.959009051322937,0.5066421031951904,0.2144453525543213,0.03125,0.03125
1760902308.7386658,1,3,7,0.9733670949935913,0.49724382162094116,0.22916769981384277,0.03125,0.03125
1760902308.8136988,2,3,6,1.1222970485687256,0.4957711100578308,0.21054863929748535,0.03125,0.03125
1760902308.892512,3,3,1,1.0165530443191528,0.5068534016609192,0.20608305931091309,0.03125,0.03125
1760902308.9937654,1,3,8,0.9797477722167969,0.49744534492492676,0.2405092716217041,0.03125,0.03125
1760902309.0605025,2,3,7,1.0805034637451172,0.4959351122379303,0.22606182098388672,0.03125,0.03125
1760902309.1249874,3,3,2,1.1097075939178467,0.5070242881774902,0.20513916015625,0.03125,0.03125
1760902309.210441,1,3,9,0.9267131090164185,0.4976661503314972,0.20321226119995117,0.03125,0.03125
1760902309.3069909,2,3,8,0.9326043725013733,0.4961383044719696,0.23389029502868652,0.03125,0.03125
1760902309.3860137,3,3,3,0.7826085090637207,0.5073939561843872,0.2361433506011963,0.03125,0.03125
1760902309.4801435,1,3,10,1.2397022247314453,0.4978073537349701,0.2393951416015625,0.03125,0.03125
1760902309.5847678,2,3,9,0.9477560520172119,0.49630141258239746,0.25520968437194824,0.03125,0.03125
1760902309.6514397,3,3,4,0.9922672510147095,0.5075836181640625,0.2367873191833496,0.03125,0.03125
1760902309.7328258,1,3,11,0.7648927569389343,0.4981849789619446,0.22800350189208984,0.03125,0.03125
1760902309.8231978,2,3,10,0.7874271273612976,0.4965628981590271,0.22276639938354492,0.03125,0.03125
1760902309.895125,3,3,5,0.7084042429924011,0.5079317688941956,0.22022628784179688,0.03125,0.03125
1760902309.9618711,1,3,12,1.02632737159729,0.4983054995536804,0.21375703811645508,0.03125,0.03125
1760902310.0420794,2,3,11,1.053406000137329,0.49676451086997986,0.20378851890563965,0.03125,0.03125
1760902310.1188517,3,3,6,0.9332476854324341,0.5081599354743958,0.20397567749023438,0.03125,0.03125
1760902310.1879828,1,3,13,0.8458912372589111,0.4985831379890442,0.20478224754333496,0.03125,0.03125
1760902310.270407,2,3,12,0.8299763202667236,0.4970838725566864,0.20319652557373047,0.03125,0.03125
1760902310.3982563,3,3,7,1.022264003753662,0.5082685351371765,0.2624790668487549,0.03125,0.03125
1760902310.4969494,1,3,14,1.2285112142562866,0.49862420558929443,0.28474974632263184,0.03125,0.03125
1760902310.5896444,2,3,13,1.0817961692810059,0.4972449541091919,0.29335999488830566,0.03125,0.03125
1760902310.6918318,3,3,8,0.9081466197967529,0.5084561109542847,0.2723963260650635,0.03125,0.03125
1760902310.7762337,1,3,15,1.1573268175125122,0.498724102973938,0.24916863441467285,0.03125,0.03125
1760902310.8334687,2,3,14,1.0792884826660156,0.4973466992378235,0.2148902416229248,0.03125,0.03125
1760902310.910459,3,3,9,0.8325687050819397,0.508742094039917,0.2023780345916748,0.03125,0.03125
1760902311.0093791,1,3,16,1.1123919486999512,0.4989413321018219,0.2281496524810791,0.03125,0.03125
1760902311.1024709,2,3,15,0.8561886548995972,0.49762484431266785,0.2521812915802002,0.03125,0.03125
1760902311.1718068,3,3,10,0.8281170129776001,0.5089680552482605,0.24655365943908691,0.03125,0.03125
1760902311.2654178,1,3,17,0.8694422245025635,0.49929511547088623,0.23886871337890625,0.03125,0.03125
1760902311.336704,2,3,16,1.1522421836853027,0.49772584438323975,0.21173429489135742,0.03125,0.03125
1760902311.4308398,3,3,11,1.2263860702514648,0.5089764595031738,0.22532057762145996,0.03125,0.03125
1760902311.4944363,1,3,18,1.0420825481414795,0.49949154257774353,0.20584559440612793,0.03125,0.03125
1760902311.5775406,2,3,17,1.032888412475586,0.4979049265384674,0.21667695045471191,0.03125,0.03125
1760902311.6708055,3,3,12,1.1953178644180298,0.5090045928955078,0.22392058372497559,0.03125,0.03125
1760902311.7715452,1,3,19,0.7638757228851318,0.49974608421325684,0.24934887886047363,0.03125,0.03125
1760902311.8420365,2,3,18,1.0473679304122925,0.49808353185653687,0.25405216217041016,0.03125,0.03125
1760902311.9153235,3,3,13,0.8148666620254517,0.5093671083450317,0.22017145156860352,0.03125,0.03125
1760902312.0096781,1,3,20,0.9756780862808228,0.499921977519989,0.2140941619873047,0.03125,0.03125
1760902312.1084683,2,3,19,1.1383960247039795,0.4982226490974426,0.23537778854370117,0.03125,0.03125
1760902312.140843,3,3,14,1.0948669910430908,0.5094732642173767,0.189253568649292,0.03125,0.03125
1760902312.2665558,1,3,21,1.0628976821899414,0.5000779032707214,0.18804287910461426,0.03125,0.03125
1760902312.3235385,2,3,20,1.0452905893325806,0.4984784722328186,0.200059175491333,0.03125,0.03125
1760902312.358577,3,3,15,1.0475218296051025,0.5096380114555359,0.21773409843444824,0.03125,0.03125
1760902312.474158,1,3,22,1.0410913228988647,0.5002334713935852,0.18079733848571777,0.03125,0.03125
1760902312.5683694,2,3,21,1.2133796215057373,0.4984998404979706,0.23329567909240723,0.03125,0.03125
1760902312.6403406,3,3,16,0.8792489767074585,0.509880781173706,0.24010229110717773,0.03125,0.03125
1760902312.7260833,1,3,23,0.94057297706604,0.5003886818885803,0.23018431663513184,0.03125,0.03125
1760902312.8403842,2,3,22,1.1000703573226929,0.4986184537410736,0.25875067710876465,0.03125,0.03125
1760902312.9091864,3,3,17,1.0271717309951782,0.5100250840187073,0.2510561943054199,0.03125,0.03125
1760902313.0015755,1,3,24,0.8783732652664185,0.500543475151062,0.25322866439819336,0.03125,0.03125
1760902313.0672963,2,3,23,1.1664109230041504,0.498717337846756,0.212799072265625,0.03125,0.03125
1760902313.181095,3,3,18,0.910916268825531,0.5101689696311951,0.24863505363464355,0.03125,0.03125
1760902313.2948072,1,3,25,0.9264905452728271,0.500736653804779,0.2782018184661865,0.03125,0.03125
1760902313.3643482,2,3,24,0.950506865978241,0.49897128343582153,0.27272701263427734,0.03125,0.03125
1760902313.4386785,3,3,19,1.0756702423095703,0.5103515386581421,0.23482751846313477,0.03125,0.03125
1760902313.5175314,1,3,26,1.127835750579834,0.5008713006973267,0.20324468612670898,0.03125,0.03125
1760902313.625507,2,3,25,0.7512767314910889,0.49928271770477295,0.23618626594543457,0.03125,0.03125
1760902313.7035112,3,3,20,1.0124540328979492,0.5105141997337341,0.24902963638305664,0.03125,0.03125
1760902313.7930837,1,3,27,0.8620120882987976,0.5011022686958313,0.24359607696533203,0.03125,0.03125
1760902313.8879344,2,3,26,0.9909286499023438,0.4993804097175598,0.24075651168823242,0.03125,0.03125
1760902314.0127933,3,3,21,1.0281436443328857,0.5106959342956543,0.28589463233947754,0.03125,0.03125
1760902314.062014,1,3,28,1.0153406858444214,0.5012167692184448,0.2514047622680664,0.03125,0.03125
1760902314.1366549,2,3,27,1.0128567218780518,0.4996132552623749,0.2133803367614746,0.03125,0.03125
1760902314.2064154,3,3,22,1.0305185317993164,0.5108187794685364,0.1895887851715088,0.03125,0.03125
1760902314.2831228,1,3,29,0.863438606262207,0.5013889074325562,0.2021632194519043,0.03125,0.03125
1760902314.3891034,2,3,28,1.0910524129867554,0.49972960352897644,0.23717331886291504,0.03125,0.03125
1760902314.4443982,3,3,23,0.9523731470108032,0.5109802484512329,0.21651983261108398,0.03125,0.03125
1760902314.5287476,1,3,30,0.7981859445571899,0.5016183853149414,0.21637868881225586,0.03125,0.03125
1760902314.667947,2,3,29,1.0390011072158813,0.5,0.2723865509033203,0.03125,0.03125
1760902314.6965976,3,3,24,0.8475863933563232,0.5111995339393616,0.2278130054473877,0.03125,0.03125
1760902314.8178856,1,3,31,0.8825970888137817,0.5018665194511414,0.19446468353271484,0.03125,0.03125
1760902314.8583949,2,3,30,1.0675795078277588,0.5002312064170837,0.18716645240783691,0.03125,0.03125
1760902314.9502778,3,3,25,1.1411746740341187,0.5113601088523865,0.2377767562866211,0.03125,0.03125
1760902315.0432844,1,3,32,1.1738085746765137,0.5019603371620178,0.2216634750366211,0.03125,0.03125
1760902315.1345346,2,3,31,0.8423100113868713,0.5004810690879822,0.2561345100402832,0.03125,0.03125
1760902315.2632835,3,3,26,0.9245246052742004,0.511559009552002,0.28224730491638184,0.03125,0.03125
1760902315.3681762,1,3,33,0.9279721975326538,0.5021306872367859,0.3093147277832031,0.03125,0.03125
1760902315.4948854,2,3,32,0.9152399301528931,0.5007110834121704,0.3283536434173584,0.03125,0.03125
1760902315.6203237,3,3,27,0.7802046537399292,0.5117961168289185,0.3312678337097168,0.03125,0.03125
1760902315.762054,1,3,34,1.165748953819275,0.5022431015968323,0.374774694442749,0.03125,0.03125
1760902315.8583508,2,3,33,1.0129830837249756,0.5008445978164673,0.33798956871032715,0.03125,0.03125
1760902315.9625542,3,3,28,0.8971512317657471,0.51201331615448,0.31025052070617676,0.03125,0.03125
1760902316.0975683,1,3,35,0.8099855184555054,0.5025084018707275,0.32451677322387695,0.03125,0.03125
1760902316.1994402,2,3,34,0.9403705596923828,0.5010160803794861,0.3314533233642578,0.03125,0.03125
1760902316.3344865,3,3,29,1.0400443077087402,0.5121720433235168,0.3404233455657959,0.03125,0.03125
1760902316.4649103,1,3,36,0.8401089906692505,0.5028305053710938,0.3496367931365967,0.03125,0.03125
1760902316.575288,2,3,35,0.8884838819503784,0.5012446641921997,0.34095239639282227,0.03125,0.03125
1760902316.7190795,3,3,30,0.9209473133087158,0.5124267935752869,0.3561418056488037,0.03125,0.03125
1760902316.8586538,1,3,37,1.1061255931854248,0.502922534942627,0.3727681636810303,0.03125,0.03125
1760902317.0101707,2,3,36,0.9305793046951294,0.501396119594574,0.3914763927459717,0.03125,0.03125
1760902317.0488477,3,3,31,0.954547643661499,0.512546181678772,0.30493783950805664,0.03125,0.03125
1760902317.169615,1,3,38,1.0951788425445557,0.5030906796455383,0.2734413146972656,0.03125,0.03125
1760902317.2748811,2,3,37,0.9991694092750549,0.5015472173690796,0.2595078945159912,0.03125,0.03125
1760902317.417829,3,3,32,0.8664432168006897,0.5127229690551758,0.34420108795166016,0.03125,0.03125
1760902317.547902,1,3,39,0.9939095973968506,0.5033155679702759,0.35074806213378906,0.03125,0.03125
1760902317.6650724,2,3,38,1.0788837671279907,0.5016788840293884,0.35117363929748535,0.03125,0.03125
1760902317.7947133,3,3,33,1.0847508907318115,0.5128032565116882,0.34949612617492676,0.03125,0.03125
1760902317.9157054,1,3,40,1.102664828300476,0.503501832485199,0.3413066864013672,0.03125,0.03125
1760902318.042375,2,3,39,1.0951085090637207,0.5017911791801453,0.34804272651672363,0.03125,0.03125
1760902318.1204295,3,3,34,0.9090222120285034,0.5130367875099182,0.2897505760192871,0.03125,0.03125
1760902318.2549498,1,3,41,1.1456300020217896,0.5036876797676086,0.3020479679107666,0.03125,0.03125
1760902318.385354,2,3,40,1.1780033111572266,0.5017889738082886,0.3268570899963379,0.03125,0.03125
1760902318.451332,3,3,35,0.9293144345283508,0.5131739974021912,0.29380226135253906,0.03125,0.03125
1760902318.5142443,1,3,42,0.9078646898269653,0.503911018371582,0.24698281288146973,0.03125,0.03125
1760902318.6086488,2,3,41,0.9249645471572876,0.5019769072532654,0.21329879760742188,0.03125,0.03125
1760902318.7401834,3,3,36,0.8812481164932251,0.5133873820304871,0.27302026748657227,0.03125,0.03125
1760902318.8526394,1,3,43,1.0102739334106445,0.5041148066520691,0.3160710334777832,0.03125,0.03125
1760902318.9792747,2,3,42,1.4668560028076172,0.5020124316215515,0.3374040126800537,0.03125,0.03125
1760902319.1063263,3,3,37,1.086007833480835,0.5135429501533508,0.346071720123291,0.03125,0.03125
1760902319.2337277,1,3,44,0.7885757684707642,0.5043181777000427,0.3479297161102295,0.03125,0.03125
1760902319.3443265,2,3,43,1.110369324684143,0.5021616816520691,0.33394861221313477,0.03125,0.03125
1760902319.463587,3,3,38,0.9722418189048767,0.5137362480163574,0.331498384475708,0.03125,0.03125
1760902319.5937824,1,3,45,0.9549867510795593,0.504539966583252,0.33455729484558105,0.03125,0.03125
1760902319.7114625,2,3,44,0.9979976415634155,0.5023484826087952,0.33344054222106934,0.03125,0.03125
1760902319.843743,3,3,39,0.9846252202987671,0.5138338208198547,0.3540620803833008,0.03125,0.03125
1760902319.9469442,1,3,46,0.9904611706733704,0.504704475402832,0.3280820846557617,0.03125,0.03125
1760902320.1059635,2,3,45,1.1121997833251953,0.5024969577789307,0.3629765510559082,0.03125,0.03125
1760902320.2296157,3,3,40,1.019562005996704,0.5138741135597229,0.36479663848876953,0.03125,0.03125
1760902320.3270802,1,3,47,0.9856926202774048,0.5048686861991882,0.3480076789855957,0.03125,0.03125
1760902320.4509861,2,3,46,1.0072804689407349,0.5026261806488037,0.3167588710784912,0.03125,0.03125
1760902320.5202177,3,3,41,0.9630993604660034,0.5140662789344788,0.26733851432800293,0.03125,0.03125
1760902320.6781087,1,3,48,1.0728803873062134,0.5049758553504944,0.3359105587005615,0.03125,0.03125
1760902320.7167046,2,3,47,0.8357337713241577,0.5028872489929199,0.26013898849487305,0.03125,0.03125
1760902320.8267028,3,3,42,0.9749736189842224,0.5142770409584045,0.2749927043914795,0.03125,0.03125
1760902320.92754,1,3,49,0.927216649055481,0.5051769614219666,0.21533727645874023,0.03125,0.03125
1760902320.9559834,2,3,48,0.8654013872146606,0.503072202205658,0.23269319534301758,0.03125,0.03125
1760902321.0618591,3,3,43,0.8691698312759399,0.5144303441047668,0.1878340244293213,0.03125,0.03125
1760902321.14937,1,3,50,0.8996337056159973,0.505415141582489,0.21883034706115723,0.03125,0.03125
1760902321.2485483,2,3,49,0.9704861640930176,0.5032944083213806,0.25855183601379395,0.03125,0.03125
1760902321.3185396,3,3,44,0.9902000427246094,0.5146022439002991,0.24362444877624512,0.03125,0.03125
1760902321.3719025,1,3,51,1.104665994644165,0.505446195602417,0.21782302856445312,0.03125,0.03125
1760902321.4783397,2,3,50,1.2329014539718628,0.5034220814704895,0.1996467113494873,0.03125,0.03125
1760902321.5468736,3,3,45,0.7526352405548096,0.5148683190345764,0.22407746315002441,0.03125,0.03125
1760902321.6204898,1,3,52,1.049609661102295,0.5055897235870361,0.2181239128112793,0.03125,0.03125
1760902321.7185378,2,3,51,0.8238994479179382,0.5036808848381042,0.2361743450164795,0.03125,0.03125
1760902321.8238287,3,3,46,1.1301727294921875,0.5149826407432556,0.260209321975708,0.03125,0.03125
1760902321.85877,1,3,53,0.7966331243515015,0.5059015154838562,0.21863484382629395,0.03125,0.03125
1760902321.954356,2,3,52,0.8787966966629028,0.5039015412330627,0.1895768642425537,0.03125,0.03125
1760902322.0153048,3,3,47,0.9976308345794678,0.5150966048240662,0.19020414352416992,0.03125,0.03125
1760902322.1097045,1,3,54,0.8947901725769043,0.5061564445495605,0.22624731063842773,0.03125,0.03125
1760902322.1890795,2,3,53,1.2408535480499268,0.5039905309677124,0.2224130630493164,0.03125,0.03125
1760902322.2583625,3,3,48,1.138594150543213,0.5151914954185486,0.2231762409210205,0.03125,0.03125
1760902322.3925707,1,3,55,0.8452017307281494,0.5063546895980835,0.276233434677124,0.03125,0.03125
1760902322.5192401,2,3,54,0.8765320777893066,0.5042290687561035,0.3263969421386719,0.03125,0.03125
1760902322.633354,3,3,49,0.879249632358551,0.5153614282608032,0.3615446090698242,0.03125,0.03125
1760902322.741527,1,3,56,1.1623543500900269,0.5064404010772705,0.3469364643096924,0.03125,0.03125
1760902322.8143277,2,3,55,1.153975486755371,0.5043922066688538,0.2890934944152832,0.03125,0.03125
1760902322.9248073,3,3,50,0.8487616777420044,0.5156437754631042,0.28153419494628906,0.03125,0.03125
1760902322.994078,1,3,57,1.0239152908325195,0.5065445899963379,0.2525508403778076,0.03125,0.03125
1760902323.1371963,2,3,56,0.9837942123413086,0.5046109557151794,0.30372118949890137,0.03125,0.03125
1760902323.2506106,3,3,51,1.2107969522476196,0.515700101852417,0.3062558174133301,0.03125,0.03125
1760902323.326815,1,3,58,1.076399326324463,0.5066857933998108,0.3010842800140381,0.03125,0.03125
1760902323.4109602,2,3,57,0.9630599021911621,0.5048292279243469,0.26326560974121094,0.03125,0.03125
1760902323.4741895,3,3,52,1.1509203910827637,0.5157000422477722,0.20498037338256836,0.03125,0.03125
1760902323.6348362,1,3,59,0.9219694137573242,0.506826639175415,0.2950901985168457,0.03125,0.03125
1760902323.6667044,2,3,58,1.1163225173950195,0.5050097107887268,0.25103020668029785,0.03125,0.03125
1760902323.792745,3,3,53,0.9892231822013855,0.5158311128616333,0.29912614822387695,0.03125,0.03125
1760902323.9802895,1,3,60,0.8722442388534546,0.5070414543151855,0.3271639347076416,0.03125,0.03125
1760902324.0126803,2,3,59,0.9803891777992249,0.5051525235176086,0.3365509510040283,0.03125,0.03125
1760902324.191487,3,3,54,0.9977446794509888,0.5160179734230042,0.3225398063659668,0.03125,0.03125
1760902324.3189936,1,3,61,1.070592999458313,0.5071629881858826,0.33570218086242676,0.03125,0.03125
1760902324.3378422,2,3,60,1.1250765323638916,0.5052393078804016,0.2849240303039551,0.03125,0.03125
1760902324.4530401,3,3,55,0.989364504814148,0.5161670446395874,0.19211912155151367,0.03125,0.03125
1760902324.6102834,1,3,62,1.0378533601760864,0.5073398351669312,0.28855133056640625,0.03125,0.03125
1760902324.6408803,2,3,61,1.0915539264678955,0.5053443908691406,0.2712280750274658,0.03125,0.03125
1760902324.754002,3,3,56,1.097233533859253,0.5162970423698425,0.2286376953125,0.03125,0.03125
1760902324.8590736,1,3,63,0.9450096487998962,0.5075533390045166,0.24476146697998047,0.03125,0.03125
1760902324.9191723,2,3,62,1.2942585945129395,0.5055049061775208,0.2687499523162842,0.03125,0.03125
1760902324.9690156,3,3,57,0.8696309328079224,0.5164267420768738,0.20996689796447754,0.03125,0.03125
1760902325.1036415,1,3,64,1.1124143600463867,0.5076923370361328,0.21812653541564941,0.03125,0.03125
1760902325.1552923,2,3,63,1.1150333881378174,0.5056650042533875,0.2215564250946045,0.03125,0.03125
1760902325.2418187,3,3,58,0.7767442464828491,0.5166493058204651,0.23424649238586426,0.03125,0.03125
1760902325.389763,1,3,65,0.9555603861808777,0.5078863501548767,0.2666184902191162,0.03125,0.03125
1760902325.488725,2,3,64,0.8447141051292419,0.5059171319007874,0.3314213752746582,0.03125,0.03125
1760902325.6034708,3,3,59,1.0700187683105469,0.516778290271759,0.3413417339324951,0.03125,0.03125
1760902325.7635274,1,3,66,0.9126117825508118,0.5080615282058716,0.36676764488220215,0.03125,0.03125
1760902325.9615805,2,3,65,1.2181098461151123,0.5059471130371094,0.4576261043548584,0.03125,0.03125
1760902325.9792998,3,3,60,0.7673442959785461,0.5170555710792542,0.36183691024780273,0.03125,0.03125
1760902326.1209788,1,3,67,0.8460887670516968,0.5083284378051758,0.25623393058776855,0.03125,0.03125
1760902326.2764752,2,3,66,1.0233535766601562,0.5061614513397217,0.2653965950012207,0.03125,0.03125
1760902326.3332489,3,3,61,0.9832301139831543,0.517183780670166,0.32013797760009766,0.03125,0.03125
1760902326.4157767,1,3,68,1.0919275283813477,0.5083922147750854,0.26399660110473633,0.03125,0.03125
1760902326.533698,2,3,67,1.1226972341537476,0.5062647461891174,0.2530517578125,0.03125,0.03125
1760902326.6587126,3,3,62,1.0388368368148804,0.517311692237854,0.3108952045440674,0.03125,0.03125
1760902326.8442929,1,3,69,0.8919777274131775,0.5085477828979492,0.40997314453125,0.03125,0.03125
1760902326.8736558,2,3,68,0.8684802055358887,0.5065150260925293,0.3247988224029541,0.03125,0.03125
1760902327.0106096,3,3,63,1.168540120124817,0.5173467397689819,0.2638676166534424,0.03125,0.03125
1760902327.1475244,1,3,70,0.6851894855499268,0.5089049935340881,0.2606496810913086,0.03125,0.03125
1760902327.2160807,2,3,69,0.8953359723091125,0.5068382620811462,0.3292059898376465,0.03125,0.03125
1760902327.303631,3,3,64,1.1161816120147705,0.5174371004104614,0.2563633918762207,0.03125,0.03125
1760902327.4281278,1,3,71,0.856891930103302,0.5091329216957092,0.26821088790893555,0.03125,0.03125
1760902327.5131652,2,3,70,1.1423768997192383,0.5069036483764648,0.2805626392364502,0.03125,0.03125
1760902327.5717525,3,3,65,0.9262367486953735,0.5176011919975281,0.2597513198852539,0.03125,0.03125
1760902327.7179067,1,3,72,1.000388264656067,0.5092687606811523,0.2515714168548584,0.03125,0.03125
1760902327.7906322,2,3,71,1.1213064193725586,0.5070055723190308,0.2656536102294922,0.03125,0.03125
1760902327.8949513,3,3,66,1.017148494720459,0.5177280306816101,0.28602004051208496,0.03125,0.03125
1760902328.0117378,1,3,73,0.983727753162384,0.5095140337944031,0.2874424457550049,0.03125,0.03125
1760902328.0979893,2,3,72,1.0743699073791504,0.5071255564689636,0.2916121482849121,0.03125,0.03125
1760902328.2181265,3,3,67,0.8887016773223877,0.5178913474082947,0.3177478313446045,0.03125,0.03125
1760902328.2999616,1,3,74,1.1645023822784424,0.5096308588981628,0.2806203365325928,0.03125,0.03125
1760902328.3685193,2,3,73,1.2022931575775146,0.5072270035743713,0.260357141494751,0.03125,0.03125
1760902328.4559605,3,3,68,1.0712759494781494,0.5180359482765198,0.23183536529541016,0.03125,0.03125
1760902328.5103972,1,3,75,1.0734226703643799,0.5096926093101501,0.2064049243927002,0.03125,0.03125
1760902328.62231,2,3,74,1.1285033226013184,0.5073282122612,0.24646353721618652,0.03125,0.03125
1760902328.8351853,3,3,69,1.0378475189208984,0.5181617736816406,0.3792247772216797,0.03125,0.03125
1760902328.840239,1,3,76,0.9448865652084351,0.5098636150360107,0.304429292678833,0.03125,0.03125
1760902329.0323193,2,3,75,0.9292722344398499,0.5075569748878479,0.32100915908813477,0.03125,0.03125
1760902329.228026,3,3,70,0.8810206055641174,0.5184341669082642,0.387786865234375,0.03125,0.03125
1760902329.2756476,1,3,77,1.0560270547866821,0.5099977850914001,0.3648524284362793,0.03125,0.03125
1760902329.4033422,2,3,76,1.0329105854034424,0.507657527923584,0.26563167572021484,0.03125,0.03125
1760902329.5217397,3,3,71,1.0015672445297241,0.5185592770576477,0.2937138080596924,0.03125,0.03125
1760902329.6184373,1,3,78,1.1098535060882568,0.5100952982902527,0.2959754467010498,0.03125,0.03125
1760902329.6807024,2,3,77,0.902702271938324,0.5078853368759155,0.25317931175231934,0.03125,0.03125
1760902329.7904015,3,3,72,0.8703984022140503,0.5187206864356995,0.26166677474975586,0.03125,0.03125
1760902329.9230182,1,3,79,0.9480544328689575,0.5103197693824768,0.3045809268951416,0.03125,0.03125
1760902330.0087867,2,3,78,0.9340983033180237,0.5081672072410583,0.3086369037628174,0.03125,0.03125
1760902330.1429224,3,3,73,1.3223029375076294,0.5186255574226379,0.3365597724914551,0.03125,0.03125
1760902330.1879368,1,3,80,0.9998589754104614,0.5104348063468933,0.26032543182373047,0.03125,0.03125
1760902330.2671752,2,3,79,1.148154377937317,0.5082122087478638,0.25311899185180664,0.03125,0.03125
1760902330.4880207,3,3,74,1.0233404636383057,0.5188048481941223,0.31821680068969727,0.03125,0.03125
1760902330.5189328,1,3,81,1.0055075883865356,0.510531485080719,0.3237886428833008,0.03125,0.03125
1760902330.68053,2,3,80,1.059993028640747,0.5083296895027161,0.277987003326416,0.03125,0.03125
1760902330.8231027,3,3,75,0.9393731951713562,0.5189106464385986,0.3230173587799072,0.03125,0.03125
1760902330.839107,1,3,82,0.9482322931289673,0.5106279253959656,0.2672770023345947,0.03125,0.03125
1760902330.9754503,2,3,81,1.109505534172058,0.5084831714630127,0.22211313247680664,0.03125,0.03125
1760902331.1866546,3,3,76,0.920600414276123,0.5190891027450562,0.32300782203674316,0.03125,0.03125
1760902331.1981916,1,3,83,1.0470420122146606,0.5108326077461243,0.3335230350494385,0.03125,0.03125
1760902331.3058884,2,3,82,1.313358187675476,0.5085819959640503,0.23229312896728516,0.03125,0.03125
1760902331.4924343,1,3,84,0.8872087001800537,0.5110549330711365,0.26468372344970703,0.03125,0.03125
1760902331.5562038,3,3,77,0.8859323263168335,0.5192307829856873,0.32845330238342285,0.03125,0.03125
1760902331.6519794,2,3,83,0.9638195633888245,0.5087710022926331,0.34306812286376953,0.03125,0.03125
1760902331.8329651,1,3,85,0.8671205043792725,0.5113308429718018,0.30940961837768555,0.03125,0.03125
1760902331.8629787,3,3,78,0.8669487237930298,0.5194448232650757,0.29552459716796875,0.03125,0.03125
1760902331.9677517,2,3,84,0.9341148138046265,0.5089414715766907,0.3022606372833252,0.03125,0.03125
1760902332.165387,1,3,86,0.8862906694412231,0.5115880966186523,0.3064098358154297,0.03125,0.03125
1760902332.199819,3,3,79,0.9526568651199341,0.5196039080619812,0.3203165531158447,0.03125,0.03125
1760902332.337466,2,3,85,0.6879207491874695,0.5092198252677917,0.2463061809539795,0.03125,0.03125
1760902332.4942467,1,3,87,1.147230625152588,0.5116647481918335,0.32422304153442383,0.03125,0.03125
1760902332.5463164,3,3,80,1.1699652671813965,0.5197082161903381,0.3246731758117676,0.03125,0.03125
1760902332.682069,2,3,86,1.011598825454712,0.5093533992767334,0.27361297607421875,0.03125,0.03125
1760902332.8066332,1,3,88,0.9045069217681885,0.5118850469589233,0.3023533821105957,0.03125,0.03125
1760902333.0143926,3,3,81,0.9774117469787598,0.5198665857315063,0.44256138801574707,0.03125,0.03125
1760902333.055486,2,3,87,1.0146145820617676,0.5095406174659729,0.35565972328186035,0.03125,0.03125
1760902333.1497023,1,3,89,1.0224696397781372,0.5119791626930237,0.2556023597717285,0.03125,0.03125
1760902333.3029988,3,3,82,0.9915340542793274,0.5199341177940369,0.28316521644592285,0.03125,0.03125
1760902333.337865,2,3,88,1.011343240737915,0.5097094178199768,0.2567939758300781,0.03125,0.03125
1760902333.5979753,1,3,90,0.9425786733627319,0.5121089220046997,0.37053537368774414,0.03125,0.03125
1760902333.6994345,3,3,83,0.8895801901817322,0.5200737714767456,0.39340829849243164,0.03125,0.03125
1760902333.7536225,2,3,89,0.8995342254638672,0.5098778605461121,0.36979031562805176,0.03125,0.03125
1760902333.882913,1,3,91,0.9868746995925903,0.5122563242912292,0.2502706050872803,0.03125,0.03125
1760902333.9710486,3,3,84,0.9927695393562317,0.5202493071556091,0.2557806968688965,0.03125,0.03125
1760902334.045147,2,3,90,0.9437110424041748,0.5099562406539917,0.2681307792663574,0.03125,0.03125
1760902334.1511521,1,3,92,0.8883273601531982,0.512492835521698,0.2672390937805176,0.03125,0.03125
1760902334.3018215,3,3,85,1.098892092704773,0.5202800035476685,0.31943583488464355,0.03125,0.03125
1760902334.414868,2,3,91,0.863902747631073,0.510141909122467,0.3677077293395996,0.03125,0.03125
1760902334.5593421,1,3,93,0.8019425868988037,0.5126931071281433,0.4019918441772461,0.03125,0.03125
1760902334.6166017,3,3,86,0.9058066606521606,0.5205269455909729,0.3081943988800049,0.03125,0.03125
1760902334.688596,2,3,92,0.8677150011062622,0.510362982749939,0.24840211868286133,0.03125,0.03125
1760902334.7809718,1,3,94,1.0265681743621826,0.5127500295639038,0.22162961959838867,0.03125,0.03125
1760902334.8802214,3,3,87,0.7333264946937561,0.52073734998703,0.25397396087646484,0.03125,0.03125
1760902334.9449227,2,3,93,0.902687668800354,0.5104762315750122,0.2331695556640625,0.03125,0.03125
1760902335.0868685,1,3,95,1.0779109001159668,0.5128246545791626,0.2957274913787842,0.03125,0.03125
1760902335.2147193,3,3,88,1.2519018650054932,0.5207673907279968,0.32894372940063477,0.03125,0.03125
1760902335.2283404,2,3,94,1.2564036846160889,0.5105178356170654,0.26545000076293945,0.03125,0.03125
1760902335.3636394,1,3,96,0.8160385489463806,0.5129703283309937,0.22582602500915527,0.03125,0.03125
1760902335.5174043,3,3,89,0.920004665851593,0.5208871960639954,0.2623875141143799,0.03125,0.03125
1760902335.5708783,2,3,95,1.014656662940979,0.5106485486030579,0.2990095615386963,0.03125,0.03125
1760902335.6590674,1,3,97,0.8393377065658569,0.5132225155830383,0.2640206813812256,0.03125,0.03125
1760902335.8375685,3,3,90,1.0707954168319702,0.5209529399871826,0.2774312496185303,0.03125,0.03125
1760902335.9051447,2,3,96,0.8849707841873169,0.5108145475387573,0.32929539680480957,0.03125,0.03125
1760902336.0081027,1,3,98,0.9262120723724365,0.5134385824203491,0.25664710998535156,0.03125,0.03125
1760902336.1091661,3,3,91,0.8253851532936096,0.5211260318756104,0.26195216178894043,0.03125,0.03125
1760902336.1664,2,3,97,0.9486579298973083,0.5109624266624451,0.2425520420074463,0.03125,0.03125
1760902336.2993846,1,3,99,0.6936349272727966,0.5137073993682861,0.27919697761535645,0.03125,0.03125
1760902336.3946567,3,3,92,1.0572267770767212,0.521245002746582,0.2814662456512451,0.03125,0.03125
1760902336.4483364,2,3,98,1.3603278398513794,0.5110388398170471,0.2606642246246338,0.03125,0.03125
1760902336.5877135,1,3,100,0.8883404731750488,0.5138691663742065,0.2791287899017334,0.03125,0.03125
1760902336.6702776,3,3,93,1.1535857915878296,0.5213279724121094,0.2715122699737549,0.03125,0.03125
1760902336.7274315,2,3,99,1.1551225185394287,0.5111150741577148,0.2526204586029053,0.03125,0.03125
1760902336.9150813,1,3,101,1.0461361408233643,0.5140306353569031,0.28922224044799805,0.03125,0.03125
1760902336.9370058,3,3,94,0.9487537741661072,0.5213928818702698,0.26262712478637695,0.03125,0.03125
1760902337.0243785,2,3,100,0.6927424073219299,0.5113507509231567,0.2670862674713135,0.03125,0.03125
1760902337.2328794,1,3,102,0.8741455078125,0.5142624378204346,0.2985508441925049,0.03125,0.03125
1760902337.2525458,3,3,95,0.8414068222045898,0.5215646624565125,0.30736303329467773,0.03125,0.03125
1760902337.400148,2,3,101,0.8441870808601379,0.511532723903656,0.272383451461792,0.03125,0.03125
1760902337.633787,3,3,96,0.9516210556030273,0.5216647386550903,0.3613436222076416,0.03125,0.03125
1760902337.6713698,1,3,103,0.7286810278892517,0.5144937634468079,0.40096235275268555,0.03125,0.03125
1760902337.8059843,2,3,102,0.9558359384536743,0.5117143392562866,0.29989004135131836,0.03125,0.03125
1760902337.9993975,3,3,97,0.9493167400360107,0.5218358635902405,0.3633599281311035,0.03125,0.03125
1760902338.024481,1,3,104,1.2697596549987793,0.5146362781524658,0.3272435665130615,0.03125,0.03125
1760902338.185539,2,3,103,0.9740646481513977,0.511895477771759,0.2832777500152588,0.03125,0.03125
1760902338.3572419,3,3,98,0.9236669540405273,0.5220243334770203,0.3327608108520508,0.03125,0.03125
1760902338.3836317,1,3,105,0.7703463435173035,0.5148842930793762,0.3482363224029541,0.03125,0.03125
1760902338.5662365,2,3,104,1.0723580121994019,0.5119879841804504,0.29415464401245117,0.03125,0.03125
1760902338.7610357,1,3,106,1.0325663089752197,0.5150084495544434,0.34801745414733887,0.03125,0.03125
1760902338.8226569,3,3,99,0.9960530996322632,0.5221590995788574,0.4096386432647705,0.03125,0.03125
1760902339.025069,2,3,105,1.1168577671051025,0.5120978951454163,0.3699784278869629,0.03125,0.03125
1760902339.1592097,1,3,107,0.7926774024963379,0.5151675343513489,0.3911759853363037,0.03125,0.03125
1760902339.2262328,3,3,100,1.096003532409668,0.522222638130188,0.36625123023986816,0.03125,0.03125
1760902339.3413444,2,3,106,0.9370498657226562,0.5122604370117188,0.27286720275878906,0.03125,0.03125
1760902339.4785066,1,3,108,1.307544231414795,0.5152031779289246,0.30431127548217773,0.03125,0.03125
1760902339.7008846,3,3,101,0.9701067209243774,0.5223745703697205,0.44808244705200195,0.03125,0.03125
1760902339.7944038,2,3,107,0.9604310989379883,0.5124401450157166,0.43255162239074707,0.03125,0.03125
1760902339.899648,1,3,109,1.2154966592788696,0.5153791904449463,0.38372015953063965,0.03125,0.03125
1760902340.0662625,3,3,102,0.924978494644165,0.522632360458374,0.30875396728515625,0.03125,0.03125
1760902340.0888379,2,3,108,0.9949716925621033,0.5125668048858643,0.28881049156188965,0.03125,0.03125
1760902340.2437375,1,3,110,1.018052577972412,0.5155548453330994,0.24736523628234863,0.03125,0.03125
1760902340.454624,3,3,103,1.0395222902297974,0.5227304697036743,0.34532999992370605,0.03125,0.03125
1760902340.4794636,2,3,109,0.914771318435669,0.5127984285354614,0.3681497573852539,0.03125,0.03125
1760902340.6075766,1,3,111,1.1016093492507935,0.515712559223175,0.24345016479492188,0.03125,0.03125
1760902340.7575142,2,3,110,1.164974331855774,0.5128893256187439,0.25771522521972656,0.03125,0.03125
1760902340.7719662,3,3,104,0.9237349033355713,0.5228990316390991,0.27419018745422363,0.03125,0.03125
1760902340.9550433,1,3,112,0.9268786311149597,0.5159224271774292,0.2735743522644043,0.03125,0.03125
1760902341.0734718,2,3,111,1.1173409223556519,0.5129098892211914,0.31152844429016113,0.03125,0.03125
1760902341.1174428,3,3,105,0.7662402391433716,0.5231729745864868,0.3033604621887207,0.03125,0.03125
1760902341.2382715,1,3,113,0.9935200214385986,0.5160619616508484,0.22449469566345215,0.03125,0.03125
1760902341.3999617,2,3,112,1.0614969730377197,0.5129654407501221,0.3112027645111084,0.03125,0.03125
1760902341.44658,3,3,106,0.9099677801132202,0.52334064245224,0.30782103538513184,0.03125,0.03125
1760902341.6568444,1,3,114,1.0566420555114746,0.5161487460136414,0.3343048095703125,0.03125,0.03125
1760902341.7994864,2,3,113,0.959831714630127,0.5131257176399231,0.39751386642456055,0.03125,0.03125
1760902341.8470862,3,3,107,0.9150950908660889,0.5235782861709595,0.3701493740081787,0.03125,0.03125
1760902341.9495854,1,3,115,0.9406338930130005,0.5163399577140808,0.23345327377319336,0.03125,0.03125
1760902342.1345947,2,3,114,1.0600125789642334,0.5132157802581787,0.3326070308685303,0.03125,0.03125
1760902342.1804373,3,3,108,0.944696307182312,0.5237274765968323,0.3203127384185791,0.03125,0.03125
1760902342.330635,1,3,116,1.0492228269577026,0.516495943069458,0.2889065742492676,0.03125,0.03125
1760902342.4974544,2,3,115,0.9691686630249023,0.5133928656578064,0.36285972595214844,0.03125,0.03125
1760902342.553924,3,3,109,0.9662182927131653,0.5238588452339172,0.34004759788513184,0.03125,0.03125
1760902342.6575406,1,3,117,0.9156395196914673,0.5166515707969666,0.23751091957092285,0.03125,0.03125
1760902342.7135692,2,3,116,0.9681069850921631,0.5135521292686462,0.21611475944519043,0.03125,0.03125
1760902342.8159616,3,3,110,0.8708618879318237,0.5240249633789062,0.2350294589996338,0.03125,0.03125
1760902342.909877,1,3,118,1.0227996110916138,0.5167720913887024,0.2488112449645996,0.03125,0.03125
1760902343.002025,2,3,117,0.8479018807411194,0.5137110352516174,0.2655315399169922,0.03125,0.03125
1760902343.0778687,3,3,111,1.0898525714874268,0.5241381525993347,0.25287532806396484,0.03125,0.03125
1760902343.188488,1,3,119,0.872031569480896,0.5169444680213928,0.2691972255706787,0.03125,0.03125
1760902343.274222,2,3,118,1.1379804611206055,0.513765275478363,0.2611813545227051,0.03125,0.03125
1760902343.3610399,3,3,112,1.0252270698547363,0.5242511034011841,0.25394773483276367,0.03125,0.03125
1760902343.4386792,1,3,120,1.2260353565216064,0.5169950127601624,0.24817919731140137,0.03125,0.03125
1760902343.5176167,2,3,119,0.877953827381134,0.5139409899711609,0.24137592315673828,0.03125,0.03125
1760902343.5827894,3,3,113,0.9100661277770996,0.5243987441062927,0.21316194534301758,0.03125,0.03125
1760902343.6740487,1,3,121,1.0814855098724365,0.5171147584915161,0.23037505149841309,0.03125,0.03125
1760902343.7751832,2,3,120,1.070720911026001,0.5140122175216675,0.2540106773376465,0.03125,0.03125
1760902343.8210351,3,3,114,1.0918574333190918,0.5245635509490967,0.231764554977417,0.03125,0.03125
1760902343.9028847,1,3,122,0.9348094463348389,0.5173034071922302,0.2238326072692871,0.03125,0.03125
1760902343.9963925,2,3,121,0.6593562364578247,0.5143084526062012,0.21724987030029297,0.03125,0.03125
1760902344.054094,3,3,115,1.0134491920471191,0.5246930718421936,0.2200479507446289,0.03125,0.03125
1760902344.1454353,1,3,123,1.0232547521591187,0.517457127571106,0.23399758338928223,0.03125,0.03125
1760902344.1997175,2,3,122,1.1490321159362793,0.5144310593605042,0.1989741325378418,0.03125,0.03125
1760902344.2729757,3,3,116,0.9208694696426392,0.5248222947120667,0.21303963661193848,0.03125,0.03125
1760902344.3677304,1,3,124,1.176546335220337,0.5174896121025085,0.21969342231750488,0.03125,0.03125
1760902344.4245434,2,3,123,0.7819610834121704,0.5146916508674622,0.21897578239440918,0.03125,0.03125
1760902344.4962168,3,3,117,0.9272395968437195,0.5249512791633606,0.21847319602966309,0.03125,0.03125
1760902344.5691411,1,3,125,0.6876738667488098,0.5177290439605713,0.19952630996704102,0.03125,0.03125
1760902344.6670406,2,3,124,1.045261025428772,0.514796257019043,0.23437881469726562,0.03125,0.03125
1760902344.7539458,3,3,118,1.0527253150939941,0.5250973105430603,0.25350356101989746,0.03125,0.03125
1760902344.822606,1,3,126,1.0465450286865234,0.5178645253181458,0.24196839332580566,0.03125,0.03125
1760902344.9098425,2,3,125,1.256703495979309,0.5148489475250244,0.23849940299987793,0.03125,0.03125
1760902344.9959283,3,3,119,0.693011999130249,0.5254166722297668,0.23647475242614746,0.03125,0.03125
1760902345.0564573,1,3,127,0.8124011754989624,0.5180169343948364,0.2180471420288086,0.03125,0.03125
1760902345.1255941,2,3,126,0.9783191680908203,0.5149703621864319,0.21229219436645508,0.03125,0.03125
1760902345.2706459,3,3,120,0.8074305057525635,0.5256139039993286,0.27069902420043945,0.03125,0.03125
1760902345.352108,1,3,128,1.0818359851837158,0.5181174278259277,0.29146528244018555,0.03125,0.03125
1760902345.4400465,2,3,127,1.0082669258117676,0.5151431560516357,0.2905247211456299,0.03125,0.03125
1760902345.5091653,3,3,121,1.0459973812103271,0.5256721377372742,0.2334887981414795,0.03125,0.03125
1760902345.5775237,1,3,129,1.0501372814178467,0.5183207392692566,0.22060012817382812,0.03125,0.03125
1760902345.6527486,2,3,128,1.329652190208435,0.5151436924934387,0.2078237533569336,0.03125,0.03125
1760902345.7175682,3,3,122,0.9996038675308228,0.5257821083068848,0.20189404487609863,0.03125,0.03125
1760902345.8056645,1,3,130,1.2046759128570557,0.5183863639831543,0.22814083099365234,0.03125,0.03125
1760902345.8809385,2,3,129,1.0735993385314941,0.5152472257614136,0.2251889705657959,0.03125,0.03125
1760902345.9481947,3,3,123,0.7010260820388794,0.5260301232337952,0.2178361415863037,0.03125,0.03125
1760902346.0789943,1,3,131,1.2227739095687866,0.5184347629547119,0.26760005950927734,0.03125,0.03125
1760902346.1968534,2,3,130,1.1393520832061768,0.5153334140777588,0.3129143714904785,0.03125,0.03125
1760902346.271804,3,3,124,1.1068942546844482,0.5261912941932678,0.3129749298095703,0.03125,0.03125
1760902346.4532235,1,3,132,1.2272247076034546,0.518517255783081,0.31104111671447754,0.03125,0.03125
1760902346.5127296,2,3,131,1.0099893808364868,0.5154879093170166,0.30924367904663086,0.03125,0.03125
1760902346.634346,3,3,125,0.9998500347137451,0.5262830853462219,0.3186185359954834,0.03125,0.03125
1760902346.7590919,1,3,133,1.1000083684921265,0.5186337232589722,0.30399441719055176,0.03125,0.03125
1760902346.821735,2,3,132,0.8301575779914856,0.5156592130661011,0.29339170455932617,0.03125,0.03125
1760902346.8976967,3,3,126,0.9047496318817139,0.5264953374862671,0.24934911727905273,0.03125,0.03125
1760902347.0720851,1,3,134,1.0133496522903442,0.518750011920929,0.280930757522583,0.03125,0.03125
1760902347.1562212,2,3,133,0.9686325192451477,0.5158814191818237,0.3290846347808838,0.03125,0.03125
1760902347.2121894,3,3,127,0.9405125379562378,0.5265865921974182,0.2902660369873047,0.03125,0.03125
1760902347.370455,1,3,135,0.7985564470291138,0.5189683437347412,0.2716243267059326,0.03125,0.03125
1760902347.5514033,2,3,134,0.9884448051452637,0.5160006880760193,0.38917970657348633,0.03125,0.03125
1760902347.573668,3,3,128,0.8207982778549194,0.5267464518547058,0.3261408805847168,0.03125,0.03125
1760902347.6733756,1,3,136,0.7425032258033752,0.5192543864250183,0.23523783683776855,0.03125,0.03125
1760902347.8391087,2,3,135,1.036569595336914,0.5162049531936646,0.24771475791931152,0.03125,0.03125
1760902347.943134,3,3,129,1.0507688522338867,0.5268200635910034,0.3512265682220459,0.03125,0.03125
1760902348.04871,1,3,137,0.8056920766830444,0.5195397734642029,0.3480846881866455,0.03125,0.03125
1760902348.2069747,2,3,136,1.1319224834442139,0.5162383913993835,0.33085179328918457,0.03125,0.03125
1760902348.2637353,3,3,130,1.282060146331787,0.526910662651062,0.31595420837402344,0.03125,0.03125
1760902348.3394008,1,3,138,0.9507960677146912,0.5196545124053955,0.2737095355987549,0.03125,0.03125
1760902348.5015059,2,3,137,0.8362701535224915,0.5164589881896973,0.2605409622192383,0.03125,0.03125
1760902348.576983,3,3,131,0.7837989330291748,0.5271039009094238,0.3079688549041748,0.03125,0.03125
1760902348.6468167,1,3,139,0.9275544285774231,0.519819974899292,0.28294992446899414,0.03125,0.03125
1760902348.7932749,2,3,138,0.9824678301811218,0.5165430903434753,0.2643463611602783,0.03125,0.03125
1760902348.8542094,3,3,132,1.2551172971725464,0.5272453427314758,0.2737433910369873,0.03125,0.03125
1760902349.0207388,1,3,140,1.0344226360321045,0.5198662877082825,0.33896470069885254,0.03125,0.03125
1760902349.1864405,2,3,139,0.8791838884353638,0.516728937625885,0.3863813877105713,0.03125,0.03125
1760902349.223306,3,3,133,0.8547639846801758,0.5273522734642029,0.346219539642334,0.03125,0.03125
1760902349.353795,1,3,141,0.8964152336120605,0.5200989842414856,0.2505927085876465,0.03125,0.03125
1760902349.5103555,2,3,140,0.7913178205490112,0.5169143676757812,0.3239150047302246,0.03125,0.03125
1760902349.5436594,3,3,134,0.9601811170578003,0.5274760723114014,0.3007020950317383,0.03125,0.03125
1760902349.6813202,1,3,142,1.1197291612625122,0.520195722579956,0.26015424728393555,0.03125,0.03125
1760902349.8616505,2,3,141,0.832456111907959,0.5171163082122803,0.34833502769470215,0.03125,0.03125
1760902349.9053981,3,3,135,0.7831690311431885,0.5277190208435059,0.3245372772216797,0.03125,0.03125
1760902349.9732614,1,3,143,0.7856674194335938,0.5204274654388428,0.28465747833251953,0.03125,0.03125
1760902350.204798,2,3,142,1.2117456197738647,0.5172162652015686,0.3135373592376709,0.03125,0.03125
1760902350.242503,3,3,136,0.8696088790893555,0.5279102921485901,0.33312273025512695,0.03125,0.03125
1760902350.460321,1,3,144,0.8394052982330322,0.5205405354499817,0.38822031021118164,0.03125,0.03125
1760902350.6266258,2,3,143,1.2625083923339844,0.5173160433769226,0.41483020782470703,0.03125,0.03125
1760902350.6612296,3,3,137,1.1829392910003662,0.5279990434646606,0.3769724369049072,0.03125,0.03125
1760902350.7905004,1,3,145,0.8197062015533447,0.5207377076148987,0.2723841667175293,0.03125,0.03125
1760902350.943814,2,3,144,1.0802884101867676,0.5173986554145813,0.27857208251953125,0.03125,0.03125
1760902351.0026875,3,3,138,0.9158799648284912,0.5281895995140076,0.3374454975128174,0.03125,0.03125
1760902351.0739436,1,3,146,1.2479790449142456,0.5207153558731079,0.26774168014526367,0.03125,0.03125
1760902351.2773535,2,3,145,0.7042670249938965,0.5176835656166077,0.30603837966918945,0.03125,0.03125
1760902351.337188,3,3,139,1.1188212633132935,0.5282778739929199,0.3283665180206299,0.03125,0.03125
1760902351.435279,1,3,147,0.911324143409729,0.5208109021186829,0.3409602642059326,0.03125,0.03125
1760902351.6544645,2,3,146,0.8564958572387695,0.5178499221801758,0.35924410820007324,0.03125,0.03125
1760902351.6809793,3,3,140,1.2271981239318848,0.5283489227294922,0.33966898918151855,0.03125,0.03125
1760902351.8042526,1,3,148,1.0646824836730957,0.520939826965332,0.3395805358886719,0.03125,0.03125
1760902352.0099294,2,3,147,0.9063210487365723,0.5180495977401733,0.3289501667022705,0.03125,0.03125
1760902352.0457444,3,3,141,1.0701847076416016,0.5284198522567749,0.355182409286499,0.03125,0.03125
1760902352.214421,1,3,149,1.319658875465393,0.5209341645240784,0.2976529598236084,0.03125,0.03125
1760902352.3601086,2,3,148,0.8014573454856873,0.5183160901069641,0.3344871997833252,0.03125,0.03125
1760902352.3868046,3,3,142,1.0114681720733643,0.5285583734512329,0.32974982261657715,0.03125,0.03125
1760902352.5241094,1,3,150,0.8927474617958069,0.5210459232330322,0.23102593421936035,0.03125,0.03125
1760902352.6502135,2,3,149,0.8435835838317871,0.5185148119926453,0.29010486602783203,0.03125,0.03125
1760902352.6978104,3,3,143,0.9309169054031372,0.5287811160087585,0.28217625617980957,0.03125,0.03125
1760902352.866977,1,3,151,1.317482352256775,0.5210400819778442,0.2900424003601074,0.03125,0.03125
1760902352.983626,2,3,150,1.1677238941192627,0.5185452699661255,0.33341240882873535,0.03125,0.03125
1760902353.0886626,3,3,144,1.2592504024505615,0.528851330280304,0.3577852249145508,0.03125,0.03125
1760902353.248447,1,3,152,1.0241544246673584,0.5212185382843018,0.37684178352355957,0.03125,0.03125
1760902353.3890665,2,3,151,0.9792646169662476,0.5187097787857056,0.4054405689239502,0.03125,0.03125
1760902353.5089815,3,3,145,0.9537124037742615,0.5289382934570312,0.4142179489135742,0.03125,0.03125
1760902353.637892,1,3,153,0.891021728515625,0.5213630795478821,0.3774402141571045,0.03125,0.03125
1760902353.7205772,2,3,152,1.136335015296936,0.5187734365463257,0.32651472091674805,0.03125,0.03125
1760902353.8499205,3,3,146,0.9944868683815002,0.5290756225585938,0.3338472843170166,0.03125,0.03125
1760902354.013462,1,3,154,1.0766215324401855,0.5214739441871643,0.37557005882263184,0.03125,0.03125
1760902354.1170294,2,3,153,1.1676771640777588,0.5188202857971191,0.37355566024780273,0.03125,0.03125
1760902354.1505542,3,3,147,1.0120174884796143,0.5292463898658752,0.29517364501953125,0.03125,0.03125
1760902354.2902431,1,3,155,1.0401039123535156,0.5216513276100159,0.23729825019836426,0.03125,0.03125
1760902354.4170237,2,3,154,0.9535806179046631,0.5189839601516724,0.2968745231628418,0.03125,0.03125
1760902354.533011,3,3,148,0.8863402605056763,0.5294503569602966,0.36803269386291504,0.03125,0.03125
1760902354.5764678,1,3,156,1.0231319665908813,0.5218116044998169,0.2795450687408447,0.03125,0.03125
1760902354.7259667,2,3,155,0.9263874292373657,0.5191305875778198,0.2659029960632324,0.03125,0.03125
1760902354.8329172,3,3,149,0.8996411561965942,0.5296370983123779,0.2957577705383301,0.03125,0.03125
1760902354.8868966,1,3,157,0.8140256404876709,0.5220049023628235,0.26120448112487793,0.03125,0.03125
1760902355.0133483,2,3,156,1.113792896270752,0.5191435217857361,0.23535728454589844,0.03125,0.03125
1760902355.0723712,3,3,150,1.0788164138793945,0.5297059416770935,0.23693037033081055,0.03125,0.03125
1760902355.1342413,1,3,158,0.8227412700653076,0.5222144722938538,0.22123098373413086,0.03125,0.03125
1760902355.3080826,2,3,157,0.8959271907806396,0.5193230509757996,0.2837362289428711,0.03125,0.03125
1760902355.4052515,3,3,151,0.9909801483154297,0.5298417210578918,0.32756781578063965,0.03125,0.03125
1760902355.54457,1,3,159,1.0506784915924072,0.5223071575164795,0.37850165367126465,0.03125,0.03125
1760902355.7094991,2,3,158,0.9869582653045654,0.5194189548492432,0.39527082443237305,0.03125,0.03125
1760902355.8282726,3,3,152,1.0667543411254883,0.5300107002258301,0.4113156795501709,0.03125,0.03125
1760902355.9356432,1,3,160,0.8789488077163696,0.5224993228912354,0.3890540599822998,0.03125,0.03125
1760902356.0803888,2,3,159,0.9244412183761597,0.51953125,0.3653388023376465,0.03125,0.03125
1760902356.190812,3,3,153,0.8563110828399658,0.5301458835601807,0.35542893409729004,0.03125,0.03125
1760902356.2593994,1,3,161,0.9576065540313721,0.5226579308509827,0.32375621795654297,0.03125,0.03125
1760902356.4214687,2,3,160,0.890760600566864,0.5195437073707581,0.30547308921813965,0.03125,0.03125
1760902356.5346682,3,3,154,0.7234199047088623,0.5304478406906128,0.34020471572875977,0.03125,0.03125
1760902356.5824726,1,3,162,1.0635693073272705,0.5227332711219788,0.30721592903137207,0.03125,0.03125
1760902356.7855756,2,3,161,1.0787205696105957,0.5196225047111511,0.332653284072876,0.03125,0.03125
1760902356.954077,3,3,155,1.2980842590332031,0.5305154919624329,0.41440701484680176,0.03125,0.03125
1760902357.0250385,1,3,163,1.010437250137329,0.522858202457428,0.40351152420043945,0.03125,0.03125
1760902357.1787436,2,3,162,0.7624627351760864,0.5197839140892029,0.34734392166137695,0.03125,0.03125
1760902357.3331487,3,3,156,0.9510682821273804,0.5306663513183594,0.3790717124938965,0.03125,0.03125
1760902357.4082565,1,3,164,0.9507943391799927,0.5230489373207092,0.36052370071411133,0.03125,0.03125
1760902357.5942767,2,3,163,1.1028385162353516,0.519928514957428,0.37114405632019043,0.03125,0.03125
1760902357.700021,3,3,157,1.0696377754211426,0.5307002663612366,0.36281776428222656,0.03125,0.03125
1760902357.8346353,1,3,165,0.8618815541267395,0.5232393145561218,0.3975093364715576,0.03125,0.03125
1760902357.9217243,2,3,164,1.0082285404205322,0.5200561881065369,0.32474827766418457,0.03125,0.03125
1760902358.0486548,3,3,158,0.9611638784408569,0.5308173298835754,0.33994460105895996,0.03125,0.03125
1760902358.2035155,1,3,166,1.1661173105239868,0.5233632326126099,0.3658747673034668,0.03125,0.03125
1760902358.3246286,2,3,165,0.7865246534347534,0.520348846912384,0.3958597183227539,0.03125,0.03125
1760902358.4314284,3,3,159,1.0794272422790527,0.5308676958084106,0.37574243545532227,0.03125,0.03125
1760902358.526022,1,3,167,1.1400551795959473,0.5234704613685608,0.3225064277648926,0.03125,0.03125
1760902358.6735716,2,3,166,0.6736012697219849,0.5206078290939331,0.3422229290008545,0.03125,0.03125
1760902358.7528,3,3,160,0.9618815183639526,0.5310341119766235,0.31067585945129395,0.03125,0.03125
1760902358.8445039,1,3,168,1.0442404747009277,0.5236103534698486,0.3038656711578369,0.03125,0.03125
1760902358.9702566,2,3,167,1.014023780822754,0.5207509398460388,0.2896106243133545,0.03125,0.03125
1760902359.1671464,3,3,161,1.1779996156692505,0.5310841202735901,0.40722012519836426,0.03125,0.03125
1760902359.2185721,1,3,169,0.998227059841156,0.5238158106803894,0.36274170875549316,0.03125,0.03125
1760902359.389856,2,3,168,1.2176666259765625,0.5208607912063599,0.33998727798461914,0.03125,0.03125
1760902359.588896,3,3,162,1.0581386089324951,0.5311837196350098,0.4217495918273926,0.03125,0.03125
1760902359.6276977,1,3,170,1.08689546585083,0.5239714980125427,0.37766480445861816,0.03125,0.03125
1760902359.8216283,2,3,169,1.0335605144500732,0.5209375023841858,0.3697021007537842,0.03125,0.03125
1760902359.9952264,3,3,163,0.8015284538269043,0.5313162207603455,0.4002976417541504,0.03125,0.03125
1760902360.0665345,1,3,171,0.8427016139030457,0.5241432785987854,0.39740943908691406,0.03125,0.03125
1760902360.1985145,2,3,170,0.9490032196044922,0.5211126208305359,0.31768226623535156,0.03125,0.03125
1760902360.4073668,3,3,164,1.1041550636291504,0.5313326716423035,0.4055612087249756,0.03125,0.03125
1760902360.5294173,1,3,172,0.9182064533233643,0.524265468120575,0.4250335693359375,0.03125,0.03125
1760902360.6183856,2,3,171,0.9328242540359497,0.5212709903717041,0.40486812591552734,0.03125,0.03125
1760902360.8242226,3,3,165,0.9245408773422241,0.5314481854438782,0.39052629470825195,0.03125,0.03125
1760902360.9152997,1,3,173,0.9861284494400024,0.5244202017784119,0.3814518451690674,0.03125,0.03125
1760902361.090154,2,3,172,0.7619715929031372,0.5215438008308411,0.4424130916595459,0.03125,0.03125
1760902361.247035,3,3,166,0.8445647954940796,0.5316789746284485,0.4110872745513916,0.03125,0.03125
1760902361.306516,1,3,174,1.0255358219146729,0.5245582461357117,0.38155126571655273,0.03125,0.03125
1760902361.4893835,2,3,173,1.0199260711669922,0.5215867161750793,0.33615779876708984,0.03125,0.03125
1760902361.619117,3,3,167,1.1719380617141724,0.5317774415016174,0.3700554370880127,0.03125,0.03125
1760902361.6797984,1,3,175,0.7228379249572754,0.5247777104377747,0.3398444652557373,0.03125,0.03125
1760902361.7915404,2,3,174,0.8661167621612549,0.5218095779418945,0.2822887897491455,0.03125,0.03125
1760902361.8947322,3,3,168,0.9425363540649414,0.5318592190742493,0.26940011978149414,0.03125,0.03125
1760902361.976794,1,3,176,1.1852327585220337,0.5248171091079712,0.2783854007720947,0.03125,0.03125
1760902362.0554445,2,3,175,1.2397065162658691,0.5218194127082825,0.2639040946960449,0.03125,0.03125
1760902362.2597787,3,3,169,0.9137686491012573,0.53203946352005,0.3283815383911133,0.03125,0.03125
1760902362.3223348,1,3,177,0.9100194573402405,0.5250032544136047,0.3397958278656006,0.03125,0.03125
1760902362.4326756,2,3,176,0.7926372289657593,0.522090494632721,0.35352468490600586,0.03125,0.03125
1760902362.6181629,3,3,170,0.8833765387535095,0.5321700572967529,0.3384270668029785,0.03125,0.03125
1760902362.696007,1,3,178,0.9639226794242859,0.5250912308692932,0.3699665069580078,0.03125,0.03125
1760902362.8271232,2,3,177,0.9361359477043152,0.5222468972206116,0.3247945308685303,0.03125,0.03125
1760902363.0396821,3,3,171,0.9713878631591797,0.5323824882507324,0.4181704521179199,0.03125,0.03125
1760902363.0916188,1,3,179,0.7307612299919128,0.5253743529319763,0.3797430992126465,0.03125,0.03125
1760902363.1662705,2,3,178,1.1990149021148682,0.522354006767273,0.3151698112487793,0.03125,0.03125
1760902363.3827314,3,3,172,0.9149210453033447,0.5324632525444031,0.3328580856323242,0.03125,0.03125
1760902363.4781682,1,3,180,1.0077619552612305,0.5255430340766907,0.3825571537017822,0.03125,0.03125
1760902363.5404415,2,3,179,1.2590588331222534,0.5224934816360474,0.3433866500854492,0.03125,0.03125
1760902363.692895,3,3,173,1.0687744617462158,0.5325111150741577,0.2911651134490967,0.03125,0.03125
1760902363.751246,1,3,181,1.0661370754241943,0.5256139636039734,0.26677727699279785,0.03125,0.03125
1760902363.888343,2,3,180,0.8496043682098389,0.5226163864135742,0.3165566921234131,0.03125,0.03125
1760902364.040064,3,3,174,0.8827298283576965,0.5326406955718994,0.3432736396789551,0.03125,0.03125
1760902364.1188343,1,3,182,0.8872683048248291,0.52578204870224,0.3537580966949463,0.03125,0.03125
1760902364.1967156,2,3,181,1.0179764032363892,0.5227553248405457,0.30635929107666016,0.03125,0.03125
1760902364.379832,3,3,175,0.971992552280426,0.5327536463737488,0.3160092830657959,0.03125,0.03125
1760902364.4636507,1,3,183,0.8501123189926147,0.5259498357772827,0.33817315101623535,0.03125,0.03125
1760902364.551571,2,3,182,1.143740177154541,0.5228290557861328,0.32294273376464844,0.03125,0.03125
1760902364.7213714,3,3,176,1.0113697052001953,0.5328500270843506,0.3134267330169678,0.03125,0.03125
1760902364.8615286,1,3,184,0.8107296228408813,0.5261819958686829,0.38374805450439453,0.03125,0.03125
1760902364.917377,2,3,183,1.0563325881958008,0.5229674577713013,0.3460266590118408,0.03125,0.03125
1760902365.0978994,3,3,177,0.769848108291626,0.5330277681350708,0.3283374309539795,0.03125,0.03125
1760902365.1787608,1,3,185,0.8818709850311279,0.5263166427612305,0.3101639747619629,0.03125,0.03125
1760902365.3151028,2,3,184,0.9935880899429321,0.5232027173042297,0.37049150466918945,0.03125,0.03125
1760902365.44552,3,3,178,0.9590778350830078,0.5332051515579224,0.3379673957824707,0.03125,0.03125
1760902365.4834619,1,3,186,1.1116234064102173,0.5263702273368835,0.29886317253112793,0.03125,0.03125
1760902365.542888,2,3,185,1.219125509262085,0.5231948494911194,0.22376060485839844,0.03125,0.03125
1760902365.7351854,3,3,179,0.683347225189209,0.5334147214889526,0.2717406749725342,0.03125,0.03125
1760902365.8077538,1,3,187,1.02899169921875,0.5265205502510071,0.3157944679260254,0.03125,0.03125
1760902365.8533616,2,3,186,1.0679104328155518,0.5233001708984375,0.29473376274108887,0.03125,0.03125
1760902365.993211,3,3,180,0.9514580368995667,0.5335750579833984,0.23871636390686035,0.03125,0.03125
1760902366.0543036,1,3,188,0.7393962144851685,0.5267673134803772,0.23988962173461914,0.03125,0.03125
1760902366.104482,2,3,187,0.9110103845596313,0.5234051942825317,0.21929216384887695,0.03125,0.03125
1760902366.316083,3,3,181,0.811152994632721,0.5337350368499756,0.3067929744720459,0.03125,0.03125
1760902366.4014714,1,3,189,0.950323224067688,0.5269168615341187,0.344806432723999,0.03125,0.03125
1760902366.603603,2,3,188,0.9414377212524414,0.5235100388526917,0.4615635871887207,0.03125,0.03125
1760902366.680415,3,3,182,0.8480535745620728,0.5339434146881104,0.35656213760375977,0.03125,0.03125
1760902366.7496707,1,3,190,1.130984902381897,0.5270017981529236,0.32982492446899414,0.03125,0.03125
1760902366.9526331,2,3,189,1.1605896949768066,0.5235663652420044,0.3330872058868408,0.03125,0.03125
1760902367.0472527,3,3,183,0.9261276721954346,0.5340702533721924,0.35733962059020996,0.03125,0.03125
1760902367.162413,1,3,191,0.9345332384109497,0.5271508693695068,0.38081884384155273,0.03125,0.03125
1760902367.3845806,2,3,190,0.9858438968658447,0.5237191319465637,0.3885941505432129,0.03125,0.03125
1760902367.4749842,3,3,184,0.9032775163650513,0.5342616438865662,0.425701379776001,0.03125,0.03125
1760902367.5530148,1,3,192,0.9963754415512085,0.5272995829582214,0.3644881248474121,0.03125,0.03125
1760902367.6920204,2,3,191,0.9483065605163574,0.5238233208656311,0.28191637992858887,0.03125,0.03125
1760902367.780225,3,3,185,1.1989555358886719,0.534307062625885,0.29717397689819336,0.03125,0.03125
1760902367.891298,1,3,193,0.7208782434463501,0.5275121927261353,0.3177309036254883,0.03125,0.03125
1760902368.0081613,2,3,192,0.9621574282646179,0.5239915251731873,0.3118557929992676,0.03125,0.03125
1760902368.1098468,3,3,186,1.1601901054382324,0.5343846678733826,0.3256254196166992,0.03125,0.03125
1760902368.2798371,1,3,194,1.269662618637085,0.5276442170143127,0.37720203399658203,0.03125,0.03125
1760902368.4109201,2,3,193,1.1189913749694824,0.5240470767021179,0.39656615257263184,0.03125,0.03125
1760902368.4785168,3,3,187,1.0859007835388184,0.534413754940033,0.3636939525604248,0.03125,0.03125
1760902368.6647627,1,3,195,0.7659115791320801,0.5278720259666443,0.3762791156768799,0.03125,0.03125
1760902368.7397983,2,3,194,1.0515466928482056,0.5241186022758484,0.32086873054504395,0.03125,0.03125
1760902368.7908125,3,3,188,0.9768505096435547,0.5345394611358643,0.2884659767150879,0.03125,0.03125
1760902368.9985151,1,3,196,1.0402408838272095,0.5279874801635742,0.28284668922424316,0.03125,0.03125
1760902369.0573814,2,3,195,1.1874630451202393,0.5241579413414001,0.31157636642456055,0.03125,0.03125
1760902369.1404223,3,3,189,0.9771343469619751,0.5347293615341187,0.3274853229522705,0.03125,0.03125
1760902369.3564281,1,3,197,0.8844943046569824,0.5281665325164795,0.3334054946899414,0.03125,0.03125
1760902369.3868158,2,3,196,0.7345144152641296,0.5243090987205505,0.32392430305480957,0.03125,0.03125
1760902369.6209326,3,3,190,0.8288918733596802,0.5349349975585938,0.40030980110168457,0.03125,0.03125
1760902369.7295887,1,3,198,0.9906070232391357,0.5282495021820068,0.3700850009918213,0.03125,0.03125
1760902369.7400541,2,3,197,0.7223110198974609,0.5246037840843201,0.313251256942749,0.03125,0.03125
1760902369.8679287,3,3,191,0.8604651689529419,0.5350598096847534,0.20919251441955566,0.03125,0.03125
1760902370.0100665,1,3,199,0.8836889266967773,0.5284279584884644,0.27600955963134766,0.03125,0.03125
1760902370.0574293,2,3,198,1.3203483819961548,0.5246903896331787,0.28139472007751465,0.03125,0.03125
1760902370.2526047,3,3,192,0.9148623943328857,0.5351843237876892,0.3250250816345215,0.03125,0.03125
1760902370.4030101,1,3,200,0.941504955291748,0.5285422801971436,0.3929436206817627,0.03125,0.03125
1760902370.4632418,2,3,199,0.9235811233520508,0.5248405337333679,0.37617921829223633,0.03125,0.03125
1760902370.6463516,3,3,193,1.0584286451339722,0.5352926254272461,0.3586854934692383,0.03125,0.03125
1760902370.743454,1,3,201,0.9117431044578552,0.5286086797714233,0.33531808853149414,0.03125,0.03125
1760902370.8058212,2,3,200,0.9351407885551453,0.5249426364898682,0.31352853775024414,0.03125,0.03125
1760902370.9643128,3,3,194,0.7858976125717163,0.5355128049850464,0.2853269577026367,0.03125,0.03125
1760902371.1056116,1,3,202,1.1798356771469116,0.5286749601364136,0.36215758323669434,0.03125,0.03125
1760902371.1672037,2,3,201,0.823797881603241,0.5251559615135193,0.31984424591064453,0.03125,0.03125
1760902371.3247333,3,3,195,1.172475814819336,0.5356205105781555,0.3279390335083008,0.03125,0.03125
1760902371.430836,1,3,203,1.0356041193008423,0.5287728905677795,0.3209507465362549,0.03125,0.03125
1760902371.5745056,2,3,202,1.0183520317077637,0.5252733826637268,0.3510880470275879,0.03125,0.03125
1760902371.6392102,3,3,196,1.0840128660202026,0.5357120037078857,0.2982633113861084,0.03125,0.03125
1760902371.6908193,1,3,204,0.8572932481765747,0.5289974808692932,0.2599833011627197,0.03125,0.03125
1760902371.9124353,2,3,203,0.9584969282150269,0.5253588557243347,0.32489681243896484,0.03125,0.03125
1760902372.070813,3,3,197,1.3390036821365356,0.5356754660606384,0.43160271644592285,0.03125,0.03125
1760902372.1343288,1,3,205,0.9716335535049438,0.5291265249252319,0.40385890007019043,0.03125,0.03125
1760902372.295631,2,3,204,1.2602498531341553,0.5254441499710083,0.33466124534606934,0.03125,0.03125
1760902372.4716916,3,3,198,0.8959053754806519,0.5358784198760986,0.4008786678314209,0.03125,0.03125
1760902372.5518234,1,3,206,1.148456335067749,0.5292394757270813,0.37116289138793945,0.03125,0.03125
1760902372.6654143,2,3,205,0.8160237073898315,0.5256560444831848,0.35500311851501465,0.03125,0.03125
1760902372.861822,3,3,199,0.8060648441314697,0.5360650420188904,0.3507397174835205,0.03125,0.03125
1760902372.8878958,1,3,207,0.7804498672485352,0.5294629335403442,0.32213830947875977,0.03125,0.03125
1760902373.0635264,2,3,206,1.0648741722106934,0.5257408618927002,0.30454373359680176,0.03125,0.03125
1760902373.2211206,3,3,200,0.925939679145813,0.5362035036087036,0.35628628730773926,0.03125,0.03125
1760902373.2438948,1,3,208,1.151991605758667,0.5295279026031494,0.32118654251098633,0.03125,0.03125
1760902373.405181,2,3,207,1.4057095050811768,0.5256515741348267,0.28355884552001953,0.03125,0.03125
1760902373.6390593,3,3,201,1.0797886848449707,0.5363098382949829,0.3790581226348877,0.03125,0.03125
1760902373.6668541,1,3,209,0.8561450242996216,0.5297348499298096,0.40685296058654785,0.03125,0.03125
1760902373.8195002,2,3,208,1.2042198181152344,0.5257362127304077,0.29601573944091797,0.03125,0.03125
1760902373.9810455,3,3,202,1.464006781578064,0.5363364815711975,0.3359100818634033,0.03125,0.03125
1760902373.9940825,1,3,210,0.9297119379043579,0.5298309922218323,0.26341891288757324,0.03125,0.03125
1760902374.1647162,2,3,209,0.9375674724578857,0.5258522629737854,0.30047106742858887,0.03125,0.03125
1760902374.3466642,3,3,203,0.8349119424819946,0.5364583134651184,0.31748151779174805,0.03125,0.03125
1760902374.3536603,1,3,211,0.9053187370300293,0.5300371646881104,0.3244776725769043,0.03125,0.03125
1760902374.483571,2,3,210,1.134199619293213,0.5258734822273254,0.24294805526733398,0.03125,0.03125
1760902374.696636,1,3,212,0.805048942565918,0.5301957726478577,0.32888317108154297,0.03125,0.03125
1760902374.7217052,3,3,204,1.0346288681030273,0.5365164875984192,0.35395240783691406,0.03125,0.03125
1760902374.8763845,2,3,211,0.9841358661651611,0.5260521769523621,0.2651481628417969,0.03125,0.03125
1760902375.0558128,1,3,213,1.0218620300292969,0.5302596688270569,0.3591768741607666,0.03125,0.03125
1760902375.1290348,3,3,205,1.0015549659729004,0.5365745425224304,0.3767361640930176,0.03125,0.03125
1760902375.235194,2,3,212,1.026390790939331,0.5261518359184265,0.2606160640716553,0.03125,0.03125
1760902375.329846,1,3,214,0.8356074094772339,0.5304490923881531,0.2740330696105957,0.03125,0.03125
1760902375.460556,3,3,206,1.1086572408676147,0.5366324782371521,0.30371665954589844,0.03125,0.03125
1760902375.5921924,2,3,213,1.0099619626998901,0.5262512564659119,0.3549811840057373,0.03125,0.03125
1760902375.6935058,1,3,215,0.9106656312942505,0.5306381583213806,0.3636598587036133,0.03125,0.03125
1760902375.7695787,3,3,207,1.0626332759857178,0.5367218852043152,0.30176782608032227,0.03125,0.03125
1760902375.8878691,2,3,214,1.1706181764602661,0.5262405872344971,0.29004406929016113,0.03125,0.03125
1760902375.9712806,1,3,216,1.131706714630127,0.5306857824325562,0.2717776298522949,0.03125,0.03125
1760902376.127934,3,3,208,0.7513350248336792,0.5369375348091125,0.35506486892700195,0.03125,0.03125
1760902376.2822382,2,3,215,0.9597852230072021,0.5264338850975037,0.3889021873474121,0.03125,0.03125
1760902376.4461248,1,3,217,0.9598026871681213,0.5307959914207458,0.4669218063354492,0.03125,0.03125
1760902376.5738933,3,3,209,0.7685995101928711,0.537168562412262,0.4349222183227539,0.03125,0.03125
1760902376.7398002,2,3,216,1.0622831583023071,0.5265327095985413,0.4467315673828125,0.03125,0.03125
1760902376.846094,1,3,218,0.9156660437583923,0.5309528112411499,0.3948366641998291,0.03125,0.03125
1760902377.0655499,3,3,210,0.9613267779350281,0.537257194519043,0.4855830669403076,0.03125,0.03125
1760902377.2181442,2,3,217,0.735581636428833,0.5267879366874695,0.4705183506011963,0.03125,0.03125
1760902377.2519329,1,3,219,0.9531524777412415,0.5310468673706055,0.3900454044342041,0.03125,0.03125
1760902377.4301693,3,3,211,1.1207213401794434,0.537377119064331,0.3159952163696289,0.03125,0.03125
1760902377.5362792,2,3,218,1.003273844718933,0.5268080830574036,0.3082709312438965,0.03125,0.03125
1760902377.5915482,1,3,220,1.0950452089309692,0.5311563611030579,0.3007025718688965,0.03125,0.03125
1760902377.7329705,3,3,212,0.8839792013168335,0.537433922290802,0.28478240966796875,0.03125,0.03125
1760902377.8883936,2,3,219,0.9440227746963501,0.5269843935966492,0.34810662269592285,0.03125,0.03125
1760902377.9477189,1,3,221,0.8952229022979736,0.5313279628753662,0.33609628677368164,0.03125,0.03125
1760902378.1717677,3,3,213,0.906315803527832,0.537600576877594,0.3748631477355957,0.03125,0.03125
1760902378.3058527,2,3,220,1.0734143257141113,0.5269886255264282,0.41132187843322754,0.03125,0.03125
1760902378.339493,1,3,222,0.9920119047164917,0.5314213633537292,0.36231112480163574,0.03125,0.03125
1760902378.4940221,3,3,214,0.8813797831535339,0.5376884341239929,0.2879831790924072,0.03125,0.03125
1760902378.5907447,2,3,221,1.0791138410568237,0.5270552635192871,0.28489208221435547,0.03125,0.03125
1760902378.6215677,1,3,223,1.1535155773162842,0.5314990282058716,0.2415013313293457,0.03125,0.03125
1760902378.7472148,3,3,215,1.040384292602539,0.5378074645996094,0.2180318832397461,0.03125,0.03125
1760902378.8529377,2,3,222,1.1487069129943848,0.5270750522613525,0.2575240135192871,0.03125,0.03125
1760902378.905477,1,3,224,1.1139379739761353,0.5316075682640076,0.25534629821777344,0.03125,0.03125
1760902379.1052856,3,3,216,1.0917625427246094,0.5378636121749878,0.33135509490966797,0.03125,0.03125
1760902379.290287,2,3,223,1.0102252960205078,0.5272036790847778,0.43227148056030273,0.03125,0.03125
1760902379.373349,1,3,225,0.9791430830955505,0.53177809715271,0.4262537956237793,0.03125,0.03125
1760902379.620601,3,3,217,0.960265040397644,0.5379822254180908,0.45830345153808594,0.03125,0.03125
1760902379.761487,2,3,224,0.9817987680435181,0.5273476243019104,0.47119998931884766,0.03125,0.03125
1760902379.8251987,1,3,226,0.9661533832550049,0.5319172143936157,0.4067504405975342,0.03125,0.03125
1760902379.999344,3,3,218,0.8056972026824951,0.5381944179534912,0.33927416801452637,0.03125,0.03125
1760902380.1653495,2,3,225,0.9122138619422913,0.5275534391403198,0.3983950614929199,0.03125,0.03125
1760902380.2617705,1,3,227,0.905314564704895,0.532040536403656,0.4078249931335449,0.03125,0.03125
1760902380.4313412,3,3,219,0.8864895701408386,0.5383437275886536,0.36788463592529297,0.03125,0.03125
1760902380.5629277,2,3,226,0.9983353018760681,0.5276812314987183,0.38704657554626465,0.03125,0.03125
1760902380.6485302,1,3,228,0.9103580117225647,0.5321791172027588,0.34778809547424316,0.03125,0.03125
1760902380.792772,3,3,220,0.8790366053581238,0.5385239720344543,0.3033926486968994,0.03125,0.03125
1760902380.9528465,2,3,227,0.9005793929100037,0.5278242826461792,0.3796417713165283,0.03125,0.03125
1760902381.166267,1,3,229,0.9840295910835266,0.5322710275650024,0.4879875183105469,0.03125,0.03125
1760902381.2539546,3,3,221,1.006301999092102,0.5386414527893066,0.42680811882019043,0.03125,0.03125
1760902381.3732388,2,3,228,1.0063965320587158,0.5279515385627747,0.410585880279541,0.03125,0.03125
1760902381.5383966,1,3,230,1.0198159217834473,0.5323936939239502,0.3475613594055176,0.03125,0.03125
1760902381.7122226,3,3,222,1.1506011486053467,0.5385873913764954,0.4492511749267578,0.03125,0.03125
1760902381.7652893,2,3,229,0.7081022262573242,0.5281868577003479,0.3728766441345215,0.03125,0.03125
1760902381.9802592,1,3,231,0.9669529795646667,0.5325778126716614,0.39322900772094727,0.03125,0.03125
1760902382.1426272,3,3,223,1.1178808212280273,0.5387201309204102,0.4304046630859375,0.03125,0.03125
1760902382.1883917,2,3,230,0.9091644287109375,0.5283135771751404,0.38187170028686523,0.03125,0.03125
1760902382.383712,1,3,232,0.9447203874588013,0.5326998829841614,0.3411290645599365,0.03125,0.03125
1760902382.525473,3,3,224,0.8236401677131653,0.5388526320457458,0.3823275566101074,0.03125,0.03125
1760902382.5918102,2,3,231,0.9661924839019775,0.528439998626709,0.3636305332183838,0.03125,0.03125
1760902382.7545204,1,3,233,1.0499515533447266,0.5327755212783813,0.3035600185394287,0.03125,0.03125
1760902382.9157221,3,3,225,1.1993381977081299,0.5389071702957153,0.37424778938293457,0.03125,0.03125
1760902382.969093,2,3,232,1.001210331916809,0.5285507440567017,0.3503725528717041,0.03125,0.03125
1760902383.160445,1,3,234,1.0619193315505981,0.53291255235672,0.36135149002075195,0.03125,0.03125
1760902383.2827895,3,3,226,1.1065726280212402,0.538992702960968,0.36307191848754883,0.03125,0.03125
1760902383.3492682,2,3,233,1.1778171062469482,0.5285841822624207,0.36135292053222656,0.03125,0.03125
1760902383.4543767,1,3,235,0.9533392786979675,0.5329416990280151,0.2603721618652344,0.03125,0.03125
1760902383.5747263,3,3,227,1.222046136856079,0.538985013961792,0.2899281978607178,0.03125,0.03125
1760902383.6544726,2,3,234,0.984046220779419,0.5287407636642456,0.2521672248840332,0.03125,0.03125
1760902383.779883,1,3,236,0.9492918252944946,0.5330168604850769,0.3035309314727783,0.03125,0.03125
1760902383.9864316,3,3,228,0.7684497833251953,0.539147675037384,0.3911855220794678,0.03125,0.03125
1760902384.0590916,2,3,235,0.9931078553199768,0.5287739634513855,0.38648223876953125,0.03125,0.03125
1760902384.2183244,1,3,237,0.9466166496276855,0.533153235912323,0.36368370056152344,0.03125,0.03125
1760902384.384884,3,3,229,1.068999171257019,0.5392017364501953,0.3915736675262451,0.03125,0.03125
1760902384.4050524,2,3,236,1.0334258079528809,0.5288839936256409,0.3193325996398926,0.03125,0.03125
1760902384.5998583,1,3,238,1.0080623626708984,0.5332433581352234,0.330075740814209,0.03125,0.03125
1760902384.7716923,2,3,237,0.9424867033958435,0.528963029384613,0.3395569324493408,0.03125,0.03125
1760902384.8289232,3,3,230,0.8561831712722778,0.5393638610839844,0.3967878818511963,0.03125,0.03125
1760902384.8538806,1,3,239,1.004640817642212,0.5333486795425415,0.23244833946228027,0.03125,0.03125
1760902385.0629156,2,3,238,1.096846580505371,0.528995931148529,0.2874441146850586,0.03125,0.03125
1760902385.2047007,3,3,231,1.0438730716705322,0.5394948124885559,0.37177610397338867,0.03125,0.03125
1760902385.2552967,1,3,240,0.9108278155326843,0.5334078073501587,0.3669748306274414,0.03125,0.03125
1760902385.37135,2,3,239,0.9637758135795593,0.529120683670044,0.253277063369751,0.03125,0.03125
1760902385.532044,3,3,232,1.0424818992614746,0.539563775062561,0.32105159759521484,0.03125,0.03125
1760902385.6625643,1,3,241,1.1633236408233643,0.533420979976654,0.37218666076660156,0.03125,0.03125
1760902385.761558,2,3,240,1.2803325653076172,0.5290921926498413,0.37421536445617676,0.03125,0.03125
1760902385.884345,3,3,233,1.0661840438842773,0.5396018028259277,0.34418320655822754,0.03125,0.03125
1760902385.9926658,1,3,242,1.0702921152114868,0.5335257649421692,0.32479405403137207,0.03125,0.03125
1760902386.0882792,2,3,241,0.7848443984985352,0.5293236374855042,0.3130779266357422,0.03125,0.03125
1760902386.1865,3,3,234,1.1039552688598633,0.5397167205810547,0.28892040252685547,0.03125,0.03125
1760902386.3085155,1,3,243,0.9713934659957886,0.533660888671875,0.30213117599487305,0.03125,0.03125
1760902386.4032505,2,3,242,0.9626588821411133,0.5294171571731567,0.3129603862762451,0.03125,0.03125
1760902386.5638037,3,3,235,1.0321096181869507,0.5398007035255432,0.367612361907959,0.03125,0.03125
1760902386.7035468,1,3,244,0.9321466088294983,0.5337347388267517,0.38646936416625977,0.03125,0.03125
1760902386.7339349,2,3,243,0.7347622513771057,0.5296173095703125,0.29967522621154785,0.03125,0.03125
1760902386.806857,3,3,236,0.9329668283462524,0.5398691296577454,0.23557806015014648,0.03125,0.03125
1760902387.0864286,1,3,245,0.9687397480010986,0.5338541865348816,0.3545043468475342,0.03125,0.03125
1760902387.1712804,2,3,244,0.7774454355239868,0.5298475623130798,0.4312758445739746,0.03125,0.03125
1760902387.262899,3,3,237,1.0305845737457275,0.5399680733680725,0.4449422359466553,0.03125,0.03125
1760902387.445743,1,3,246,1.040539026260376,0.5339276790618896,0.33791327476501465,0.03125,0.03125
1760902387.4615693,2,3,245,0.8157128691673279,0.5300012230873108,0.2836122512817383,0.03125,0.03125
1760902387.5713027,3,3,238,0.8810735940933228,0.5401281714439392,0.2824530601501465,0.03125,0.03125
1760902387.7598104,2,3,246,0.9218785762786865,0.530063271522522,0.28014707565307617,0.03125,0.03125
1760902387.8324254,1,3,247,1.2020595073699951,0.5340011119842529,0.37085604667663574,0.03125,0.03125
1760902387.8863852,3,3,239,1.1126309633255005,0.5401347875595093,0.28285741806030273,0.03125,0.03125
1760902388.04839,2,3,247,1.0889568328857422,0.530201256275177,0.2643439769744873,0.03125,0.03125
1760902388.1645975,1,3,248,0.6821560263633728,0.534150242805481,0.326793909072876,0.03125,0.03125
1760902388.190719,3,3,240,0.9058308005332947,0.5402944684028625,0.23508787155151367,0.03125,0.03125
1760902388.332265,2,3,248,0.8339770436286926,0.5303692817687988,0.2250232696533203,0.03125,0.03125
1760902388.428502,1,3,249,0.8896059393882751,0.5342687964439392,0.2639045715332031,0.03125,0.03125
1760902388.4442277,3,3,241,1.140054702758789,0.5403314828872681,0.2308673858642578,0.03125,0.03125
1760902388.5642753,2,3,249,0.9492615461349487,0.5305066704750061,0.20044755935668945,0.03125,0.03125
1760902388.654665,1,3,250,1.0303890705108643,0.5343113541603088,0.21874237060546875,0.03125,0.03125
1760902388.6869862,3,3,242,0.9715732336044312,0.540337860584259,0.20043396949768066,0.03125,0.03125
1760902388.7845619,2,3,250,1.1007401943206787,0.5306438207626343,0.1802384853363037,0.03125,0.03125
1760902388.8644552,1,3,251,0.9981092214584351,0.5343992114067078,0.2057654857635498,0.03125,0.03125
1760902388.9405377,3,3,243,0.9002506732940674,0.540557861328125,0.21736550331115723,0.03125,0.03125
1760902388.9874434,2,3,251,0.9122388362884521,0.530735194683075,0.19271349906921387,0.03125,0.03125
1760902389.0789135,1,3,252,0.7848222255706787,0.5346533060073853,0.2124471664428711,0.03125,0.03125
1760902389.1300209,3,3,244,0.9316607117652893,0.5407164692878723,0.18366718292236328,0.03125,0.03125
1760902389.2992294,2,3,252,0.9227892160415649,0.530841588973999,0.30415821075439453,0.03125,0.03125
1760902389.391021,1,3,253,0.784994900226593,0.5348615646362305,0.3082551956176758,0.03125,0.03125
1760902389.4174502,3,3,245,1.0447618961334229,0.540829062461853,0.2557075023651123,0.03125,0.03125
1760902389.5791147,2,3,253,0.9320452809333801,0.531008243560791,0.24576187133789062,0.03125,0.03125
1760902389.6919374,1,3,254,1.2757384777069092,0.5349335670471191,0.3009164333343506,0.03125,0.03125
1760902389.7246788,3,3,246,1.06357741355896,0.5408653616905212,0.2660181522369385,0.03125,0.03125
1760902389.8222063,2,3,254,1.0039076805114746,0.5311594009399414,0.18544244766235352,0.03125,0.03125
1760902389.8846824,1,3,255,1.2467211484909058,0.5349752902984619,0.1894838809967041,0.03125,0.03125
1760902389.9570303,3,3,247,0.9358295798301697,0.540992796421051,0.2053077220916748,0.03125,0.03125
1760902390.0572736,2,3,255,1.0420663356781006,0.5313253998756409,0.22903847694396973,0.03125,0.03125
1760902390.114965,1,3,256,0.7777775526046753,0.535137414932251,0.2262589931488037,0.03125,0.03125
1760902390.2124507,3,3,248,1.0631194114685059,0.5410592555999756,0.2488710880279541,0.03125,0.03125
1760902390.2684405,2,3,256,1.0650274753570557,0.5314458608627319,0.20714068412780762,0.03125,0.03125
1760902390.323498,1,3,257,0.7329070568084717,0.5353745222091675,0.20353341102600098,0.03125,0.03125
1760902390.4249895,3,3,249,1.0942821502685547,0.5411255955696106,0.1784837245941162,0.03125,0.03125
1760902390.4877646,2,3,257,0.8942756056785583,0.5315811634063721,0.21328091621398926,0.03125,0.03125
1760902390.5632987,1,3,258,0.8543097376823425,0.5355209112167358,0.20961380004882812,0.03125,0.03125
1760902390.6388361,3,3,250,1.0370564460754395,0.541206955909729,0.2098238468170166,0.03125,0.03125
1760902390.7624173,2,3,258,0.723895788192749,0.5317763686180115,0.27062368392944336,0.03125,0.03125
1760902390.827019,1,3,259,0.8426499962806702,0.5356520414352417,0.26071739196777344,0.03125,0.03125
1760902390.9413157,3,3,251,1.0559210777282715,0.541318416595459,0.243818998336792,0.03125,0.03125
1760902391.038138,2,3,259,0.7637526392936707,0.5319861769676208,0.26458001136779785,0.03125,0.03125
1760902391.1772962,3,3,252,0.9798847436904907,0.5414750576019287,0.23017263412475586,0.03125,0.03125
1760902391.2079332,1,4,0,0.7325934171676636,0.5358579754829407,0.2054133415222168,0.03125,0.03125
1760902391.3984108,3,3,253,0.8427761793136597,0.5416767597198486,0.21522951126098633,0.03125,0.03125
1760902391.4263327,2,4,0,0.8094313144683838,0.5321505665779114,0.22571253776550293,0.03125,0.03125
1760902391.4490874,1,4,1,0.8906344175338745,0.535958468914032,0.23815608024597168,0.03125,0.03125
1760902391.6290255,3,3,254,1.1680653095245361,0.5417723655700684,0.2268514633178711,0.03125,0.03125
1760902391.6547596,2,4,1,1.1573539972305298,0.5321347117424011,0.22440004348754883,0.03125,0.03125
1760902391.6860912,1,4,2,0.5555360317230225,0.5362535715103149,0.2332162857055664,0.03125,0.03125
1760902391.8451154,3,3,255,0.9636298418045044,0.5418526530265808,0.21206140518188477,0.03125,0.03125
1760902391.9171062,2,4,2,0.9192809462547302,0.5322537422180176,0.2586696147918701,0.03125,0.03125
1760902391.969387,1,4,3,0.8642294406890869,0.5363984704017639,0.2783699035644531,0.03125,0.03125
1760902392.129547,3,3,256,1.2235260009765625,0.5418424606323242,0.27120256423950195,0.03125,0.03125
1760902392.173029,2,4,3,1.2407355308532715,0.5322377681732178,0.23823165893554688,0.03125,0.03125
1760902392.2432485,1,4,4,0.6827371120452881,0.5365878939628601,0.23978424072265625,0.03125,0.03125
1760902392.4080079,3,3,257,0.6890827417373657,0.5420279502868652,0.2552981376647949,0.03125,0.03125
1760902392.4390383,2,4,4,0.7343193292617798,0.5324312448501587,0.2541084289550781,0.03125,0.03125
1760902392.5313356,1,4,5,0.6852856874465942,0.5367919206619263,0.2655332088470459,0.03125,0.03125
1760902392.7088175,3,3,258,0.8135815262794495,0.542182981967926,0.2677500247955322,0.03125,0.03125
1760902392.776445,2,4,5,0.6544126272201538,0.5326690673828125,0.3303673267364502,0.03125,0.03125
1760902392.8403277,1,4,6,0.7232328057289124,0.5369955897331238,0.2690551280975342,0.03125,0.03125
1760902392.9963474,3,3,259,0.6016603112220764,0.5424128770828247,0.24956250190734863,0.03125,0.03125
1760902393.0628736,2,4,6,0.8550571799278259,0.5328617691993713,0.2818789482116699,0.03125,0.03125
1760902393.156412,1,4,7,0.832414984703064,0.5371391773223877,0.27901577949523926,0.03125,0.03125
1760902393.3195927,2,4,7,0.9983513355255127,0.5329645872116089,0.24526524543762207,0.03125,0.03125
1760902393.4003513,1,4,8,0.9233042001724243,0.5372825264930725,0.23581147193908691,0.03125,0.03125
1760902393.412654,3,4,0,0.884289026260376,0.5425372123718262,0.2283153533935547,0.03125,0.03125
1760902393.5558496,2,4,8,0.8918652534484863,0.5331267714500427,0.21822857856750488,0.03125,0.03125
1760902393.7235348,1,4,9,0.8092326521873474,0.5373958349227905,0.31670379638671875,0.03125,0.03125
1760902393.755168,3,4,1,0.8455017805099487,0.542706310749054,0.3083934783935547,0.03125,0.03125
1760902393.8434565,2,4,9,0.7881573438644409,0.5332887172698975,0.2115955352783203,0.03125,0.03125
1760902393.9600513,1,4,10,0.7189538478851318,0.5375386476516724,0.23250174522399902,0.03125,0.03125
1760902394.0409029,3,4,2,0.6911542415618896,0.5428900718688965,0.2640821933746338,0.03125,0.03125
1760902394.2124498,2,4,10,1.0140630006790161,0.5333908200263977,0.3599729537963867,0.03125,0.03125
1760902394.4006717,1,4,11,1.0426816940307617,0.537621796131134,0.434889554977417,0.03125,0.03125
1760902394.4339786,3,4,3,0.7695483565330505,0.5430285930633545,0.36188650131225586,0.03125,0.03125
1760902394.5562606,2,4,11,0.9251126050949097,0.5335521697998047,0.24692821502685547,0.03125,0.03125
1760902394.665673,1,4,12,0.9992332458496094,0.5377344489097595,0.26139330863952637,0.03125,0.03125
1760902394.70247,3,4,4,0.9947425723075867,0.5431219935417175,0.23905253410339355,0.03125,0.03125
1760902394.8014781,2,4,12,0.8232264518737793,0.5337576866149902,0.18351006507873535,0.03125,0.03125
1760902394.877582,1,4,13,0.7767094969749451,0.5379210114479065,0.21091556549072266,0.03125,0.03125
1760902394.9555335,3,4,5,0.6721869707107544,0.5433048605918884,0.22030973434448242,0.03125,0.03125
1760902395.0385897,2,4,13,0.7755390405654907,0.5339035987854004,0.22229456901550293,0.03125,0.03125
1760902395.1202617,1,4,14,0.5492327809333801,0.5381368398666382,0.2285165786743164,0.03125,0.03125
1760902395.1669047,3,4,6,0.8838357329368591,0.5434425473213196,0.2028799057006836,0.03125,0.03125
1760902395.2629447,2,4,14,0.6096091866493225,0.5341676473617554,0.22032451629638672,0.03125,0.03125
1760902395.3341422,1,4,15,0.8466143012046814,0.5383079051971436,0.20784235000610352,0.03125,0.03125
1760902395.400879,3,4,7,0.6905736327171326,0.5436694622039795,0.2070751190185547,0.03125,0.03125
1760902395.4796007,2,4,15,1.030574083328247,0.5342832803726196,0.21300768852233887,0.03125,0.03125
1760902395.540202,1,4,16,0.7469174861907959,0.5384786128997803,0.20101547241210938,0.03125,0.03125
1760902395.6207662,3,4,8,0.6430644989013672,0.5438215136528015,0.21120738983154297,0.03125,0.03125
1760902395.7024782,2,4,16,1.0294699668884277,0.5344282388687134,0.2200174331665039,0.03125,0.03125
1760902395.8163526,1,4,17,1.125694990158081,0.5385160446166992,0.2628188133239746,0.03125,0.03125
1760902395.867681,3,4,9,0.9457800984382629,0.543958306312561,0.23743963241577148,0.03125,0.03125
1760902395.9562178,2,4,17,0.9099445343017578,0.5345728993415833,0.22533249855041504,0.03125,0.03125
1760902396.0373025,1,4,18,1.00871741771698,0.5386862754821777,0.21590590476989746,0.03125,0.03125
1760902396.124161,3,4,10,0.6528071165084839,0.5442138314247131,0.23749852180480957,0.03125,0.03125
1760902396.1768115,2,4,18,0.7636234760284424,0.5347615480422974,0.21355724334716797,0.03125,0.03125
1760902396.2620578,1,4,19,1.115610122680664,0.5387529730796814,0.2197706699371338,0.03125,0.03125
1760902396.3269596,3,4,11,0.9096527099609375,0.5442906618118286,0.20279860496520996,0.03125,0.03125
1760902396.4146054,2,4,19,1.0857266187667847,0.5349351167678833,0.23053240776062012,0.03125,0.03125
1760902396.4904535,1,4,20,0.9540663361549377,0.5389373302459717,0.22635173797607422,0.03125,0.03125
1760902396.605215,3,4,12,0.7831481099128723,0.5444563031196594,0.2715590000152588,0.03125,0.03125
1760902396.7247818,2,4,20,0.9731824398040771,0.5350200533866882,0.30717897415161133,0.03125,0.03125
1760902396.8382204,1,4,21,0.9107837677001953,0.539033055305481,0.33609962463378906,0.03125,0.03125
1760902396.921058,3,4,13,0.891749382019043,0.5446364879608154,0.3089747428894043,0.03125,0.03125
1760902396.991515,2,4,21,0.7995585203170776,0.5351635813713074,0.2571296691894531,0.03125,0.03125
1760902397.107567,1,4,22,0.8559587001800537,0.5391139388084412,0.25948143005371094,0.03125,0.03125
1760902397.1500719,3,4,14,1.2009191513061523,0.5446534156799316,0.22498035430908203,0.03125,0.03125
1760902397.2787485,2,4,22,0.9725020527839661,0.5353215932846069,0.28214335441589355,0.03125,0.03125
1760902397.4551342,1,4,23,0.7524621486663818,0.5393121242523193,0.347567081451416,0.03125,0.03125
1760902397.4872198,3,4,15,0.8515722751617432,0.5447887182235718,0.312305212020874,0.03125,0.03125
1760902397.6032891,2,4,23,1.0061755180358887,0.5354793071746826,0.23477411270141602,0.03125,0.03125
1760902397.735285,1,4,24,0.7495920658111572,0.5394659638404846,0.2801508903503418,0.03125,0.03125
1760902397.7892795,3,4,16,0.8261630535125732,0.5449828505516052,0.2794349193572998,0.03125,0.03125
1760902397.8541496,2,4,24,0.9628668427467346,0.5356661081314087,0.22760534286499023,0.03125,0.03125
1760902398.016103,1,4,25,1.0447635650634766,0.5395315289497375,0.2561037540435791,0.03125,0.03125
1760902398.1568947,3,4,17,0.6521397829055786,0.5452061891555786,0.3611476421356201,0.03125,0.03125
1760902398.2373931,2,4,25,1.0740519762039185,0.5357205867767334,0.350039005279541,0.03125,0.03125
1760902398.384925,1,4,26,0.908033549785614,0.5396702289581299,0.3595552444458008,0.03125,0.03125
1760902398.4963145,3,4,18,0.7948681116104126,0.5453552603721619,0.3374013900756836,0.03125,0.03125
1760902398.528445,2,4,26,0.8874109983444214,0.5358482003211975,0.2768435478210449,0.03125,0.03125
1760902398.6509688,1,4,27,0.8868558406829834,0.5397940278053284,0.22995662689208984,0.03125,0.03125
1760902398.8147655,3,4,19,0.8052445650100708,0.5454893708229065,0.3123800754547119,0.03125,0.03125
1760902398.8462963,2,4,27,1.0535598993301392,0.535946249961853,0.27056026458740234,0.03125,0.03125
1760902398.9608288,1,4,28,0.9633585810661316,0.5398591160774231,0.2815287113189697,0.03125,0.03125
1760902399.1822515,3,4,20,1.0727202892303467,0.545475959777832,0.3359551429748535,0.03125,0.03125
1760902399.2229793,2,4,28,0.9882562160491943,0.536044180393219,0.37029218673706055,0.03125,0.03125
1760902399.38601,1,4,29,0.669417679309845,0.540040910243988,0.2827737331390381,0.03125,0.03125
1760902399.5888777,3,4,21,0.8371168375015259,0.545609712600708,0.40662622451782227,0.03125,0.03125
1760902399.642907,2,4,29,0.9825522899627686,0.5361419320106506,0.3721776008605957,0.03125,0.03125
1760902399.7908573,1,4,30,0.7753984332084656,0.5402077436447144,0.30464982986450195,0.03125,0.03125
1760902399.9729972,3,4,22,1.0008848905563354,0.5456990599632263,0.3699612617492676,0.03125,0.03125
1760902400.0233915,2,4,30,0.6872398853302002,0.5363708138465881,0.3584764003753662,0.03125,0.03125
1760902400.2286868,1,4,31,0.8213785886764526,0.5403159856796265,0.3525810241699219,0.03125,0.03125
1760902400.371813,3,4,23,1.1504610776901245,0.5457736253738403,0.3988158702850342,0.03125,0.03125
1760902400.4130166,2,4,31,1.004655361175537,0.5364534854888916,0.36762094497680664,0.03125,0.03125
1760902400.5886738,1,4,32,0.8100283145904541,0.5404531955718994,0.29990243911743164,0.03125,0.03125
1760902400.7747803,3,4,24,0.8656136989593506,0.5459360480308533,0.4029672145843506,0.03125,0.03125
1760902400.8426158,2,4,32,0.7410638332366943,0.536681592464447,0.395719051361084,0.03125,0.03125
1760902400.9938345,1,4,33,0.8805644512176514,0.5405027866363525,0.30084753036499023,0.03125,0.03125
1760902401.2124398,3,4,25,0.8050174713134766,0.5460541844367981,0.42526841163635254,0.03125,0.03125
1760902401.2917638,2,4,33,0.9458845853805542,0.536836564540863,0.40517759323120117,0.03125,0.03125
1760902401.3705099,1,4,34,0.9714178442955017,0.5405668616294861,0.3604893684387207,0.03125,0.03125
1760902401.564179,3,4,26,0.8051160573959351,0.5462014079093933,0.33437085151672363,0.03125,0.03125
1760902401.6956449,2,4,34,1.095515489578247,0.5369476675987244,0.39180660247802734,0.03125,0.03125
1760902401.7787757,1,4,35,1.0329254865646362,0.5406308174133301,0.37778329849243164,0.03125,0.03125
1760902401.8995712,3,4,27,0.7380132675170898,0.5463483333587646,0.3276233673095703,0.03125,0.03125
1760902401.9625607,2,4,35,0.987960696220398,0.5369859337806702,0.24339604377746582,0.03125,0.03125
1760902402.07909,1,4,36,0.9120769500732422,0.5406801104545593,0.24059724807739258,0.03125,0.03125
1760902402.285442,3,4,28,0.9049475193023682,0.5464657545089722,0.3786349296569824,0.03125,0.03125
1760902402.3221266,2,4,36,0.8431541919708252,0.5371401906013489,0.3240964412689209,0.03125,0.03125
1760902402.4386785,1,4,37,0.9681134223937988,0.5407728552818298,0.32781481742858887,0.03125,0.03125
1760902402.69654,2,4,37,0.7588568925857544,0.5372941493988037,0.35825610160827637,0.03125,0.03125
1760902402.8088117,3,4,29,0.7561981678009033,0.5466413497924805,0.5013329982757568,0.03125,0.03125
1760902402.8713326,1,4,38,0.6144505143165588,0.5410246849060059,0.42862677574157715,0.03125,0.03125
1760902403.0244968,2,4,38,0.8977391719818115,0.5374189019203186,0.3040590286254883,0.03125,0.03125
1760902403.1869593,3,4,30,0.5779123306274414,0.546875,0.3655965328216553,0.03125,0.03125
1760902403.252158,1,4,39,0.7887284159660339,0.5411892533302307,0.3394615650177002,0.03125,0.03125
1760902403.4358683,2,4,39,0.9098135232925415,0.5375578999519348,0.3315258026123047,0.03125,0.03125
1760902403.536308,3,4,31,0.9999465346336365,0.5469624400138855,0.33826208114624023,0.03125,0.03125
1760902403.586512,1,4,40,0.9008064270019531,0.5412812232971191,0.29845094680786133,0.03125,0.03125
1760902403.748106,2,4,40,1.06162428855896,0.5376821160316467,0.25365781784057617,0.03125,0.03125
1760902403.9491513,3,4,32,0.80146324634552,0.5471371412277222,0.4050722122192383,0.03125,0.03125
1760902403.9815104,1,4,41,0.6535857915878296,0.5415030121803284,0.3512382507324219,0.03125,0.03125
1760902404.1044343,2,4,41,0.7217129468917847,0.537921667098999,0.3211336135864258,0.03125,0.03125
1760902404.3169448,3,4,33,0.7853773832321167,0.5473405718803406,0.3354344367980957,0.03125,0.03125
1760902404.4018807,1,4,42,0.7570779323577881,0.5416666865348816,0.41338634490966797,0.03125,0.03125
1760902404.535013,2,4,42,1.1368677616119385,0.538002073764801,0.3912997245788574,0.03125,0.03125
1760902404.7329378,3,4,34,0.8079285621643066,0.5475000143051147,0.40891242027282715,0.03125,0.03125
1760902404.7667599,1,4,43,0.9733341932296753,0.5417435169219971,0.3393440246582031,0.03125,0.03125
1760902404.8971941,2,4,43,0.9046820402145386,0.5381255745887756,0.26535654067993164,0.03125,0.03125
1760902405.0854516,3,4,35,0.7285071611404419,0.5476881861686707,0.35251379013061523,0.03125,0.03125
1760902405.0874684,1,4,44,0.8644354939460754,0.5418490767478943,0.2901887893676758,0.03125,0.03125
1760902405.2598674,2,4,44,1.0499142408370972,0.5381624698638916,0.29154205322265625,0.03125,0.03125
1760902405.3919733,1,4,45,0.9457073211669922,0.541968822479248,0.296175479888916,0.03125,0.03125
1760902405.4210744,3,4,36,0.8072072267532349,0.547803521156311,0.33260369300842285,0.03125,0.03125
1760902405.511139,2,4,45,0.8890841007232666,0.5382711887359619,0.19501495361328125,0.03125,0.03125
1760902405.6976588,1,4,46,0.9864773154258728,0.5420451760292053,0.30568552017211914,0.03125,0.03125
1760902405.7287982,3,4,37,0.925830602645874,0.5478895902633667,0.2844655513763428,0.03125,0.03125
1760902405.8795145,2,4,46,0.8722257614135742,0.5384084582328796,0.2734808921813965,0.03125,0.03125
1760902406.0252619,1,4,47,0.7201614379882812,0.5423225164413452,0.3165454864501953,0.03125,0.03125
1760902406.0726848,3,4,38,0.9902311563491821,0.5479755401611328,0.3438866138458252,0.03125,0.03125
1760902406.184417,2,4,47,0.9668416976928711,0.5385023951530457,0.24239730834960938,0.03125,0.03125
1760902406.338554,1,4,48,0.9818143248558044,0.5423697233200073,0.3132920265197754,0.03125,0.03125
1760902406.423123,3,4,39,1.0440826416015625,0.5480613708496094,0.33077168464660645,0.03125,0.03125
1760902406.5178468,2,4,48,0.9573597311973572,0.5385818481445312,0.3115386962890625,0.03125,0.03125
1760902406.6156385,1,4,49,0.7283636331558228,0.5425028800964355,0.2687251567840576,0.03125,0.03125
1760902406.7130504,3,4,40,0.9881486892700195,0.5481325387954712,0.2826871871948242,0.03125,0.03125
1760902406.8532143,2,4,49,0.7855640053749084,0.5387184619903564,0.3303065299987793,0.03125,0.03125
1760902406.9935493,1,4,50,0.5901475548744202,0.542793333530426,0.36823320388793945,0.03125,0.03125
1760902407.0617847,3,4,41,0.7438112497329712,0.5483335256576538,0.3308870792388916,0.03125,0.03125
1760902407.1032956,2,4,50,1.0787442922592163,0.5387688875198364,0.2437000274658203,0.03125,0.03125
1760902407.2922206,1,4,51,1.13831627368927,0.5428399443626404,0.2649209499359131,0.03125,0.03125
1760902407.3671255,3,4,42,0.8770960569381714,0.5484620332717896,0.29967594146728516,0.03125,0.03125
1760902407.4929566,2,4,51,0.958733856678009,0.538876473903656,0.34174275398254395,0.03125,0.03125
1760902407.5729191,1,4,52,0.8365292549133301,0.5430009365081787,0.277188777923584,0.03125,0.03125
1760902407.6888132,3,4,43,0.8757315874099731,0.5485903024673462,0.31609129905700684,0.03125,0.03125
1760902407.7896216,2,4,52,0.8258317112922668,0.5389838814735413,0.2900514602661133,0.03125,0.03125
1760902407.840383,1,4,53,0.8222430944442749,0.5431472659111023,0.26154398918151855,0.03125,0.03125
1760902408.0313253,3,4,44,1.0264028310775757,0.5486751198768616,0.33124208450317383,0.03125,0.03125
1760902408.1029866,2,4,53,0.8986294269561768,0.5391196012496948,0.31235289573669434,0.03125,0.03125
1760902408.2464607,1,4,54,0.8030745983123779,0.5433076620101929,0.37802886962890625,0.03125,0.03125
1760902408.4095771,3,4,45,0.7448976039886475,0.548860490322113,0.36696505546569824,0.03125,0.03125
1760902408.4145842,2,4,54,0.8699960708618164,0.5392693877220154,0.2810184955596924,0.03125,0.03125
1760902408.5849798,1,4,55,0.8743032813072205,0.5434392094612122,0.2700340747833252,0.03125,0.03125
1760902408.743523,3,4,46,0.8369681239128113,0.5489736795425415,0.32893872261047363,0.03125,0.03125
1760902408.7770455,2,4,55,0.7370045185089111,0.5395044684410095,0.2916247844696045,0.03125,0.03125
1760902408.943507,1,4,56,0.8577802181243896,0.5435705184936523,0.2776463031768799,0.03125,0.03125
1760902409.0339062,3,4,47,0.8100130558013916,0.5491009950637817,0.29038333892822266,0.03125,0.03125
1760902409.1494277,2,4,56,0.8656113743782043,0.5395966172218323,0.3392677307128906,0.03125,0.03125
1760902409.2769895,1,4,57,0.781344473361969,0.5437158346176147,0.3219146728515625,0.03125,0.03125
1760902409.3683212,3,4,48,0.7964819669723511,0.5492424368858337,0.32294702529907227,0.03125,0.03125
1760902409.5474014,2,4,57,0.9241738319396973,0.5397313237190247,0.3712170124053955,0.03125,0.03125
1760902409.5792634,1,4,58,0.7668079137802124,0.5438893437385559,0.28975987434387207,0.03125,0.03125
1760902409.6964562,3,4,49,0.6982678771018982,0.5494409203529358,0.23159146308898926,0.03125,0.03125
1760902409.850845,2,4,58,1.1345386505126953,0.5397946834564209,0.3002433776855469,0.03125,0.03125
1760902409.8736753,1,4,59,1.0910001993179321,0.5439630746841431,0.27040863037109375,0.03125,0.03125
1760902410.0557086,3,4,50,0.7466573119163513,0.549610435962677,0.2714354991912842,0.03125,0.03125
1760902410.150114,2,4,59,1.0464982986450195,0.5398863554000854,0.29750990867614746,0.03125,0.03125
1760902410.1958008,1,4,60,0.7061623930931091,0.5441218018531799,0.2808043956756592,0.03125,0.03125
1760902410.32847,3,4,51,0.6534026265144348,0.5498654842376709,0.2569453716278076,0.03125,0.03125
1760902410.5246203,2,4,60,0.811826229095459,0.5400913953781128,0.37450623512268066,0.03125,0.03125
1760902410.5689013,1,4,61,0.6540058851242065,0.5443369746208191,0.331789493560791,0.03125,0.03125
1760902410.6814597,3,4,52,0.5674362182617188,0.5501058101654053,0.2677922248840332,0.03125,0.03125
1760902410.807639,2,4,61,0.7272599935531616,0.5402960777282715,0.2830185890197754,0.03125,0.03125
1760902410.8913205,1,4,62,0.7668826580047607,0.5444526076316833,0.2872176170349121,0.03125,0.03125
1760902410.9923754,3,4,53,0.6892699003219604,0.5503170490264893,0.2941250801086426,0.03125,0.03125
1760902411.189846,2,4,62,0.9455257654190063,0.5404011607170105,0.34699392318725586,0.03125,0.03125
1760902411.2197275,1,4,63,0.9422212839126587,0.5445963740348816,0.32234787940979004,0.03125,0.03125
1760902411.3553696,3,4,54,0.7917122840881348,0.550499439239502,0.258026123046875,0.03125,0.03125
1760902411.4652064,2,4,63,0.6959336400032043,0.5405910611152649,0.2753603458404541,0.03125,0.03125
1760902411.496612,1,4,64,1.2268129587173462,0.5445842742919922,0.25243186950683594,0.03125,0.03125
1760902411.6186743,3,4,55,0.7660127878189087,0.5506529211997986,0.20101046562194824,0.03125,0.03125
1760902411.7767384,2,4,64,0.8402152061462402,0.5407098531723022,0.31153202056884766,0.03125,0.03125
1760902411.792074,1,4,65,0.8721179962158203,0.5447134971618652,0.27159619331359863,0.03125,0.03125
1760902411.9165118,3,4,56,0.9188721179962158,0.5507919192314148,0.2025904655456543,0.03125,0.03125
1760902412.0095465,2,4,65,0.8979192972183228,0.540800154209137,0.22581768035888672,0.03125,0.03125
1760902412.0244882,1,4,66,0.8683432340621948,0.5448989272117615,0.20262765884399414,0.03125,0.03125
1760902412.1575384,3,4,57,0.6658990383148193,0.5510302782058716,0.20795798301696777,0.03125,0.03125
1760902412.3093035,2,4,66,0.8662561178207397,0.5409609079360962,0.2958235740661621,0.03125,0.03125
1760902412.344956,1,4,67,0.8357598781585693,0.5449994206428528,0.2837247848510742,0.03125,0.03125
1760902412.4469,3,4,58,1.1791200637817383,0.5510691404342651,0.2280139923095703,0.03125,0.03125
1760902412.606538,2,4,67,1.0815985202789307,0.541064977645874,0.29723453521728516,0.03125,0.03125
1760902412.640379,1,4,68,0.9079197645187378,0.5450716018676758,0.2618989944458008,0.03125,0.03125
1760902412.7578812,3,4,59,0.8799076080322266,0.5511789917945862,0.2351977825164795,0.03125,0.03125
1760902412.8675487,2,4,68,1.0168803930282593,0.5411547422409058,0.2589991092681885,0.03125,0.03125
1760902412.89171,1,4,69,0.9005767703056335,0.5452702641487122,0.22593450546264648,0.03125,0.03125
1760902412.9941185,3,4,60,0.9852859973907471,0.5513595342636108,0.18849587440490723,0.03125,0.03125
1760902413.1474955,2,4,69,0.9195719361305237,0.5412584543228149,0.2770500183105469,0.03125,0.03125
1760902413.181034,1,4,70,0.8285790681838989,0.5454264283180237,0.26204562187194824,0.03125,0.03125
1760902413.2907274,3,4,61,0.8467272520065308,0.5514689087867737,0.22818350791931152,0.03125,0.03125
1760902413.3731172,2,4,70,0.7301547527313232,0.541418194770813,0.22360801696777344,0.03125,0.03125
1760902413.5071707,1,4,71,0.9134951233863831,0.5455682277679443,0.29949498176574707,0.03125,0.03125
1760902413.6978524,3,4,62,1.0392510890960693,0.5515356063842773,0.4002523422241211,0.03125,0.03125
1760902413.730197,2,4,71,0.9900356531143188,0.541535496711731,0.3409450054168701,0.03125,0.03125
1760902413.8619397,1,4,72,1.0842372179031372,0.5456817150115967,0.24788236618041992,0.03125,0.03125
1760902414.0472791,2,4,72,0.7157890796661377,0.541708767414093,0.290966272354126,0.03125,0.03125
1760902414.1184006,3,4,63,0.8656566143035889,0.5516445636749268,0.36310577392578125,0.03125,0.03125
1760902414.2290354,1,4,73,0.7758604288101196,0.5458651185035706,0.2579329013824463,0.03125,0.03125
1760902414.4042332,2,4,73,0.9260013103485107,0.5418396592140198,0.34995508193969727,0.03125,0.03125
1760902414.5746126,3,4,64,0.7289870977401733,0.5518099665641785,0.40482163429260254,0.03125,0.03125
1760902414.6334276,1,4,74,0.9627922773361206,0.5459781289100647,0.38013291358947754,0.03125,0.03125
1760902414.7695928,2,4,74,0.8863862156867981,0.5419703125953674,0.31684279441833496,0.03125,0.03125
1760902414.8998919,3,4,65,0.6920654773712158,0.5519750118255615,0.3190193176269531,0.03125,0.03125
1760902414.933445,1,4,75,0.6759040355682373,0.5461329817771912,0.2623617649078369,0.03125,0.03125
1760902415.0676916,2,4,75,0.6448662281036377,0.5421987175941467,0.22816109657287598,0.03125,0.03125
1760902415.2156549,3,4,66,1.187490701675415,0.5520127415657043,0.315762996673584,0.03125,0.03125
1760902415.2428253,1,4,76,0.8826220631599426,0.5462175607681274,0.2805314064025879,0.03125,0.03125
1760902415.385256,2,4,76,1.0354461669921875,0.5422448515892029,0.2610204219818115,0.03125,0.03125
1760902415.512646,3,4,67,0.8244461417198181,0.5520927309989929,0.2907075881958008,0.03125,0.03125
1760902415.5360208,1,4,77,0.6028413772583008,0.5464696884155273,0.25136852264404297,0.03125,0.03125
1760902415.7300134,2,4,77,0.9446249604225159,0.5424027442932129,0.29163575172424316,0.03125,0.03125
1760902415.870075,3,4,68,0.7769802808761597,0.5522711873054504,0.35541582107543945,0.03125,0.03125
1760902415.870075,1,4,78,0.878049373626709,0.5466236472129822,0.2956874370574951,0.03125,0.03125
1760902416.0231206,2,4,78,0.8854084610939026,0.5425184369087219,0.23590779304504395,0.03125,0.03125
1760902416.2111626,3,4,69,0.8257949948310852,0.5524070858955383,0.30164456367492676,0.03125,0.03125
1760902416.2797031,1,4,79,0.8537236452102661,0.5467354655265808,0.36698246002197266,0.03125,0.03125
1760902416.3376784,2,4,79,0.7472773790359497,0.5426478981971741,0.2856943607330322,0.03125,0.03125
1760902416.4525754,3,4,70,0.8410131931304932,0.5525708794593811,0.21507978439331055,0.03125,0.03125
1760902416.5715263,1,4,80,0.9560456871986389,0.546875,0.2760336399078369,0.03125,0.03125
1760902416.691955,2,4,80,1.0190234184265137,0.5427492260932922,0.3248021602630615,0.03125,0.03125
1760902416.7786782,3,4,71,0.9340106248855591,0.5526922345161438,0.3151078224182129,0.03125,0.03125
1760902416.8693686,1,4,81,1.0730464458465576,0.5469028353691101,0.2850229740142822,0.03125,0.03125
1760902416.9646769,2,4,81,0.8369139432907104,0.5428643226623535,0.2642028331756592,0.03125,0.03125
1760902417.1033418,3,4,72,0.6605640649795532,0.5528694987297058,0.31324267387390137,0.03125,0.03125
1760902417.3044007,1,4,82,0.8194801211357117,0.547069787979126,0.4242100715637207,0.03125,0.03125
1760902417.3327742,2,4,82,0.5640266537666321,0.5430905222892761,0.3549368381500244,0.03125,0.03125
1760902417.4658177,3,4,73,0.8431369066238403,0.5530744791030884,0.2537229061126709,0.03125,0.03125
1760902417.5870247,1,4,83,0.8626118302345276,0.5471669435501099,0.2806088924407959,0.03125,0.03125
1760902417.633938,2,4,83,0.8263421654701233,0.5432189702987671,0.2696704864501953,0.03125,0.03125
1760902417.8121147,3,4,74,0.8337945938110352,0.553195059299469,0.29785728454589844,0.03125,0.03125
1760902417.9645975,1,4,84,0.889891505241394,0.5472777485847473,0.37757277488708496,0.03125,0.03125
1760902418.0190563,2,4,84,1.03307044506073,0.5433055758476257,0.3260643482208252,0.03125,0.03125
1760902418.132684,3,4,75,0.9593508839607239,0.5532733798027039,0.24585986137390137,0.03125,0.03125
1760902418.267243,1,4,85,0.663198709487915,0.5475133061408997,0.2962346076965332,0.03125,0.03125
1760902418.3624797,2,4,85,1.160642385482788,0.5433781147003174,0.32230091094970703,0.03125,0.03125
1760902418.4530332,3,4,76,0.8711056709289551,0.5534215569496155,0.30977511405944824,0.03125,0.03125
1760902418.5431025,1,4,86,0.8929807543754578,0.547609806060791,0.26952505111694336,0.03125,0.03125
1760902418.735169,2,4,86,1.0186669826507568,0.5434644222259521,0.36477088928222656,0.03125,0.03125
1760902418.7481723,3,4,77,0.6612192988395691,0.55363929271698,0.2874283790588379,0.03125,0.03125
1760902418.9436405,1,4,87,0.9351829290390015,0.5476784110069275,0.3044435977935791,0.03125,0.03125
1760902419.1423683,2,4,87,0.7567992210388184,0.54366135597229,0.4071993827819824,0.03125,0.03125
1760902419.1813388,3,4,78,0.7465730905532837,0.5538566708564758,0.38468337059020996,0.03125,0.03125
1760902419.3990843,1,4,88,0.7573485374450684,0.5478160977363586,0.3653576374053955,0.03125,0.03125
1760902419.5148258,2,4,88,1.0291235446929932,0.5437610745429993,0.367473840713501,0.03125,0.03125
1760902419.6115205,3,4,79,1.1041367053985596,0.5539759993553162,0.3970630168914795,0.03125,0.03125
1760902419.7452917,1,4,89,0.7937086820602417,0.5479950308799744,0.3421638011932373,0.03125,0.03125
1760902419.8657012,2,4,89,0.9055903553962708,0.5438606142997742,0.3336203098297119,0.03125,0.03125
1760902419.9150667,3,4,80,0.8191460967063904,0.5541369318962097,0.28049397468566895,0.03125,0.03125
1760902420.0799809,1,4,90,0.7049193978309631,0.5482012629508972,0.2702157497406006,0.03125,0.03125
1760902420.1840374,2,4,90,0.720374345779419,0.5440428853034973,0.31632065773010254,0.03125,0.03125
1760902420.2028852,3,4,81,0.8325355648994446,0.5542140007019043,0.2660350799560547,0.03125,0.03125
1760902420.3723106,1,4,91,0.9729465842247009,0.5483242869377136,0.25910258293151855,0.03125,0.03125
1760902420.5202513,2,4,91,0.7485628724098206,0.5441696047782898,0.33220791816711426,0.03125,0.03125
1760902420.5558023,3,4,82,0.8678414821624756,0.5543048977851868,0.32369565963745117,0.03125,0.03125
1760902420.7193284,1,4,92,0.7678894400596619,0.5485023260116577,0.270723819732666,0.03125,0.03125
1760902420.9115918,2,4,92,0.9797415733337402,0.544254720211029,0.3850066661834717,0.03125,0.03125
1760902420.9475188,3,4,83,0.7544807195663452,0.5544650554656982,0.36095571517944336,0.03125,0.03125
1760902421.1021352,1,4,93,0.7344520688056946,0.5487075448036194,0.3212897777557373,0.03125,0.03125
1760902421.3039403,2,4,93,0.6425477266311646,0.5444912910461426,0.38485217094421387,0.03125,0.03125
1760902421.3320653,3,4,84,0.9668551087379456,0.5545416474342346,0.3459188938140869,0.03125,0.03125
1760902421.4650795,1,4,94,0.7483103275299072,0.5488986968994141,0.26598072052001953,0.03125,0.03125
1760902421.684439,2,4,94,0.8898282647132874,0.544644832611084,0.37647151947021484,0.03125,0.03125
1760902421.711766,3,4,85,0.9483904838562012,0.5546320080757141,0.339526891708374,0.03125,0.03125
1760902421.8370652,1,4,95,0.744276762008667,0.5491169691085815,0.25871992111206055,0.03125,0.03125
1760902422.0122335,2,4,95,0.9211698770523071,0.5447705984115601,0.2833096981048584,0.03125,0.03125
1760902422.0859327,3,4,86,1.1524999141693115,0.5546389818191528,0.3570089340209961,0.03125,0.03125
1760902422.1821659,1,4,96,0.7061970829963684,0.5493211150169373,0.29798340797424316,0.03125,0.03125
1760902422.4068577,2,4,96,0.8281091451644897,0.5449098348617554,0.39159703254699707,0.03125,0.03125
1760902422.4979792,3,4,87,1.1093007326126099,0.5547290444374084,0.40268373489379883,0.03125,0.03125
1760902422.575529,1,4,97,1.0389628410339355,0.5494425296783447,0.3652670383453369,0.03125,0.03125
1760902422.7451227,2,4,97,0.9656884670257568,0.5450214147567749,0.2985494136810303,0.03125,0.03125
1760902422.873588,3,4,88,0.7601316571235657,0.5549020171165466,0.35892343521118164,0.03125,0.03125
1760902422.9496143,1,4,98,1.0068097114562988,0.5495500564575195,0.3551979064941406,0.03125,0.03125
1760902423.0571394,2,4,98,0.8231803774833679,0.5451602339744568,0.279695987701416,0.03125,0.03125
1760902423.1775815,3,4,89,0.8010064959526062,0.555060863494873,0.30000996589660645,0.03125,0.03125
1760902423.264109,1,4,99,0.9480915665626526,0.5496436357498169,0.27760958671569824,0.03125,0.03125
1760902423.4267118,2,4,99,0.9164808988571167,0.5452576875686646,0.3487992286682129,0.03125,0.03125
1760902423.5256443,3,4,90,0.8484573364257812,0.5551779270172119,0.3418447971343994,0.03125,0.03125
1760902423.6253893,1,4,100,0.9179861545562744,0.5497370958328247,0.3464212417602539,0.03125,0.03125
1760902423.7174144,2,4,100,0.6652792096138,0.5454508066177368,0.28354787826538086,0.03125,0.03125
1760902423.823751,3,4,91,0.8712953329086304,0.5552672147750854,0.2573859691619873,0.03125,0.03125
1760902423.9961767,1,4,101,0.893858015537262,0.5498166680335999,0.36435627937316895,0.03125,0.03125
1760902424.025212,2,4,101,0.887305736541748,0.5455478429794312,0.29294705390930176,0.03125,0.03125
1760902424.1672919,3,4,92,0.9389111399650574,0.5553287863731384,0.31193995475769043,0.03125,0.03125
1760902424.3720253,1,4,102,0.7673101425170898,0.5499781370162964,0.3468132019042969,0.03125,0.03125
1760902424.4110608,2,4,102,0.7416403293609619,0.545754075050354,0.3726847171783447,0.03125,0.03125
1760902424.6090875,3,4,93,0.6725164651870728,0.5555142164230347,0.3334157466888428,0.03125,0.03125
1760902424.7582808,1,4,103,0.7842953205108643,0.5501529574394226,0.3684372901916504,0.03125,0.03125
1760902424.8013382,2,4,103,0.8707389235496521,0.5459052920341492,0.3701169490814209,0.03125,0.03125
1760902424.96454,3,4,94,0.8015523552894592,0.5556442737579346,0.29688048362731934,0.03125,0.03125
1760902425.1367676,1,4,104,0.8812904357910156,0.5502729415893555,0.37848687171936035,0.03125,0.03125
1760902425.1817226,2,4,104,0.8313414454460144,0.5460562109947205,0.3594691753387451,0.03125,0.03125
1760902425.3248587,3,4,95,1.046386957168579,0.5557190775871277,0.2638363838195801,0.03125,0.03125
1760902425.5040867,1,4,105,0.9780570268630981,0.5503381490707397,0.36731910705566406,0.03125,0.03125
1760902425.551712,2,4,105,0.7372434735298157,0.5461660027503967,0.3383362293243408,0.03125,0.03125
1760902425.704334,3,4,96,0.9130328297615051,0.5557662844657898,0.26917338371276855,0.03125,0.03125
1760902425.9129658,1,4,106,0.8626735806465149,0.5504849553108215,0.40377235412597656,0.03125,0.03125
1760902425.980688,2,4,106,0.9506458044052124,0.5462892055511475,0.40148067474365234,0.03125,0.03125
1760902426.1661274,3,4,97,0.8737982511520386,0.5558683276176453,0.3715860843658447,0.03125,0.03125
1760902426.305755,1,4,107,0.8456133604049683,0.5505906939506531,0.38672780990600586,0.03125,0.03125
1760902426.3413084,2,4,107,0.9553995132446289,0.5464258790016174,0.33061671257019043,0.03125,0.03125
1760902426.499457,3,4,98,1.0011543035507202,0.55598384141922,0.2624320983886719,0.03125,0.03125
1760902426.697819,1,4,108,0.9118632078170776,0.5506962537765503,0.39206409454345703,0.03125,0.03125
1760902426.746208,2,4,108,0.9061840772628784,0.5465078353881836,0.3633604049682617,0.03125,0.03125
1760902426.9051287,3,4,99,0.8490896224975586,0.5560855269432068,0.30089616775512695,0.03125,0.03125
1760902427.1016948,1,4,109,0.9255993962287903,0.5508424043655396,0.39814186096191406,0.03125,0.03125
1760902427.1651237,2,4,109,0.8673545122146606,0.5465896725654602,0.3905003070831299,0.03125,0.03125
1760902427.212527,3,4,100,0.6749741435050964,0.5562828779220581,0.2815213203430176,0.03125,0.03125
1760902427.3654354,1,4,110,0.6498615145683289,0.5510425567626953,0.24501585960388184,0.03125,0.03125
1760902427.4303179,2,4,110,1.0505911111831665,0.5466713905334473,0.2651941776275635,0.03125,0.03125
1760902427.4927652,3,4,101,0.7220966219902039,0.5564935207366943,0.23719358444213867,0.03125,0.03125
1760902427.6656873,1,4,111,0.7765536308288574,0.5512152910232544,0.26835083961486816,0.03125,0.03125
1760902427.730032,2,4,111,0.936669111251831,0.5468342900276184,0.2932741641998291,0.03125,0.03125
1760902427.795034,3,4,102,0.8805727362632751,0.5565671324729919,0.2722663879394531,0.03125,0.03125
1760902428.027232,1,4,112,0.8557929396629333,0.5513741374015808,0.3335912227630615,0.03125,0.03125
1760902428.1057723,2,4,112,0.9412209987640381,0.5469969511032104,0.3705167770385742,0.03125,0.03125
1760902428.2490854,3,4,103,0.8291413187980652,0.5567362308502197,0.331820011138916,0.03125,0.03125
1760902428.3525708,1,4,113,0.9396821856498718,0.5514920949935913,0.32135438919067383,0.03125,0.03125
1760902428.43665,2,4,113,0.8392643332481384,0.5471457839012146,0.2926516532897949,0.03125,0.03125
1760902428.5170405,3,4,104,0.7079479694366455,0.5569050312042236,0.250535249710083,0.03125,0.03125
1760902428.6197264,1,4,114,1.0945374965667725,0.5515016317367554,0.26084303855895996,0.03125,0.03125
1760902428.7500596,2,4,114,0.7835317254066467,0.5472402572631836,0.3070080280303955,0.03125,0.03125
1760902428.8224926,3,4,105,0.8917784690856934,0.557032585144043,0.29509830474853516,0.03125,0.03125
1760902428.965622,1,4,115,0.8814695477485657,0.5515652298927307,0.3235805034637451,0.03125,0.03125
1760902429.135949,2,4,115,1.0186777114868164,0.5473210215568542,0.3769869804382324,0.03125,0.03125
1760902429.1597538,3,4,106,0.8682123422622681,0.5571327209472656,0.3184976577758789,0.03125,0.03125
1760902429.3182096,1,4,116,1.0009266138076782,0.5516421794891357,0.27053213119506836,0.03125,0.03125
1760902429.4947228,2,4,116,1.0295294523239136,0.5474286675453186,0.34398961067199707,0.03125,0.03125
1760902429.5290003,3,4,107,0.830252468585968,0.557232677936554,0.33421850204467773,0.03125,0.03125
1760902429.622204,1,4,117,0.965721845626831,0.5517460107803345,0.23190665245056152,0.03125,0.03125
1760902429.7258294,2,4,117,1.173240303993225,0.5474551916122437,0.23110651969909668,0.03125,0.03125
1760902429.8138654,3,4,108,0.9029287099838257,0.557332456111908,0.2525162696838379,0.03125,0.03125
1760902429.9314964,1,4,118,0.8443335294723511,0.5518766045570374,0.2868640422821045,0.03125,0.03125
1760902430.128084,2,4,118,0.9402990341186523,0.5476030111312866,0.39178943634033203,0.03125,0.03125
1760902430.171142,3,4,109,0.7346628904342651,0.557472825050354,0.34224438667297363,0.03125,0.03125
1760902430.27532,1,4,119,0.96733558177948,0.551953136920929,0.2461395263671875,0.03125,0.03125
1760902430.446879,2,4,119,0.7098905444145203,0.5477774739265442,0.30876636505126953,0.03125,0.03125
1760902430.4849849,3,4,110,0.9851851463317871,0.557517945766449,0.28749871253967285,0.03125,0.03125
1760902430.5681205,1,4,120,0.8198263645172119,0.5520564317703247,0.20414376258850098,0.03125,0.03125
1760902430.6885326,2,4,120,0.7597514986991882,0.5479382276535034,0.2416536808013916,0.03125,0.03125
1760902430.8770523,3,4,111,0.9945956468582153,0.5576714277267456,0.36539769172668457,0.03125,0.03125
1760902430.94214,1,4,121,0.8581604957580566,0.5521729588508606,0.3542518615722656,0.03125,0.03125
1760902431.071605,2,4,121,1.0036940574645996,0.5480583310127258,0.30190587043762207,0.03125,0.03125
1760902431.223073,3,4,112,1.0914260149002075,0.5576891899108887,0.34198665618896484,0.03125,0.03125
1760902431.2659836,1,4,122,0.9887385964393616,0.552249014377594,0.3038609027862549,0.03125,0.03125
1760902431.37185,2,4,122,1.0197372436523438,0.5481647849082947,0.24523639678955078,0.03125,0.03125
1760902431.4890394,3,4,113,0.9216485619544983,0.5578016638755798,0.2593677043914795,0.03125,0.03125
1760902431.542165,1,4,123,0.876927375793457,0.5524323582649231,0.25147008895874023,0.03125,0.03125
1760902431.6519244,2,4,123,0.7424097061157227,0.5483381748199463,0.2242264747619629,0.03125,0.03125
1760902431.865378,3,4,114,0.8309584259986877,0.5579545497894287,0.37133264541625977,0.03125,0.03125
1760902431.9903402,1,4,124,0.7265807390213013,0.5526153445243835,0.40665721893310547,0.03125,0.03125
1760902432.0600932,2,4,124,0.7924522161483765,0.5484576225280762,0.3742215633392334,0.03125,0.03125
1760902432.2285666,3,4,115,1.122918725013733,0.5579584836959839,0.35674405097961426,0.03125,0.03125
1760902432.2964787,1,4,125,0.8475344181060791,0.5527577996253967,0.2981581687927246,0.03125,0.03125
1760902432.36155,2,4,125,1.0485007762908936,0.5484696626663208,0.2893359661102295,0.03125,0.03125
1760902432.4870856,3,4,116,0.7305272221565247,0.5581244826316833,0.2384960651397705,0.03125,0.03125
1760902432.5104659,1,4,126,0.84955894947052,0.552859902381897,0.21059393882751465,0.03125,0.03125
1760902432.5913424,2,4,126,0.8261824250221252,0.548615574836731,0.20708727836608887,0.03125,0.03125
1760902432.8723755,3,4,117,1.0498665571212769,0.5581687092781067,0.3619096279144287,0.03125,0.03125
1760902432.948599,1,4,127,0.8904575109481812,0.5528815388679504,0.42112183570861816,0.03125,0.03125
1760902433.025083,2,4,127,0.8951618671417236,0.5486809611320496,0.4209713935852051,0.03125,0.03125
1760902433.2007983,3,4,118,0.9112687110900879,0.558266818523407,0.3065505027770996,0.03125,0.03125
1760902433.2434433,1,4,128,0.8278141617774963,0.5529833436012268,0.281299352645874,0.03125,0.03125
1760902433.306547,2,4,128,0.6166068911552429,0.5489333868026733,0.25023317337036133,0.03125,0.03125
1760902433.471076,3,4,119,0.768348217010498,0.5583916902542114,0.23891353607177734,0.03125,0.03125
1760902433.5465345,1,4,129,0.7713409066200256,0.5531383752822876,0.29747843742370605,0.03125,0.03125
1760902433.6187117,2,4,129,0.8228368759155273,0.5490651726722717,0.27963709831237793,0.03125,0.03125
1760902433.8016706,3,4,120,0.9629565477371216,0.5584625601768494,0.29064393043518066,0.03125,0.03125
1760902433.830277,1,4,130,0.635285496711731,0.5533465147018433,0.28374242782592773,0.03125,0.03125
1760902433.9157631,2,4,130,0.8052650690078735,0.5491567254066467,0.28128790855407715,0.03125,0.03125
1760902434.0846858,3,4,121,0.8342616558074951,0.5586138963699341,0.2558624744415283,0.03125,0.03125
1760902434.128772,1,4,131,0.8483322262763977,0.5534875988960266,0.2919623851776123,0.03125,0.03125
1760902434.1899655,2,4,131,1.2539088726043701,0.5492081046104431,0.24232935905456543,0.03125,0.03125
1760902434.3623185,3,4,122,0.7947917580604553,0.5587919354438782,0.244279146194458,0.03125,0.03125
1760902434.413902,1,4,132,0.8095868229866028,0.5536418557167053,0.2801179885864258,0.03125,0.03125
1760902434.5423276,2,4,132,1.056208848953247,0.549246072769165,0.3365037441253662,0.03125,0.03125
1760902434.6968877,3,4,123,0.9629263877868652,0.5589025020599365,0.3295929431915283,0.03125,0.03125
1760902434.7128072,1,4,133,0.7299641966819763,0.5537691712379456,0.292834997177124,0.03125,0.03125
1760902434.865062,2,4,133,0.9780717492103577,0.5493372082710266,0.24486541748046875,0.03125,0.03125
1760902435.01276,3,4,124,0.8953962922096252,0.5590128898620605,0.2787926197052002,0.03125,0.03125
1760902435.034841,1,4,134,0.762587308883667,0.5539893507957458,0.2959141731262207,0.03125,0.03125
1760902435.095656,2,4,134,0.7620565891265869,0.5494813919067383,0.208099365234375,0.03125,0.03125
1760902435.2609372,1,4,135,0.9013819098472595,0.5541161894798279,0.21580004692077637,0.03125,0.03125
1760902435.315384,3,4,125,0.7156854867935181,0.5592168569564819,0.2702467441558838,0.03125,0.03125
1760902435.3847795,2,4,135,0.7731642723083496,0.5496120452880859,0.27270030975341797,0.03125,0.03125
1760902435.5939708,1,4,136,0.8602063059806824,0.5542294979095459,0.3159661293029785,0.03125,0.03125
1760902435.6630414,3,4,126,1.0329644680023193,0.5593000054359436,0.34164953231811523,0.03125,0.03125
1760902435.7274768,2,4,136,0.8826968669891357,0.5497557520866394,0.3112804889678955,0.03125,0.03125
1760902435.8734002,1,4,137,0.7419220209121704,0.5543691515922546,0.2692711353302002,0.03125,0.03125
1760902436.0259612,3,4,127,0.866796612739563,0.5594231486320496,0.3518648147583008,0.03125,0.03125
1760902436.0985467,2,4,137,0.7485758066177368,0.5499522686004639,0.33647942543029785,0.03125,0.03125
1760902436.2296674,1,4,138,1.0532231330871582,0.5544158220291138,0.28922176361083984,0.03125,0.03125
1760902436.4280725,3,4,128,0.5961189866065979,0.5595995783805847,0.3980591297149658,0.03125,0.03125
1760902436.4617605,2,4,138,0.8824294209480286,0.5500291585922241,0.34409642219543457,0.03125,0.03125
1760902436.6207662,1,4,139,0.7791916131973267,0.554568350315094,0.3001425266265869,0.03125,0.03125
1760902436.824289,3,4,129,0.9415982961654663,0.5596955418586731,0.3942079544067383,0.03125,0.03125
1760902436.8837743,2,4,139,0.8829776644706726,0.5500794649124146,0.37465381622314453,0.03125,0.03125
1760902437.0552313,1,4,140,0.9735780954360962,0.5546676516532898,0.3397500514984131,0.03125,0.03125
1760902437.199498,3,4,130,0.7145043611526489,0.5598713755607605,0.36731529235839844,0.03125,0.03125
1760902437.2631507,2,4,140,0.9295596480369568,0.5501561164855957,0.36322808265686035,0.03125,0.03125
1760902437.4058373,1,4,141,0.9410048723220825,0.5547932386398315,0.3391563892364502,0.03125,0.03125
1760902437.5855594,3,4,131,0.8548321723937988,0.5599802732467651,0.3806023597717285,0.03125,0.03125
1760902437.627586,2,4,141,0.9277836084365845,0.5502722859382629,0.34834957122802734,0.03125,0.03125
1760902437.7477982,1,4,142,0.8398090600967407,0.5549054145812988,0.25645971298217773,0.03125,0.03125
1760902437.8871644,3,4,132,0.6888787746429443,0.5601689219474792,0.3016049861907959,0.03125,0.03125
1760902437.916016,2,4,142,0.999631404876709,0.550348699092865,0.2617349624633789,0.03125,0.03125
1760902438.0390863,1,4,143,1.0154521465301514,0.5549514293670654,0.2802889347076416,0.03125,0.03125
1760902438.218294,3,4,133,0.7403018474578857,0.5603705048561096,0.3022778034210205,0.03125,0.03125
1760902438.262582,2,4,143,0.7561650276184082,0.5505040884017944,0.32237696647644043,0.03125,0.03125
1760902438.4013944,1,4,144,0.7341762781143188,0.5551424026489258,0.2518606185913086,0.03125,0.03125
1760902438.5749474,3,4,134,0.8966900110244751,0.5604654550552368,0.346621036529541,0.03125,0.03125
1760902438.6220365,2,4,144,0.9252283573150635,0.5506461262702942,0.3358900547027588,0.03125,0.03125
1760902438.7606847,1,4,145,0.9052042961120605,0.5552144646644592,0.27615976333618164,0.03125,0.03125
1760902438.8670986,3,4,135,0.8096528053283691,0.560546875,0.2753627300262451,0.03125,0.03125
1760902438.9515667,2,4,145,0.9335721731185913,0.5508273839950562,0.2982795238494873,0.03125,0.03125
1760902439.0236452,1,4,146,0.682891845703125,0.5554049015045166,0.26296043395996094,0.03125,0.03125
1760902439.186999,3,4,136,0.7311246991157532,0.5606812834739685,0.3143801689147949,0.03125,0.03125
1760902439.3001213,2,4,146,0.7499971985816956,0.5509819984436035,0.3485546112060547,0.03125,0.03125
1760902439.3554118,1,4,147,1.0554332733154297,0.5554634928703308,0.31287074089050293,0.03125,0.03125
1760902439.5089822,3,4,137,0.6849707365036011,0.5608287453651428,0.28070640563964844,0.03125,0.03125
1760902439.5493827,2,4,147,0.7635707855224609,0.5511363744735718,0.2433154582977295,0.03125,0.03125
1760902439.6246703,1,4,148,0.6936822533607483,0.5556271076202393,0.2378530502319336,0.03125,0.03125
1760902439.8233094,3,4,138,0.9449970126152039,0.5609361529350281,0.28275322914123535,0.03125,0.03125
1760902439.8540478,2,4,148,0.8963699340820312,0.5512904524803162,0.30123114585876465,0.03125,0.03125
1760902439.9326346,1,4,149,0.9664435982704163,0.5557379126548767,0.28225255012512207,0.03125,0.03125
1760902440.14726,3,4,139,0.8352439403533936,0.5610169768333435,0.2984733581542969,0.03125,0.03125
1760902440.1961784,2,4,149,0.9630282521247864,0.5514180660247803,0.3380584716796875,0.03125,0.03125
1760902440.3341124,1,4,150,0.8820695281028748,0.5558616518974304,0.26387596130371094,0.03125,0.03125
1760902440.4216132,3,4,140,0.8595720529556274,0.5611504912376404,0.27236461639404297,0.03125,0.03125
1760902440.4786615,2,4,150,0.7828030586242676,0.5515454411506653,0.24982452392578125,0.03125,0.03125
1760902440.621029,1,4,151,0.8193669319152832,0.5559852123260498,0.2829720973968506,0.03125,0.03125
1760902440.801634,3,4,141,0.9407844543457031,0.5612045526504517,0.3740272521972656,0.03125,0.03125
1760902440.8274968,2,4,151,0.772233247756958,0.551711916923523,0.31503844261169434,0.03125,0.03125
1760902440.9624283,1,4,152,0.8491965532302856,0.5561216473579407,0.25344347953796387,0.03125,0.03125
1760902441.1812103,3,4,142,0.9475804567337036,0.5612980723381042,0.37331724166870117,0.03125,0.03125
1760902441.2451935,2,4,152,0.9065014123916626,0.551825761795044,0.38274717330932617,0.03125,0.03125
1760902441.3923194,1,4,153,0.7776187658309937,0.556231677532196,0.3368358612060547,0.03125,0.03125
1760902441.5651217,3,4,143,0.9013199210166931,0.5614046454429626,0.3777616024017334,0.03125,0.03125
1760902441.5876079,2,4,153,0.8148022294044495,0.5519655346870422,0.3280677795410156,0.03125,0.03125
1760902441.7635553,1,4,154,0.5479956865310669,0.5564330816268921,0.293071985244751,0.03125,0.03125
1760902441.946329,3,4,144,1.0009784698486328,0.561484694480896,0.3427848815917969,0.03125,0.03125
1760902441.9621878,2,4,154,0.8842142224311829,0.5520527958869934,0.3586435317993164,0.03125,0.03125
1760902442.0742385,1,4,155,0.7539322376251221,0.5565556883811951,0.22455620765686035,0.03125,0.03125
1760902442.2596562,2,4,155,0.974793553352356,0.5521007776260376,0.2765336036682129,0.03125,0.03125
1760902442.2815194,3,4,145,0.8722343444824219,0.5615777969360352,0.2993931770324707,0.03125,0.03125
1760902442.39326,1,4,156,0.6779211759567261,0.5567303895950317,0.2357933521270752,0.03125,0.03125
1760902442.5472023,2,4,156,1.028876543045044,0.5521485805511475,0.27782130241394043,0.03125,0.03125
1760902442.6015062,3,4,146,0.7852851152420044,0.5616838932037354,0.28027772903442383,0.03125,0.03125
1760902442.670766,1,4,157,0.6394742131233215,0.556891679763794,0.27073192596435547,0.03125,0.03125
1760902442.8517625,2,4,157,0.7638652324676514,0.5522615909576416,0.27947139739990234,0.03125,0.03125
1760902442.9048862,3,4,147,0.8669922351837158,0.5618292093276978,0.2912635803222656,0.03125,0.03125
1760902442.9656577,1,4,158,0.9826889038085938,0.5569745898246765,0.2607390880584717,0.03125,0.03125
1760902443.1817539,2,4,158,0.8061205744743347,0.5524004101753235,0.29671621322631836,0.03125,0.03125
1760902443.2123816,3,4,148,0.7474504113197327,0.5619875192642212,0.3014519214630127,0.03125,0.03125
1760902443.3566227,1,4,159,0.7970800399780273,0.5571354031562805,0.3582770824432373,0.03125,0.03125
1760902443.5405328,3,4,149,0.7453538179397583,0.562145471572876,0.31653618812561035,0.03125,0.03125
1760902443.6039932,2,4,159,1.071681022644043,0.5525130033493042,0.3858611583709717,0.03125,0.03125
1760902443.8098247,1,4,160,0.9821618795394897,0.5572309494018555,0.3536403179168701,0.03125,0.03125
1760902443.906553,3,4,150,0.6495552062988281,0.5622900724411011,0.3460538387298584,0.03125,0.03125
1760902443.978438,2,4,160,0.8383748531341553,0.5526254177093506,0.329359769821167,0.03125,0.03125
1760902444.1156554,1,4,161,0.7844189405441284,0.557365357875824,0.2768104076385498,0.03125,0.03125
1760902444.3231778,3,4,151,1.1532399654388428,0.5622902512550354,0.41054558753967285,0.03125,0.03125
1760902444.384856,2,4,161,0.997351884841919,0.5527245998382568,0.3708322048187256,0.03125,0.03125
1760902444.5206945,1,4,162,0.8388302326202393,0.5575254559516907,0.307558536529541,0.03125,0.03125
1760902444.707733,3,4,152,0.9472574591636658,0.5623428225517273,0.37647175788879395,0.03125,0.03125
1760902444.7475207,2,4,162,0.8807591795921326,0.5528106689453125,0.3353104591369629,0.03125,0.03125
1760902444.946335,1,4,163,0.9737028479576111,0.5575944781303406,0.32839465141296387,0.03125,0.03125
1760902445.120301,3,4,153,0.9550440311431885,0.5624215006828308,0.40956687927246094,0.03125,0.03125
1760902445.1451647,2,4,163,0.8177767395973206,0.552948534488678,0.35970067977905273,0.03125,0.03125
1760902445.334097,1,4,164,0.8762802481651306,0.5576503872871399,0.3020787239074707,0.03125,0.03125
1760902445.4626458,3,4,154,0.8495448231697083,0.5625784397125244,0.329723596572876,0.03125,0.03125
1760902445.566043,2,4,164,1.0927623510360718,0.5530083179473877,0.38350486755371094,0.03125,0.03125
1760902445.6940422,1,4,165,0.9260541200637817,0.5577321648597717,0.3509480953216553,0.03125,0.03125
1760902445.7873902,3,4,155,0.9552887678146362,0.5626437067985535,0.31109189987182617,0.03125,0.03125
1760902445.9742107,2,4,165,0.9849848747253418,0.5530939102172852,0.4031679630279541,0.03125,0.03125
1760902446.1035287,1,4,166,0.6746847629547119,0.5579173564910889,0.40444350242614746,0.03125,0.03125
1760902446.226433,3,4,156,1.0784947872161865,0.5626696944236755,0.41402196884155273,0.03125,0.03125
1760902446.3487444,2,4,166,0.7846413254737854,0.5532699823379517,0.36752867698669434,0.03125,0.03125
1760902446.4884074,1,4,167,0.802643358707428,0.5580763816833496,0.38006091117858887,0.03125,0.03125
1760902446.6076338,3,4,157,0.8068174123764038,0.562852144241333,0.373260498046875,0.03125,0.03125
1760902446.810075,2,4,167,0.8427038192749023,0.5533552169799805,0.44689393043518066,0.03125,0.03125
1760902446.8784435,1,4,168,0.9343772530555725,0.5581834316253662,0.3846304416656494,0.03125,0.03125
1760902447.0519743,3,4,158,1.0686898231506348,0.5628648996353149,0.3545699119567871,0.03125,0.03125
1760902447.2298,2,4,168,0.8414871692657471,0.55349200963974,0.4197249412536621,0.03125,0.03125
1760902447.32867,1,4,169,0.8206146955490112,0.55830317735672,0.4042680263519287,0.03125,0.03125
1760902447.4475446,3,4,159,1.0017410516738892,0.5628906488418579,0.3906235694885254,0.03125,0.03125
1760902447.656242,2,4,169,1.0446302890777588,0.5535382032394409,0.42644190788269043,0.03125,0.03125
1760902447.694058,1,4,170,0.7639524936676025,0.5584486126899719,0.35326504707336426,0.03125,0.03125
1760902447.824757,3,4,160,0.7122910022735596,0.5630724430084229,0.3482401371002197,0.03125,0.03125
1760902448.090414,2,4,170,0.867103099822998,0.5536617636680603,0.38474559783935547,0.03125,0.03125
1760902448.1196404,1,4,171,1.1075553894042969,0.5584519505500793,0.4092743396759033,0.03125,0.03125
1760902448.2661843,3,4,161,0.9123324155807495,0.5631629824638367,0.38182640075683594,0.03125,0.03125
1760902448.5070884,1,4,172,0.8053678274154663,0.5585712194442749,0.37131285667419434,0.03125,0.03125
1760902448.5363994,2,4,171,0.9930380582809448,0.5537721514701843,0.4016427993774414,0.03125,0.03125
1760902448.7132363,3,4,162,0.8212231397628784,0.5632922649383545,0.4072415828704834,0.03125,0.03125
1760902448.9743235,1,4,173,0.9211077690124512,0.5586903095245361,0.42485499382019043,0.03125,0.03125
1760902448.98585,2,4,172,0.7319095730781555,0.5538952946662903,0.43436741828918457,0.03125,0.03125
1760902449.1805637,3,4,163,0.8305062055587769,0.563434362411499,0.3138437271118164,0.03125,0.03125
1760902449.32314,1,4,174,1.0176918506622314,0.5587577223777771,0.3454101085662842,0.03125,0.03125
1760902449.3800602,2,4,173,0.8045222163200378,0.5540310740470886,0.3942101001739502,0.03125,0.03125
1760902449.5529034,3,4,164,1.0147068500518799,0.563446581363678,0.3093111515045166,0.03125,0.03125
1760902449.6447017,1,4,175,0.8685126304626465,0.558837890625,0.3215618133544922,0.03125,0.03125
1760902449.7811346,2,4,174,1.1022627353668213,0.554128110408783,0.36008667945861816,0.03125,0.03125
1760902449.8078105,3,4,165,0.8956178426742554,0.5635494589805603,0.24779748916625977,0.03125,0.03125
1760902449.879652,1,4,176,0.8028963804244995,0.5589436292648315,0.2294018268585205,0.03125,0.03125
1760902450.0148656,2,4,175,0.9665024876594543,0.5541606545448303,0.21763014793395996,0.03125,0.03125
1760902450.0902464,3,4,166,0.9095886945724487,0.5636909604072571,0.2797987461090088,0.03125,0.03125
1760902450.2085464,1,4,177,0.9363307356834412,0.5590620040893555,0.29134297370910645,0.03125,0.03125
1760902450.2898977,2,4,176,1.0958964824676514,0.5542317032814026,0.2689802646636963,0.03125,0.03125
1760902450.4200032,3,4,167,0.8713765144348145,0.5637676119804382,0.31876277923583984,0.03125,0.03125
1760902450.4966283,1,4,178,0.7623180150985718,0.5591545104980469,0.28156137466430664,0.03125,0.03125
1760902450.5920367,2,4,177,0.7730869650840759,0.5543924570083618,0.2807443141937256,0.03125,0.03125
1760902450.7815213,3,4,168,0.8663312196731567,0.5638440847396851,0.35735130310058594,0.03125,0.03125
1760902450.795716,1,4,179,1.1047898530960083,0.5592981576919556,0.2890794277191162,0.03125,0.03125
1760902450.9415994,2,4,178,0.9222513437271118,0.5544503927230835,0.27076053619384766,0.03125,0.03125
1760902451.1112306,3,4,169,0.8026503920555115,0.5639721155166626,0.32231640815734863,0.03125,0.03125
1760902451.1521103,1,4,180,0.9156376123428345,0.5594287514686584,0.3137481212615967,0.03125,0.03125
1760902451.281835,2,4,179,0.7905805110931396,0.5546106696128845,0.28769803047180176,0.03125,0.03125
1760902451.4491565,3,4,170,1.074120044708252,0.5640354156494141,0.3339204788208008,0.03125,0.03125
1760902451.4989219,1,4,181,1.0088331699371338,0.5595079660415649,0.33381152153015137,0.03125,0.03125
1760902451.5902884,2,4,180,0.928254246711731,0.5547066926956177,0.2994425296783447,0.03125,0.03125
1760902451.7603998,1,4,182,0.7446818947792053,0.5597148537635803,0.25580573081970215,0.03125,0.03125
1760902451.7841399,3,4,171,0.9652293920516968,0.5641114711761475,0.3191671371459961,0.03125,0.03125
1760902451.8880246,2,4,181,1.067765235900879,0.5547770261764526,0.294205904006958,0.03125,0.03125
1760902452.1297839,1,4,183,0.8124576210975647,0.559819221496582,0.3395857810974121,0.03125,0.03125
1760902452.161866,3,4,172,0.7448886632919312,0.564238965511322,0.36862969398498535,0.03125,0.03125
1760902452.3205974,2,4,182,0.928136944770813,0.5548727512359619,0.3136711120605469,0.03125,0.03125
1760902452.4661412,1,4,184,0.950127363204956,0.5598852038383484,0.3323531150817871,0.03125,0.03125
1760902452.4965496,3,4,173,1.0936537981033325,0.5643276572227478,0.3145270347595215,0.03125,0.03125
1760902452.6587958,2,4,183,1.1961896419525146,0.5549045205116272,0.289858341217041,0.03125,0.03125
1760902452.8373857,1,4,185,0.871807336807251,0.5600020289421082,0.3388218879699707,0.03125,0.03125
1760902452.8734748,3,4,174,0.9390238523483276,0.5644676089286804,0.363994836807251,0.03125,0.03125
1760902452.9651031,2,4,184,1.1295554637908936,0.5550127625465393,0.2114403247833252,0.03125,0.03125
1760902453.2156444,3,4,175,0.854158341884613,0.5645687580108643,0.3288600444793701,0.03125,0.03125
1760902453.314362,1,4,186,0.8838694095611572,0.5600550174713135,0.42908358573913574,0.03125,0.03125
1760902453.391624,2,4,185,1.043511152267456,0.5550315976142883,0.4220004081726074,0.03125,0.03125
1760902453.555877,3,4,176,1.1119000911712646,0.5646312832832336,0.3275790214538574,0.03125,0.03125
1760902453.6106715,1,4,187,0.8397585153579712,0.5602096915245056,0.2807152271270752,0.03125,0.03125
1760902453.6831007,2,4,186,1.0026562213897705,0.5550886392593384,0.26563358306884766,0.03125,0.03125
1760902453.8374274,3,4,177,0.8563602566719055,0.564680814743042,0.2568984031677246,0.03125,0.03125
1760902453.8970683,1,4,188,0.7669228315353394,0.5603259801864624,0.27773451805114746,0.03125,0.03125
1760902453.9921522,2,4,187,0.7625410556793213,0.5552600622177124,0.2858912944793701,0.03125,0.03125
1760902454.1633627,3,4,178,0.5400258898735046,0.564922571182251,0.32303309440612793,0.03125,0.03125
1760902454.2358391,1,4,189,0.8122832775115967,0.5604166388511658,0.33053112030029297,0.03125,0.03125
1760902454.3813968,2,4,188,0.9348496198654175,0.5553041100502014,0.3712153434753418,0.03125,0.03125
1760902454.4888356,3,4,179,0.8628237247467041,0.5649846196174622,0.32247138023376465,0.03125,0.03125
1760902454.4962277,1,4,190,0.9534223079681396,0.5604564547538757,0.24182653427124023,0.03125,0.03125
1760902454.6105375,2,4,189,0.9767428636550903,0.5553861856460571,0.18949604034423828,0.03125,0.03125
1760902454.758624,3,4,180,0.9702160358428955,0.5650593638420105,0.23345613479614258,0.03125,0.03125
1760902454.806322,1,4,191,0.7490527629852295,0.5606483221054077,0.2796294689178467,0.03125,0.03125
1760902454.949409,2,4,190,0.8252087235450745,0.5554554462432861,0.2438373565673828,0.03125,0.03125
1760902454.9974093,3,4,181,1.0729753971099854,0.565082848072052,0.2228257656097412,0.03125,0.03125
1760902455.0977252,1,4,192,0.7850702404975891,0.5607892274856567,0.25976085662841797,0.03125,0.03125
1760902455.1543584,2,4,191,0.8606582283973694,0.555600643157959,0.20093202590942383,0.03125,0.03125
1760902455.2448566,3,4,182,0.9609951972961426,0.565170168876648,0.2301795482635498,0.03125,0.03125
1760902455.323929,1,4,193,0.809542179107666,0.5609045624732971,0.220689058303833,0.03125,0.03125
1760902455.4040241,2,4,192,1.0070457458496094,0.5556442737579346,0.23251843452453613,0.03125,0.03125
1760902455.4628146,3,4,183,0.9700000286102295,0.5652828812599182,0.21447539329528809,0.03125,0.03125
1760902455.5738122,1,4,194,0.6845545768737793,0.561095654964447,0.24361705780029297,0.03125,0.03125
1760902455.7603674,2,4,193,0.8644099235534668,0.5557384490966797,0.35068774223327637,0.03125,0.03125
1760902455.8157628,3,4,184,0.8130263686180115,0.5653443932533264,0.3350043296813965,0.03125,0.03125
1760902455.9470675,1,4,195,0.7484520673751831,0.5612484812736511,0.28568458557128906,0.03125,0.03125
1760902456.1496603,2,4,194,0.9870553016662598,0.5558198094367981,0.38929295539855957,0.03125,0.03125
1760902456.1667047,3,4,185,0.8403725624084473,0.565456748008728,0.325075626373291,0.03125,0.03125
1760902456.2900772,1,4,196,0.9572206735610962,0.5612874031066895,0.21666979789733887,0.03125,0.03125
1760902456.3738694,2,4,195,1.2373108863830566,0.5558884739875793,0.22015976905822754,0.03125,0.03125
1760902456.40891,3,4,186,0.7308486700057983,0.5655816793441772,0.20578694343566895,0.03125,0.03125
1760902456.5686882,1,4,197,1.0565578937530518,0.5613388419151306,0.24712419509887695,0.03125,0.03125
1760902456.6666775,2,4,196,0.8633497953414917,0.5560075044631958,0.2851216793060303,0.03125,0.03125
1760902456.6933153,3,4,187,0.8232498168945312,0.5656428337097168,0.24234676361083984,0.03125,0.03125
1760902456.8588636,1,4,198,0.8914681077003479,0.5614784955978394,0.2693800926208496,0.03125,0.03125
1760902456.962643,2,4,197,0.7739017009735107,0.5561389327049255,0.29596543312072754,0.03125,0.03125
1760902456.9919262,3,4,188,0.9463335275650024,0.5657546520233154,0.2800471782684326,0.03125,0.03125
1760902457.1256788,1,4,199,0.7874194383621216,0.5616053342819214,0.22645139694213867,0.03125,0.03125
1760902457.3103652,2,4,198,0.7800124287605286,0.5562953948974609,0.34772229194641113,0.03125,0.03125
1760902457.3103652,3,4,189,0.9126552939414978,0.5658790469169617,0.2859830856323242,0.03125,0.03125
1760902457.4428372,1,4,200,0.740337073802948,0.5617319941520691,0.23871946334838867,0.03125,0.03125
1760902457.603138,2,4,199,0.8060413599014282,0.5564011931419373,0.26013898849487305,0.03125,0.03125
1760902457.642605,3,4,190,0.8869860768318176,0.5659270882606506,0.2985994815826416,0.03125,0.03125
1760902457.7273371,1,4,201,0.9357748031616211,0.5618458390235901,0.2685246467590332,0.03125,0.03125
1760902457.9473908,2,4,200,0.8946956396102905,0.5564942359924316,0.30478572845458984,0.03125,0.03125
1760902457.9787903,3,4,191,0.8316019773483276,0.5660130977630615,0.3361852169036865,0.03125,0.03125
1760902458.073608,1,4,202,0.8505138754844666,0.561959445476532,0.3141796588897705,0.03125,0.03125
1760902458.2655058,2,4,201,1.0392613410949707,0.5565620064735413,0.2949998378753662,0.03125,0.03125
1760902458.2905457,3,4,192,0.743507981300354,0.5661496520042419,0.30971312522888184,0.03125,0.03125
1760902458.4443822,1,4,203,0.7515166997909546,0.5620478391647339,0.2775537967681885,0.03125,0.03125
1760902458.628008,3,4,193,0.8547520041465759,0.5662226676940918,0.3052504062652588,0.03125,0.03125
1760902458.6728702,2,4,202,0.8572220802307129,0.5567302107810974,0.3501126766204834,0.03125,0.03125
1760902458.7904565,1,4,204,0.6802147626876831,0.5621737241744995,0.2609844207763672,0.03125,0.03125
1760902458.8993773,3,4,194,0.8547698855400085,0.5663588047027588,0.2693624496459961,0.03125,0.03125
1760902459.0245461,2,4,203,0.6725554466247559,0.5569106936454773,0.319195032119751,0.03125,0.03125
1760902459.1667836,1,4,205,0.9379259347915649,0.5622491836547852,0.3650214672088623,0.03125,0.03125
1760902459.2223947,3,4,195,0.6536062359809875,0.5664821267127991,0.3009481430053711,0.03125,0.03125
1760902459.2601912,2,4,204,0.8996831178665161,0.5570406913757324,0.21965718269348145,0.03125,0.03125
1760902459.4092848,1,4,206,0.8076300621032715,0.5623747110366821,0.22649598121643066,0.03125,0.03125
1760902459.4470596,3,4,196,0.9109625816345215,0.5665799379348755,0.2196512222290039,0.03125,0.03125
1760902459.4950604,2,4,205,0.9840618371963501,0.5571077466011047,0.19724321365356445,0.03125,0.03125
1760902459.6431541,1,4,207,0.9710838794708252,0.5624624490737915,0.20510363578796387,0.03125,0.03125
1760902459.7163322,3,4,197,0.7828823328018188,0.5667154788970947,0.26656675338745117,0.03125,0.03125
1760902459.7909706,2,4,206,1.02602219581604,0.557249903678894,0.24849176406860352,0.03125,0.03125
1760902459.9314077,1,4,208,0.860878050327301,0.5625750422477722,0.2651221752166748,0.03125,0.03125
1760902460.0094533,3,4,198,0.7400702238082886,0.5668382048606873,0.28381943702697754,0.03125,0.03125
1760902460.1504498,2,4,207,0.8872928619384766,0.5573667883872986,0.34336161613464355,0.03125,0.03125
1760902460.3169558,1,4,209,0.8167384266853333,0.5626875162124634,0.37389445304870605,0.03125,0.03125
1760902460.3469062,3,4,199,0.995448112487793,0.5668724775314331,0.3102726936340332,0.03125,0.03125
1760902460.4996681,2,4,208,0.6846827268600464,0.557558536529541,0.26689720153808594,0.03125,0.03125
1760902460.6809378,1,4,210,1.0081121921539307,0.5627622604370117,0.3595607280731201,0.03125,0.03125
1760902460.712531,3,4,200,0.9397696256637573,0.5669319033622742,0.3232913017272949,0.03125,0.03125
1760902460.8544729,2,4,209,0.7252594232559204,0.5577250123023987,0.27608537673950195,0.03125,0.03125
1760902461.0771995,1,4,211,0.8797361254692078,0.5628743767738342,0.3452291488647461,0.03125,0.03125
1760902461.0884883,3,4,201,1.012937307357788,0.5669912695884705,0.3544907569885254,0.03125,0.03125
1760902461.2200437,2,4,210,1.1977450847625732,0.5577787756919861,0.3162190914154053,0.03125,0.03125
1760902461.3945704,1,4,212,0.666711151599884,0.5630611777305603,0.30608201026916504,0.03125,0.03125
1760902461.5080388,3,4,202,0.716002345085144,0.5670881867408752,0.39838409423828125,0.03125,0.03125
1760902461.557174,2,4,211,0.7621831893920898,0.5578823685646057,0.3095684051513672,0.03125,0.03125
1760902461.7436948,1,4,213,0.7623939514160156,0.5632102489471436,0.31231188774108887,0.03125,0.03125
1760902461.810179,3,4,203,0.7322731018066406,0.5672352313995361,0.29012012481689453,0.03125,0.03125
1760902461.921128,2,4,212,0.9337555766105652,0.5579359531402588,0.31719040870666504,0.03125,0.03125
1760902462.0491574,1,4,214,0.9383580684661865,0.5632719397544861,0.3009655475616455,0.03125,0.03125
1760902462.1331327,3,4,204,0.8655315041542053,0.5673192739486694,0.3144056797027588,0.03125,0.03125
1760902462.2867334,2,4,213,0.950941801071167,0.5579769611358643,0.35561037063598633,0.03125,0.03125
1760902462.337784,1,4,215,0.9366066455841064,0.5634081363677979,0.282576322555542,0.03125,0.03125
1760902462.4108994,3,4,205,0.7308024168014526,0.5674282908439636,0.2691323757171631,0.03125,0.03125
1760902462.518003,2,4,214,1.0293633937835693,0.5580677390098572,0.21195006370544434,0.03125,0.03125
1760902462.5490067,1,4,216,1.0831336975097656,0.5635316967964172,0.20518231391906738,0.03125,0.03125
1760902462.6189327,3,4,206,0.8023175001144409,0.5675496459007263,0.19968867301940918,0.03125,0.03125
1760902462.8851695,1,4,217,0.9741831421852112,0.5635930299758911,0.3314082622528076,0.03125,0.03125
1760902462.951604,2,4,215,1.216526746749878,0.5580090284347534,0.4109928607940674,0.03125,0.03125
1760902463.011195,3,4,207,0.8939372897148132,0.5676206946372986,0.39226222038269043,0.03125,0.03125
1760902463.1472883,1,4,218,0.7658448219299316,0.5637162327766418,0.24085640907287598,0.03125,0.03125
1760902463.1972597,2,4,216,0.9168389439582825,0.5581244826316833,0.24141836166381836,0.03125,0.03125
1760902463.2740045,3,4,208,0.9309461116790771,0.5676916241645813,0.23044228553771973,0.03125,0.03125
1760902463.5457923,1,4,219,0.7427657246589661,0.5638392567634583,0.3754265308380127,0.03125,0.03125
1760902463.6091971,2,4,217,0.8827031850814819,0.5582025051116943,0.4025306701660156,0.03125,0.03125
1760902463.7134693,3,4,209,1.0583659410476685,0.5677124857902527,0.43422842025756836,0.03125,0.03125
1760902463.8878713,1,4,220,0.8355733156204224,0.5639497637748718,0.31137537956237793,0.03125,0.03125
1760902463.9147787,2,4,218,0.991996169090271,0.558292806148529,0.29147958755493164,0.03125,0.03125
1760902464.005318,3,4,210,0.9603390693664551,0.5677458047866821,0.2869753837585449,0.03125,0.03125
1760902464.1413243,2,4,219,1.018634557723999,0.5583581328392029,0.22209858894348145,0.03125,0.03125
1760902464.1500413,1,4,221,0.8502652645111084,0.5640352368354797,0.23526263236999512,0.03125,0.03125
1760902464.263335,3,4,211,0.761132001876831,0.5678289532661438,0.1987450122833252,0.03125,0.03125
1760902464.4155061,1,4,222,0.6588727831840515,0.5641825199127197,0.24758172035217285,0.03125,0.03125
1760902464.4373991,2,4,220,0.8105450868606567,0.5584481358528137,0.272416353225708,0.03125,0.03125
1760902464.5272057,3,4,212,0.8230733275413513,0.5679868459701538,0.23609232902526855,0.03125,0.03125
1760902464.7448618,1,4,223,0.6176174879074097,0.5643665790557861,0.3074626922607422,0.03125,0.03125
1760902464.7812214,2,4,221,1.0115585327148438,0.5585008859634399,0.32820701599121094,0.03125,0.03125
1760902464.8995752,3,4,213,0.8242065906524658,0.5680946111679077,0.3564596176147461,0.03125,0.03125
1760902465.1124198,2,4,222,0.8325486183166504,0.5585906505584717,0.3241763114929199,0.03125,0.03125
1760902465.15865,1,4,224,0.7650855779647827,0.5644763112068176,0.37141966819763184,0.03125,0.03125
1760902465.2982678,3,4,214,0.8852135539054871,0.5681897401809692,0.2831156253814697,0.03125,0.03125
1760902465.5103302,2,4,223,1.2644829750061035,0.55859375,0.39435815811157227,0.03125,0.03125
1760902465.5341845,1,4,225,0.9411922693252563,0.564536452293396,0.33772826194763184,0.03125,0.03125
1760902465.7577388,3,4,215,1.0018374919891357,0.5682598352432251,0.3416121006011963,0.03125,0.03125
1760902465.866104,2,4,224,0.5678954124450684,0.558806836605072,0.3557736873626709,0.03125,0.03125
1760902465.9120045,1,4,226,0.9208431243896484,0.5646211504936218,0.32483911514282227,0.03125,0.03125
1760902466.0406377,3,4,216,0.7486749887466431,0.5683795809745789,0.26602649688720703,0.03125,0.03125
1760902466.2456746,2,4,225,1.1522643566131592,0.5588714480400085,0.3763906955718994,0.03125,0.03125
1760902466.2901986,1,4,227,0.8986870050430298,0.5646933913230896,0.3586893081665039,0.03125,0.03125
1760902466.4734206,3,4,217,0.8833982944488525,0.5684990882873535,0.3250749111175537,0.03125,0.03125
1760902466.6203551,2,4,226,1.0247890949249268,0.5589606165885925,0.3589451313018799,0.03125,0.03125
1760902466.6370518,1,4,228,0.848344087600708,0.5648271441459656,0.33131980895996094,0.03125,0.03125
1760902466.808771,3,4,218,0.8729224801063538,0.5686184763908386,0.2846956253051758,0.03125,0.03125
1760902467.0140753,2,4,227,0.8329631090164185,0.5590866804122925,0.3897221088409424,0.03125,0.03125
1760902467.0373158,1,4,229,0.9471902847290039,0.5648990869522095,0.35646510124206543,0.03125,0.03125
1760902467.2339396,3,4,219,1.1886738538742065,0.5685887932777405,0.3325042724609375,0.03125,0.03125
1760902467.410499,2,4,228,0.9326604604721069,0.5591632127761841,0.3964238166809082,0.03125,0.03125
1760902467.4981704,1,4,230,0.8527157306671143,0.5649709701538086,0.42685747146606445,0.03125,0.03125
1760902467.6423802,3,4,220,0.9592591524124146,0.5686211585998535,0.3564319610595703,0.03125,0.03125
1760902467.8315585,2,4,229,0.8506414890289307,0.5593011975288391,0.4143855571746826,0.03125,0.03125
1760902467.8387702,1,4,231,0.8099609613418579,0.5650672912597656,0.3114588260650635,0.03125,0.03125
1760902468.0248811,3,4,221,0.9596964716911316,0.5687277317047119,0.29829859733581543,0.03125,0.03125
1760902468.2385602,2,4,230,1.0544517040252686,0.5593405961990356,0.3673579692840576,0.03125,0.03125
1760902468.252615,1,4,232,0.6545720100402832,0.5652371644973755,0.37941598892211914,0.03125,0.03125
1760902468.4149172,3,4,222,0.8622700572013855,0.5688217282295227,0.27495646476745605,0.03125,0.03125
1760902468.60372,2,4,231,0.6722668409347534,0.5595027804374695,0.3577287197113037,0.03125,0.03125
1760902468.6258047,1,4,233,0.9281771183013916,0.5653453469276428,0.32616519927978516,0.03125,0.03125
1760902468.809776,3,4,223,0.8572573661804199,0.5688785314559937,0.29311370849609375,0.03125,0.03125
1760902468.978514,2,4,232,0.9616756439208984,0.5596278309822083,0.3591480255126953,0.03125,0.03125
1760902469.0103443,1,4,234,0.7119665145874023,0.5655269622802734,0.3356320858001709,0.03125,0.03125
1760902469.1916587,3,4,224,0.8732271790504456,0.5689723491668701,0.30986547470092773,0.03125,0.03125
1760902469.3399656,2,4,233,0.7993598580360413,0.5597650408744812,0.3614516258239746,0.03125,0.03125
1760902469.3729618,1,4,235,0.8368954658508301,0.5656225681304932,0.3153049945831299,0.03125,0.03125
1760902469.5330896,3,4,225,0.7570709586143494,0.5690659284591675,0.2888650894165039,0.03125,0.03125
1760902469.6972365,2,4,234,0.6004456877708435,0.5599632263183594,0.3542792797088623,0.03125,0.03125
1760902469.7097943,1,4,236,0.7262290716171265,0.5657791495323181,0.2938058376312256,0.03125,0.03125
1760902469.8777404,3,4,226,0.9676923155784607,0.5690977573394775,0.27175235748291016,0.03125,0.03125
1760902470.0994735,2,4,235,0.8199737071990967,0.5600998997688293,0.4022369384765625,0.03125,0.03125
1760902470.1657593,1,4,237,0.8741018772125244,0.5659233331680298,0.4038257598876953,0.03125,0.03125
1760902470.3759594,3,4,227,0.7787051796913147,0.5692404508590698,0.40731167793273926,0.03125,0.03125
1760902470.5462234,2,4,236,1.201738715171814,0.5601752400398254,0.4437565803527832,0.03125,0.03125
1760902470.6187887,1,4,238,1.020261287689209,0.5660184025764465,0.4151151180267334,0.03125,0.03125
1760902470.792525,3,4,228,0.9825181365013123,0.5693089962005615,0.3632979393005371,0.03125,0.03125
1760902470.872256,2,4,237,0.9187135696411133,0.5602748394012451,0.3207104206085205,0.03125,0.03125
1760902470.9760485,1,4,239,0.7555888891220093,0.5661865472793579,0.32874345779418945,0.03125,0.03125
1760902471.055499,3,4,229,1.0554147958755493,0.569328248500824,0.2533743381500244,0.03125,0.03125
1760902471.1501708,2,4,238,0.8242789506912231,0.5603743195533752,0.2588679790496826,0.03125,0.03125
1760902471.2465672,1,4,240,0.7552683353424072,0.566269040107727,0.26581668853759766,0.03125,0.03125
1760902471.3613741,3,4,230,1.054542064666748,0.5693474411964417,0.2925760746002197,0.03125,0.03125
1760902471.4764118,2,4,239,1.0085532665252686,0.560412585735321,0.29795145988464355,0.03125,0.03125
1760902471.573321,1,4,241,0.9473426938056946,0.5663391947746277,0.3115217685699463,0.03125,0.03125
1760902471.7024715,3,4,231,0.9555311799049377,0.5694280862808228,0.33365321159362793,0.03125,0.03125
1760902471.8703954,2,4,240,0.966467559337616,0.5605118274688721,0.3853428363800049,0.03125,0.03125
1760902471.9203775,1,4,242,0.8471959829330444,0.566457986831665,0.31549596786499023,0.03125,0.03125
1760902472.0573587,3,4,232,0.9636448621749878,0.5694962739944458,0.2718672752380371,0.03125,0.03125
1760902472.278969,2,4,241,0.8997860550880432,0.5605986714363098,0.3945026397705078,0.03125,0.03125
1760902472.3052628,1,4,243,1.1018750667572021,0.566491425037384,0.35263848304748535,0.03125,0.03125
1760902472.431117,3,4,233,0.8107481002807617,0.5695888996124268,0.36033082008361816,0.03125,0.03125
1760902472.6231053,2,4,242,0.8652632236480713,0.560685396194458,0.3092362880706787,0.03125,0.03125
1760902472.6790729,1,4,244,1.1725125312805176,0.5665248036384583,0.36318182945251465,0.03125,0.03125
1760902472.7437532,3,4,234,0.8254909515380859,0.5696936249732971,0.3084704875946045,0.03125,0.03125
1760902472.8610365,2,4,243,0.8219624757766724,0.5607841610908508,0.22794294357299805,0.03125,0.03125
1760902472.9187465,1,4,245,0.7375910878181458,0.5666431784629822,0.231644868850708,0.03125,0.03125
1760902472.9976814,3,4,235,0.7688211798667908,0.5697981715202332,0.21680378913879395,0.03125,0.03125
1760902473.1357825,2,4,244,0.8813707828521729,0.5609192848205566,0.26918458938598633,0.03125,0.03125
1760902473.2446964,1,4,246,0.8426663875579834,0.566773533821106,0.3104405403137207,0.03125,0.03125
1760902473.4153488,3,4,236,0.8343427181243896,0.5699393153190613,0.4010918140411377,0.03125,0.03125
1760902473.4362605,2,4,245,0.9215985536575317,0.5609812140464783,0.2672457695007324,0.03125,0.03125
1760902473.5926032,1,4,247,0.7212069630622864,0.5669036507606506,0.25562596321105957,0.03125,0.03125
1760902473.7617025,3,4,237,0.8606681823730469,0.5700435042381287,0.34635376930236816,0.03125,0.03125
1760902473.7757416,2,4,246,0.9407426118850708,0.5610309839248657,0.29674386978149414,0.03125,0.03125
1760902473.9070098,1,4,248,0.9446892142295837,0.5669487118721008,0.24676251411437988,0.03125,0.03125
1760902474.1819983,2,4,247,1.0248140096664429,0.5610927939414978,0.39031314849853516,0.03125,0.03125
1760902474.2682412,3,4,238,0.829734206199646,0.5700864791870117,0.47655606269836426,0.03125,0.03125
1760902474.3461351,1,4,249,0.8321774005889893,0.5670300126075745,0.43711352348327637,0.03125,0.03125
1760902474.475891,2,4,248,1.0239338874816895,0.5611423850059509,0.2626349925994873,0.03125,0.03125
1760902474.5305467,3,4,239,0.9314449429512024,0.570202648639679,0.2515592575073242,0.03125,0.03125
1760902474.5879776,1,4,250,0.7376564741134644,0.5671717524528503,0.21967458724975586,0.03125,0.03125
1760902474.7331667,2,4,249,0.8832952380180359,0.5612403154373169,0.2242288589477539,0.03125,0.03125
1760902474.8101132,3,4,240,0.7848071455955505,0.570281982421875,0.2734847068786621,0.03125,0.03125
1760902474.8702533,1,4,251,0.9365800023078918,0.5671802163124084,0.24617695808410645,0.03125,0.03125
1760902475.0653734,2,4,250,0.9784485101699829,0.5612897276878357,0.29911279678344727,0.03125,0.03125
1760902475.1924055,3,4,241,0.8809808492660522,0.5704221725463867,0.3822922706604004,0.03125,0.03125
1760902475.324672,1,4,252,0.7733298540115356,0.567309558391571,0.4128541946411133,0.03125,0.03125
1760902475.43644,2,4,251,0.8770545721054077,0.5613511204719543,0.36256933212280273,0.03125,0.03125
1760902475.5194309,3,4,242,0.8873525857925415,0.570537805557251,0.31916284561157227,0.03125,0.03125
1760902475.5561793,1,4,253,0.9889050722122192,0.5674145221710205,0.22237801551818848,0.03125,0.03125
1760902475.6863377,2,4,252,0.9339168071746826,0.5614728331565857,0.2236177921295166,0.03125,0.03125
1760902475.8565521,3,4,243,0.7959911823272705,0.5706775784492493,0.32975268363952637,0.03125,0.03125
1760902475.9276946,1,4,254,1.0140810012817383,0.567483127117157,0.3395521640777588,0.03125,0.03125
1760902476.0032053,2,4,253,0.8212124705314636,0.5616306066513062,0.30078125,0.03125,0.03125
1760902476.2348306,3,4,244,0.9227608442306519,0.5707076787948608,0.3438537120819092,0.03125,0.03125
1760902476.3081632,1,4,255,0.7919825911521912,0.5675636529922485,0.37338924407958984,0.03125,0.03125
1760902476.4374607,2,4,254,0.9460602402687073,0.5616915822029114,0.38939642906188965,0.03125,0.03125
1760902476.5733051,3,4,245,0.9451273083686829,0.5707741975784302,0.31271886825561523,0.03125,0.03125
1760902476.5865371,1,4,256,0.7850708961486816,0.5676802396774292,0.26999497413635254,0.03125,0.03125
1760902476.7129354,2,4,255,0.7018170356750488,0.5618248581886292,0.21791362762451172,0.03125,0.03125
1760902476.9629805,3,4,246,0.7861061096191406,0.5708891749382019,0.3606231212615967,0.03125,0.03125
1760902477.0166593,1,4,257,0.8809561729431152,0.5677604675292969,0.41430187225341797,0.03125,0.03125
1760902477.1814895,2,4,256,0.9293674230575562,0.5618855953216553,0.3221395015716553,0.03125,0.03125
1760902477.3417406,3,4,247,0.8815844058990479,0.5709554553031921,0.3660111427307129,0.03125,0.03125
1760902477.3961902,1,4,258,0.824583888053894,0.567864716053009,0.3373725414276123,0.03125,0.03125
1760902477.521547,2,4,257,0.8225932717323303,0.5620425939559937,0.27050185203552246,0.03125,0.03125
1760902477.6515777,3,4,248,0.9797543287277222,0.5709973573684692,0.30034899711608887,0.03125,0.03125
1760902477.7169526,1,4,259,0.858234703540802,0.5679687261581421,0.299121618270874,0.03125,0.03125
1760902477.8422225,2,4,258,1.1169943809509277,0.5621271133422852,0.26082921028137207,0.03125,0.03125
1760902477.941319,3,4,249,1.1702134609222412,0.5710271596908569,0.2853422164916992,0.03125,0.03125
1760902478.1035328,2,4,259,1.0254771709442139,0.5621874928474426,0.2512521743774414,0.03125,0.03125
1760902478.2645304,3,4,250,1.1250214576721191,0.5710205435752869,0.30239391326904297,0.03125,0.03125
1760902478.6022415,3,4,251,1.0231785774230957,0.5710623264312744,0.33471226692199707,0.03125,0.03125
1760902478.8615146,3,4,252,0.928107500076294,0.5711523294448853,0.2568395137786865,0.03125,0.03125
1760902479.1941383,3,4,253,0.7167634963989258,0.5712543725967407,0.3286004066467285,0.03125,0.03125
1760902479.4621885,3,4,254,0.8730729818344116,0.5713923573493958,0.25995898246765137,0.03125,0.03125
1760902479.7723827,3,4,255,1.1230218410491943,0.5713975429534912,0.2923007011413574,0.03125,0.03125
1760902480.0408125,3,4,256,0.9152861833572388,0.5714750289916992,0.26343250274658203,0.03125,0.03125
1760902480.3068278,3,4,257,0.8077604174613953,0.5715885162353516,0.26601529121398926,0.03125,0.03125
1760902480.6027124,3,4,258,0.677381694316864,0.5717619061470032,0.2795431613922119,0.03125,0.03125
1760902480.828871,3,4,259,0.8217663168907166,0.5718749761581421,0.22615861892700195,0.03125,0.03125
